# Blender 5.1.2
# www.blender.org
o plastic_monobloc_chair_01
v 0.000000 0.833116 -0.299702
v 0.000000 0.833116 -0.299702
v 0.000000 0.833116 -0.299702
v 0.000000 0.833116 -0.299702
v 0.000000 0.879822 -0.321979
v 0.000000 0.879822 -0.321979
v 0.000000 0.879822 -0.321979
v 0.000000 0.879822 -0.321979
v 0.000000 0.825525 -0.299881
v 0.000000 0.825525 -0.299881
v 0.000000 0.825525 -0.299881
v 0.000000 0.756809 -0.283216
v 0.000000 0.689795 -0.271501
v 0.000000 0.626010 -0.263077
v 0.000000 0.565704 -0.253365
v 0.000000 0.868988 -0.335951
v 0.000000 0.868988 -0.335951
v 0.000000 0.868988 -0.335951
v 0.000000 0.868988 -0.335951
v 0.000000 0.516964 -0.244109
v 0.000000 0.390735 0.288631
v 0.000000 0.390735 0.288631
v 0.000000 0.452775 0.276346
v 0.000000 0.452775 0.276346
v 0.000000 0.448077 0.189987
v 0.000000 0.445864 0.118011
v 0.000000 0.449225 -0.178122
v 0.000000 0.449225 -0.178122
v 0.000000 0.462226 -0.223468
v 0.000000 0.443040 -0.116607
v 0.000000 0.791075 -0.291150
v 0.000000 0.657596 -0.267239
v 0.000000 0.722939 -0.276698
v 0.000000 0.449828 0.239557
v 0.000000 0.420006 0.282835
v 0.000000 0.444302 0.036100
v 0.034213 0.831757 -0.298441
v 0.034213 0.831757 -0.298441
v 0.029487 0.878813 -0.321011
v 0.029487 0.878813 -0.321011
v 0.289808 0.673872 0.053927
v 0.289808 0.673872 0.053927
v 0.246585 0.668099 0.053927
v 0.246585 0.668099 0.053927
v 0.289622 0.675494 -0.027230
v 0.289622 0.675494 -0.027230
v 0.246787 0.669627 -0.026322
v 0.246787 0.669627 -0.026322
v 0.288493 0.686331 -0.087928
v 0.288493 0.686331 -0.087928
v 0.285280 0.711085 -0.137581
v 0.285280 0.711085 -0.137581
v 0.275559 0.744043 -0.182166
v 0.275559 0.744043 -0.182166
v 0.255850 0.777626 -0.220317
v 0.255850 0.777626 -0.220317
v 0.114799 0.865578 -0.308516
v 0.114799 0.865578 -0.308516
v 0.074197 0.874453 -0.316929
v 0.074197 0.874453 -0.316929
v 0.066660 0.827863 -0.294719
v 0.066660 0.827863 -0.294719
v 0.100614 0.820275 -0.286159
v 0.100614 0.820275 -0.286159
v 0.226592 0.752968 -0.202728
v 0.226592 0.752968 -0.202728
v 0.242036 0.727730 -0.168742
v 0.242036 0.727730 -0.168742
v 0.247536 0.700661 -0.128036
v 0.247536 0.700661 -0.128036
v 0.247665 0.679426 -0.082679
v 0.247665 0.679426 -0.082679
v 0.320931 0.009398 0.253758
v 0.320931 0.009398 0.253758
v 0.320931 0.009398 0.253758
v 0.320931 0.009398 0.253758
v 0.278600 0.030634 0.253758
v 0.278600 0.030634 0.253758
v 0.278600 0.030634 0.253758
v 0.242879 0.469173 0.178737
v 0.242879 0.469173 0.178737
v 0.242879 0.469173 0.178737
v 0.242879 0.469173 0.178737
v 0.298927 0.485819 0.175833
v 0.298927 0.485819 0.175833
v 0.245628 0.618526 0.099688
v 0.245628 0.618526 0.099688
v 0.245628 0.618526 0.099688
v 0.242068 0.469048 0.142597
v 0.242068 0.469048 0.142597
v 0.242068 0.469048 0.142597
v 0.242068 0.469048 0.142597
v 0.245515 0.610025 0.155419
v 0.245515 0.610025 0.155419
v 0.292459 0.618642 0.154688
v 0.292459 0.618642 0.154688
v 0.245407 0.603798 0.108453
v 0.245407 0.603798 0.108453
v 0.042299 0.823972 -0.298347
v 0.042299 0.823972 -0.298347
v 0.042299 0.823972 -0.298347
v 0.042299 0.823972 -0.298347
v 0.245914 0.631729 0.055055
v 0.245914 0.631729 0.055055
v 0.246227 0.638145 -0.026322
v 0.246227 0.638145 -0.026322
v 0.066778 0.820453 -0.294683
v 0.066778 0.820453 -0.294683
v 0.107304 0.811267 -0.284201
v 0.107304 0.811267 -0.284201
v 0.107304 0.811267 -0.284201
v 0.107304 0.811267 -0.284201
v 0.226767 0.742891 -0.202958
v 0.226767 0.742891 -0.202958
v 0.242036 0.714194 -0.168742
v 0.242036 0.714194 -0.168742
v 0.247536 0.682301 -0.128036
v 0.247536 0.682301 -0.128036
v 0.247554 0.653864 -0.082679
v 0.247554 0.653864 -0.082679
v 0.155321 0.852024 -0.295336
v 0.155321 0.852024 -0.295336
v 0.140332 0.808477 -0.271619
v 0.140332 0.808477 -0.271619
v 0.143678 0.800352 -0.270641
v 0.143678 0.800352 -0.270641
v 0.143678 0.800352 -0.270641
v 0.143678 0.800352 -0.270641
v 0.090413 0.815872 -0.289591
v 0.090413 0.815872 -0.289591
v 0.090413 0.815872 -0.289591
v 0.090413 0.815872 -0.289591
v 0.026895 0.824823 -0.299194
v 0.026895 0.824823 -0.299194
v 0.026895 0.824823 -0.299194
v 0.026895 0.824823 -0.299194
v 0.039589 0.755661 -0.281203
v 0.039589 0.755661 -0.281203
v 0.058906 0.752585 -0.277921
v 0.094785 0.743727 -0.267457
v 0.094785 0.743727 -0.267457
v 0.129184 0.741594 -0.255488
v 0.129184 0.741594 -0.255488
v 0.077675 0.748479 -0.273357
v 0.077675 0.748479 -0.273357
v 0.022640 0.756273 -0.282527
v 0.022640 0.756273 -0.282527
v 0.035931 0.688316 -0.269337
v 0.035931 0.688316 -0.269337
v 0.052771 0.685149 -0.265969
v 0.085445 0.675532 -0.254803
v 0.085445 0.675532 -0.254803
v 0.116904 0.665238 -0.241563
v 0.116904 0.665238 -0.241563
v 0.069301 0.680746 -0.261295
v 0.069301 0.680746 -0.261295
v 0.019448 0.689312 -0.270798
v 0.019448 0.689312 -0.270798
v 0.034168 0.624433 -0.260763
v 0.034168 0.624433 -0.260763
v 0.051227 0.619730 -0.256938
v 0.083001 0.607851 -0.244746
v 0.083001 0.607851 -0.244746
v 0.115625 0.582822 -0.227004
v 0.115625 0.582822 -0.227004
v 0.067137 0.614030 -0.251630
v 0.067137 0.614030 -0.251630
v 0.017354 0.625650 -0.262346
v 0.017354 0.625650 -0.262346
v 0.033758 0.563908 -0.250926
v 0.033758 0.563908 -0.250926
v 0.051001 0.559335 -0.247097
v 0.084629 0.546801 -0.234262
v 0.084629 0.546801 -0.234262
v 0.118431 0.530996 -0.217638
v 0.118431 0.530996 -0.217638
v 0.068151 0.553378 -0.241342
v 0.068151 0.553378 -0.241342
v 0.017326 0.565377 -0.252615
v 0.017326 0.565377 -0.252615
v 0.029487 0.867979 -0.334982
v 0.029487 0.867979 -0.334982
v 0.289923 0.648261 0.057602
v 0.289923 0.648261 0.057602
v 0.289622 0.649653 -0.027230
v 0.289622 0.649653 -0.027230
v 0.288493 0.660490 -0.087928
v 0.288493 0.660490 -0.087928
v 0.284881 0.686865 -0.138678
v 0.284881 0.686865 -0.138678
v 0.284881 0.686865 -0.138678
v 0.273882 0.726563 -0.187970
v 0.273882 0.726563 -0.187970
v 0.255107 0.763310 -0.229252
v 0.255107 0.763310 -0.229252
v 0.114799 0.854744 -0.322488
v 0.114799 0.854744 -0.322488
v 0.074197 0.863619 -0.330900
v 0.074197 0.863619 -0.330900
v 0.291946 0.618917 0.122417
v 0.291946 0.618917 0.122417
v 0.155321 0.841190 -0.309307
v 0.155321 0.841190 -0.309307
v 0.320931 0.009398 0.232145
v 0.320931 0.009398 0.232145
v 0.298799 0.486942 0.153747
v 0.298799 0.486942 0.153747
v 0.033717 0.512199 -0.241606
v 0.033717 0.512199 -0.241606
v 0.033717 0.512199 -0.241606
v 0.033717 0.512199 -0.241606
v 0.051082 0.508857 -0.237713
v 0.085112 0.496897 -0.225602
v 0.085112 0.496897 -0.225602
v 0.085112 0.496897 -0.225602
v 0.085112 0.496897 -0.225602
v 0.120746 0.485779 -0.208817
v 0.120746 0.485779 -0.208817
v 0.069289 0.503227 -0.232452
v 0.069289 0.503227 -0.232452
v 0.069289 0.503227 -0.232452
v 0.069289 0.503227 -0.232452
v 0.017425 0.514677 -0.243451
v 0.017425 0.514677 -0.243451
v 0.017425 0.514677 -0.243451
v 0.017425 0.514677 -0.243451
v 0.302639 0.407052 0.188608
v 0.302639 0.407052 0.188608
v 0.278600 0.009398 0.291641
v 0.278600 0.009398 0.291641
v 0.278600 0.009398 0.291641
v 0.320931 -0.000005 0.253645
v 0.320931 -0.000005 0.253645
v 0.320931 -0.000005 0.253645
v 0.301100 0.009398 0.290776
v 0.301100 0.009398 0.290776
v 0.319965 0.009398 0.273163
v 0.319965 0.009398 0.273163
v 0.320931 0.001538 0.235691
v 0.320931 0.001538 0.235691
v 0.320931 0.001538 0.235691
v 0.280333 -0.000005 0.291641
v 0.280333 -0.000005 0.291641
v 0.301100 -0.000005 0.290776
v 0.301100 -0.000005 0.290776
v 0.319965 -0.000005 0.273163
v 0.319965 -0.000005 0.273163
v 0.247579 0.411471 0.188608
v 0.247579 0.411471 0.188608
v 0.302639 0.407052 0.166995
v 0.302639 0.407052 0.166995
v 0.264383 0.009398 0.291641
v 0.264383 0.009398 0.291641
v 0.264383 0.009398 0.291641
v 0.195490 0.393006 0.271404
v 0.195490 0.393006 0.271404
v 0.266716 0.001538 0.291641
v 0.266716 0.001538 0.291641
v 0.266716 0.001538 0.291641
v 0.197157 0.463239 0.196146
v 0.189899 0.462604 0.263912
v 0.189899 0.462604 0.263912
v 0.184507 0.460152 0.108619
v 0.131811 0.446552 -0.151816
v 0.131811 0.446552 -0.151816
v 0.131811 0.446552 -0.151816
v 0.131811 0.446552 -0.151816
v 0.156152 0.396094 0.277665
v 0.156152 0.396094 0.277665
v 0.025133 0.390855 0.288402
v 0.025133 0.390855 0.288402
v 0.056887 0.391363 0.287372
v 0.056887 0.391363 0.287372
v 0.091636 0.392400 0.285233
v 0.091636 0.392400 0.285233
v 0.124368 0.393923 0.282072
v 0.124368 0.393923 0.282072
v 0.138336 0.456816 0.183263
v 0.138336 0.456816 0.183263
v 0.138336 0.456816 0.183263
v 0.029883 0.448672 0.189114
v 0.029883 0.448672 0.189114
v 0.029883 0.448672 0.189114
v 0.053265 0.450350 0.187946
v 0.053265 0.450350 0.187946
v 0.053265 0.450350 0.187946
v 0.109090 0.452235 0.114434
v 0.109090 0.452235 0.114434
v 0.081664 0.450356 0.115059
v 0.051329 0.448651 0.115711
v 0.051329 0.448651 0.115711
v 0.029552 0.446946 0.116363
v 0.029552 0.446946 0.116363
v 0.156211 0.459140 0.268301
v 0.156211 0.459140 0.268301
v 0.025279 0.452918 0.276175
v 0.025279 0.452918 0.276175
v 0.057217 0.453531 0.275410
v 0.057217 0.453531 0.275410
v 0.092168 0.454785 0.273820
v 0.092168 0.454785 0.273820
v 0.125090 0.456627 0.271471
v 0.125090 0.456627 0.271471
v 0.186944 0.009398 -0.300240
v 0.186944 0.009398 -0.300240
v 0.186944 0.009398 -0.300240
v 0.186944 0.009398 -0.300240
v 0.194717 0.030634 -0.261043
v 0.194717 0.030634 -0.261043
v 0.194717 0.030634 -0.261043
v 0.175102 0.447712 -0.151816
v 0.175102 0.447712 -0.151816
v 0.175102 0.447712 -0.151816
v 0.238008 0.009398 -0.261043
v 0.238008 0.009398 -0.261043
v 0.238008 0.009398 -0.261043
v 0.238008 0.009398 -0.261043
v 0.144532 0.800244 -0.274086
v 0.144532 0.800244 -0.274086
v 0.144532 0.800244 -0.274086
v 0.144532 0.800244 -0.274086
v 0.144532 0.800244 -0.274086
v 0.129184 0.741594 -0.269016
v 0.129184 0.741594 -0.269016
v 0.116904 0.665381 -0.258505
v 0.116904 0.665381 -0.258505
v 0.114164 0.583338 -0.246348
v 0.114164 0.583338 -0.246348
v 0.114164 0.583338 -0.246348
v 0.117243 0.529127 -0.235334
v 0.117243 0.529127 -0.235334
v 0.118996 0.487073 -0.229095
v 0.118996 0.487073 -0.229095
v 0.037037 0.448252 -0.179109
v 0.037037 0.448252 -0.179109
v 0.037037 0.448252 -0.179109
v 0.037037 0.448252 -0.179109
v 0.034214 0.461273 -0.221626
v 0.034214 0.461273 -0.221626
v 0.056070 0.448301 -0.175971
v 0.056070 0.448301 -0.175971
v 0.051825 0.460111 -0.219018
v 0.095698 0.448218 -0.163891
v 0.095698 0.448218 -0.163891
v 0.095698 0.448218 -0.163891
v 0.095698 0.448218 -0.163891
v 0.090886 0.455735 -0.205664
v 0.090886 0.455735 -0.205664
v 0.125585 0.450958 -0.183595
v 0.125585 0.450958 -0.183595
v 0.076236 0.448308 -0.170853
v 0.076236 0.448308 -0.170853
v 0.076236 0.448308 -0.170853
v 0.076236 0.448308 -0.170853
v 0.070069 0.458246 -0.214579
v 0.070069 0.458246 -0.214579
v 0.018445 0.448107 -0.181198
v 0.018445 0.448107 -0.181198
v 0.018445 0.448107 -0.181198
v 0.018445 0.448107 -0.181198
v 0.017224 0.461922 -0.222951
v 0.017224 0.461922 -0.222951
v 0.121078 0.446625 -0.223383
v 0.121078 0.446625 -0.223383
v 0.188944 -0.000005 -0.299966
v 0.188944 -0.000005 -0.299966
v 0.207121 0.009398 -0.299161
v 0.207121 0.009398 -0.299161
v 0.233565 0.009398 -0.277903
v 0.233565 0.009398 -0.277903
v 0.223669 0.009398 -0.292245
v 0.223669 0.009398 -0.292245
v 0.237442 -0.000005 -0.261776
v 0.237442 -0.000005 -0.261776
v 0.207121 -0.000005 -0.299161
v 0.207121 -0.000005 -0.299161
v 0.233565 -0.000005 -0.277903
v 0.233565 -0.000005 -0.277903
v 0.223669 -0.000005 -0.292245
v 0.223669 -0.000005 -0.292245
v 0.223669 -0.000005 -0.292245
v 0.190352 0.452432 -0.085462
v 0.190352 0.452432 -0.085462
v 0.238008 0.009398 -0.246337
v 0.238008 0.009398 -0.246337
v 0.238008 0.009398 -0.246337
v 0.238008 0.009398 -0.246337
v 0.238008 0.001538 -0.250091
v 0.238008 0.001538 -0.250091
v 0.146023 0.352380 -0.176492
v 0.146023 0.352380 -0.176492
v 0.189313 0.348629 -0.176492
v 0.189313 0.348629 -0.176492
v 0.135165 0.355504 -0.234444
v 0.135165 0.355504 -0.234444
v 0.178176 0.009398 -0.298597
v 0.178176 0.009398 -0.298597
v 0.178176 0.009398 -0.298597
v 0.178176 0.009398 -0.298597
v 0.111180 0.529995 -0.237979
v 0.111180 0.529995 -0.237979
v 0.111692 0.486287 -0.231528
v 0.111692 0.486287 -0.231528
v 0.112977 0.446842 -0.229703
v 0.112977 0.446842 -0.229703
v 0.179615 0.001538 -0.298866
v 0.179615 0.001538 -0.298866
v 0.179615 0.001538 -0.298866
v 0.126209 0.355890 -0.243550
v 0.126209 0.355890 -0.243550
v 0.106983 0.447186 -0.100437
v 0.106983 0.447186 -0.100437
v 0.106983 0.447186 -0.100437
v 0.106983 0.447186 -0.100437
v 0.089947 0.446153 -0.105108
v 0.089947 0.446153 -0.105108
v 0.089947 0.446153 -0.105108
v 0.089947 0.446153 -0.105108
v 0.146379 0.449766 -0.087637
v 0.063095 0.445220 -0.108717
v 0.041283 0.444262 -0.111913
v 0.041283 0.444262 -0.111913
v 0.041283 0.444262 -0.111913
v 0.041283 0.444262 -0.111913
v 0.024479 0.443320 -0.114679
v 0.024479 0.443320 -0.114679
v 0.024479 0.443320 -0.114679
v 0.024479 0.443320 -0.114679
v 0.210267 0.465074 0.259540
v 0.210267 0.465074 0.259540
v 0.234877 0.468159 0.234957
v 0.234877 0.468159 0.234957
v 0.239709 0.408354 0.251312
v 0.314116 0.009398 0.285356
v 0.314116 0.009398 0.285356
v 0.314116 -0.000005 0.285356
v 0.314116 -0.000005 0.285356
v 0.314116 -0.000005 0.285356
v 0.233782 0.427432 0.110346
v 0.233782 0.427432 0.110346
v 0.237540 0.433659 0.123392
v 0.237540 0.433659 0.123392
v 0.289785 0.674075 0.014179
v 0.289785 0.674075 0.014179
v 0.246614 0.668293 0.014292
v 0.246614 0.668293 0.014292
v 0.247185 0.673132 -0.057783
v 0.247185 0.673132 -0.057783
v 0.289203 0.679281 -0.060596
v 0.289203 0.679281 -0.060596
v 0.287369 0.697166 -0.113334
v 0.287369 0.697166 -0.113334
v 0.281563 0.727066 -0.160582
v 0.281563 0.727066 -0.160582
v 0.266833 0.761058 -0.202143
v 0.266833 0.761058 -0.202143
v 0.243098 0.793418 -0.236613
v 0.243098 0.793418 -0.236613
v 0.211073 0.821899 -0.265138
v 0.211073 0.821899 -0.265138
v 0.135312 0.859319 -0.302477
v 0.135312 0.859319 -0.302477
v 0.156935 0.802593 -0.264152
v 0.156935 0.802593 -0.264152
v 0.186634 0.787836 -0.245768
v 0.186634 0.787836 -0.245768
v 0.214865 0.765657 -0.218657
v 0.214865 0.765657 -0.218657
v 0.235688 0.740512 -0.186322
v 0.235688 0.740512 -0.186322
v 0.245789 0.714091 -0.149197
v 0.245789 0.714091 -0.149197
v 0.247958 0.688799 -0.105803
v 0.247958 0.688799 -0.105803
v 0.313101 0.179606 0.225872
v 0.313101 0.179606 0.225872
v 0.295600 0.554297 0.164886
v 0.295600 0.554297 0.164886
v 0.289808 0.673872 0.082702
v 0.289808 0.673872 0.082702
v 0.246582 0.668096 0.082702
v 0.246582 0.668096 0.082702
v 0.244345 0.547360 0.165751
v 0.244345 0.547360 0.165751
v 0.244332 0.546583 0.126737
v 0.244332 0.546583 0.126737
v 0.245957 0.634038 0.014433
v 0.245957 0.634038 0.014433
v 0.246850 0.644457 -0.057783
v 0.246850 0.644457 -0.057783
v 0.158117 0.794049 -0.264472
v 0.158117 0.794049 -0.264472
v 0.187652 0.778525 -0.247083
v 0.187652 0.778525 -0.247083
v 0.215389 0.756203 -0.219350
v 0.215389 0.756203 -0.219350
v 0.235709 0.728958 -0.186351
v 0.235709 0.728958 -0.186351
v 0.245789 0.698413 -0.149197
v 0.245789 0.698413 -0.149197
v 0.245789 0.698413 -0.149197
v 0.247944 0.666912 -0.105803
v 0.247944 0.666912 -0.105803
v 0.245849 0.627796 0.083480
v 0.245849 0.627796 0.083480
v 0.174282 0.843723 -0.287092
v 0.174282 0.843723 -0.287092
v 0.120683 0.814599 -0.279258
v 0.120683 0.814599 -0.279258
v 0.125491 0.805809 -0.277421
v 0.125491 0.805809 -0.277421
v 0.112361 0.740331 -0.260823
v 0.041081 0.789804 -0.289343
v 0.041081 0.789804 -0.289343
v 0.062782 0.786512 -0.285905
v 0.083750 0.782213 -0.281126
v 0.083750 0.782213 -0.281126
v 0.024675 0.790470 -0.290462
v 0.024675 0.790470 -0.290462
v 0.100880 0.777549 -0.275495
v 0.100880 0.777549 -0.275495
v 0.135549 0.767676 -0.262064
v 0.135549 0.767676 -0.262064
v 0.102883 0.669555 -0.247493
v 0.122808 0.708255 -0.249103
v 0.122808 0.708255 -0.249103
v 0.114979 0.620192 -0.233590
v 0.114979 0.620192 -0.233590
v 0.100064 0.597294 -0.235945
v 0.051574 0.652086 -0.261398
v 0.067567 0.647030 -0.256432
v 0.067567 0.647030 -0.256432
v 0.018175 0.657173 -0.266523
v 0.018175 0.657173 -0.266523
v 0.083397 0.641334 -0.249719
v 0.083397 0.641334 -0.249719
v 0.034781 0.656029 -0.265004
v 0.034781 0.656029 -0.265004
v 0.101530 0.538898 -0.225950
v 0.055367 0.718727 -0.271334
v 0.072733 0.714630 -0.266804
v 0.072733 0.714630 -0.266804
v 0.037704 0.721663 -0.274586
v 0.037704 0.721663 -0.274586
v 0.020921 0.722431 -0.276004
v 0.020921 0.722431 -0.276004
v 0.089418 0.709719 -0.260601
v 0.089418 0.709719 -0.260601
v 0.289799 0.648263 0.014638
v 0.289799 0.648263 0.014638
v 0.289203 0.653440 -0.060596
v 0.289203 0.653440 -0.060596
v 0.287319 0.671528 -0.113471
v 0.287319 0.671528 -0.113471
v 0.280407 0.706120 -0.163913
v 0.280407 0.706120 -0.163913
v 0.265447 0.745572 -0.209638
v 0.265447 0.745572 -0.209638
v 0.242771 0.780380 -0.247370
v 0.242771 0.780380 -0.247370
v 0.242771 0.780380 -0.247370
v 0.211024 0.810690 -0.278561
v 0.211024 0.810690 -0.278561
v 0.135312 0.848485 -0.316448
v 0.135312 0.848485 -0.316448
v 0.135312 0.848485 -0.316448
v 0.290349 0.646274 0.091626
v 0.290349 0.646274 0.091626
v 0.174280 0.832877 -0.301045
v 0.174280 0.832877 -0.301045
v 0.313101 0.179606 0.204259
v 0.313101 0.179606 0.204259
v 0.295231 0.556989 0.140636
v 0.295231 0.556989 0.140636
v 0.103008 0.490891 -0.217021
v 0.275213 0.009398 0.291641
v 0.275213 0.009398 0.291641
v 0.191587 0.462628 0.230436
v 0.027806 0.450509 0.238483
v 0.058046 0.451655 0.237447
v 0.090135 0.453312 0.235869
v 0.122068 0.455557 0.233687
v 0.149636 0.457889 0.231522
v 0.112723 0.445971 -0.166176
v 0.112723 0.445971 -0.166176
v 0.173220 0.460809 0.266243
v 0.173220 0.460809 0.266243
v 0.169717 0.459571 0.182585
v 0.160534 0.457004 0.113698
v 0.135684 0.420801 -0.158541
v 0.135684 0.420801 -0.158541
v 0.135198 0.766269 -0.273032
v 0.135198 0.766269 -0.273032
v 0.178975 0.420684 -0.158541
v 0.178975 0.420684 -0.158541
v 0.122808 0.708264 -0.264242
v 0.122808 0.708264 -0.264242
v 0.114888 0.620734 -0.252100
v 0.114888 0.620734 -0.252100
v 0.114888 0.620734 -0.252100
v 0.106907 0.453561 -0.195842
v 0.157547 0.207261 -0.260057
v 0.157547 0.207261 -0.260057
v 0.233565 0.004697 -0.277903
v 0.223669 0.004697 -0.292245
v 0.207121 0.004697 -0.299161
v 0.188778 0.004697 -0.299989
v 0.237489 0.004697 -0.261576
v 0.238008 0.004892 -0.247558
v 0.238008 0.004892 -0.247558
v 0.167137 0.212842 -0.213154
v 0.167137 0.212842 -0.213154
v 0.210428 0.201527 -0.213154
v 0.210428 0.201527 -0.213154
v 0.124365 0.425351 -0.224286
v 0.124365 0.425351 -0.224286
v 0.131103 0.425889 -0.181347
v 0.148627 0.206405 -0.267296
v 0.148627 0.206405 -0.267296
v 0.178359 0.004892 -0.298631
v 0.178359 0.004892 -0.298631
v 0.115766 0.425910 -0.232509
v 0.115766 0.425910 -0.232509
v 0.265322 0.193644 0.225872
v 0.265322 0.193644 0.225872
v 0.263017 0.182212 0.270715
v 0.250310 0.180194 0.279202
v 0.250310 0.180194 0.279202
v 0.175058 0.396870 0.274641
v 0.175058 0.396870 0.274641
v 0.175058 0.396870 0.274641
v 0.125863 0.448575 -0.094615
v 0.224353 0.467017 0.250195
v 0.224353 0.467017 0.250195
v 0.224540 0.405688 0.263511
v 0.118261 0.772321 -0.268698
v 0.109433 0.707103 -0.253288
v 0.102677 0.629854 -0.240193
v 0.260721 0.181472 0.273834
v 0.173494 0.460285 0.230353
v 0.200461 0.429516 -0.051487
v 0.025207 0.422283 0.282211
v 0.174046 0.432068 0.270018
v 0.206687 0.428897 0.264653
v 0.156185 0.431304 0.272435
v 0.192303 0.432672 0.267134
v 0.124780 0.429678 0.276027
v 0.091936 0.427555 0.278801
v 0.057065 0.424941 0.280911
v 0.171724 0.456670 0.042819
v 0.103105 0.449969 0.038980
v 0.103105 0.449969 0.038980
v 0.076216 0.448336 0.038133
v 0.048423 0.446839 0.037473
v 0.048423 0.446839 0.037473
v 0.028099 0.445342 0.036812
v 0.028099 0.445342 0.036812
v 0.086860 0.452241 0.186571
v 0.225268 0.463560 0.066453
v 0.225268 0.463560 0.066453
v 0.149427 0.454278 0.041178
v 0.291148 0.636464 0.110726
v 0.291148 0.636464 0.110726
v 0.291148 0.636464 0.110726
v 0.291148 0.636464 0.110726
v 0.278600 0.012264 0.286530
v 0.278600 0.012264 0.286530
v 0.235957 0.468296 0.227371
v 0.235957 0.468296 0.227371
v 0.240771 0.408774 0.242852
v 0.263328 0.183755 0.264664
v 0.000000 0.832367 -0.303173
v 0.000000 0.832367 -0.303173
v 0.000000 0.832367 -0.303173
v 0.000000 0.832367 -0.303173
v 0.000000 0.876358 -0.322765
v 0.000000 0.876358 -0.322765
v 0.000000 0.876358 -0.322765
v 0.000000 0.876358 -0.322765
v 0.000000 0.825138 -0.303412
v 0.000000 0.825138 -0.303412
v 0.000000 0.825138 -0.303412
v 0.000000 0.756071 -0.286690
v 0.000000 0.689285 -0.275015
v 0.000000 0.625496 -0.266591
v 0.000000 0.565091 -0.256863
v 0.000000 0.866181 -0.333774
v 0.000000 0.866181 -0.333774
v 0.000000 0.866181 -0.333774
v 0.000000 0.866181 -0.333774
v 0.000000 0.516195 -0.247576
v 0.000000 0.390045 0.285148
v 0.000000 0.390045 0.285148
v 0.000000 0.449941 0.274206
v 0.000000 0.449941 0.274206
v 0.000000 0.443047 0.195770
v 0.000000 0.440530 -0.196946
v 0.000000 0.459862 -0.226117
v 0.000000 0.438010 -0.110824
v 0.000000 0.790237 -0.294601
v 0.000000 0.657130 -0.270760
v 0.000000 0.722327 -0.280196
v 0.000000 0.445938 0.238095
v 0.000000 0.419316 0.279351
v 0.034390 0.831042 -0.301915
v 0.034390 0.831042 -0.301915
v 0.034664 0.875173 -0.321630
v 0.034664 0.875173 -0.321630
v 0.287474 0.671195 0.053931
v 0.287474 0.671195 0.053931
v 0.249238 0.665738 0.053922
v 0.249238 0.665738 0.053922
v 0.287247 0.672859 -0.027401
v 0.287247 0.672859 -0.027401
v 0.249474 0.667309 -0.026464
v 0.249474 0.667309 -0.026464
v 0.286049 0.683862 -0.088671
v 0.286049 0.683862 -0.088671
v 0.282743 0.708818 -0.138601
v 0.282743 0.708818 -0.138601
v 0.273034 0.741714 -0.183069
v 0.273034 0.741714 -0.183069
v 0.253624 0.775003 -0.221197
v 0.253624 0.775003 -0.221197
v 0.114131 0.862181 -0.309311
v 0.114131 0.862181 -0.309311
v 0.073792 0.871013 -0.317711
v 0.073792 0.871013 -0.317711
v 0.067109 0.827065 -0.298151
v 0.067109 0.827065 -0.298151
v 0.101408 0.819444 -0.289519
v 0.101408 0.819444 -0.289519
v 0.228652 0.751589 -0.205270
v 0.228652 0.751589 -0.205270
v 0.244373 0.725999 -0.170781
v 0.244373 0.725999 -0.170781
v 0.250143 0.698667 -0.129394
v 0.250143 0.698667 -0.129394
v 0.250375 0.677231 -0.083350
v 0.250375 0.677231 -0.083350
v 0.317605 0.008389 0.253029
v 0.317605 0.008389 0.253029
v 0.317605 0.008389 0.253029
v 0.317605 0.008389 0.253029
v 0.276306 0.029085 0.251532
v 0.276306 0.029085 0.251532
v 0.276306 0.029085 0.251532
v 0.242928 0.466027 0.176214
v 0.242928 0.466027 0.176214
v 0.242928 0.466027 0.176214
v 0.242928 0.466027 0.176214
v 0.296419 0.485293 0.173375
v 0.296419 0.485293 0.173375
v 0.249179 0.618460 0.099687
v 0.249179 0.618460 0.099687
v 0.249179 0.618460 0.099687
v 0.244101 0.465856 0.143413
v 0.244101 0.465856 0.143413
v 0.244101 0.465856 0.143413
v 0.244101 0.465856 0.143413
v 0.244101 0.465856 0.143413
v 0.248040 0.609589 0.152960
v 0.248040 0.609589 0.152960
v 0.289959 0.618130 0.152218
v 0.289959 0.618130 0.152218
v 0.248957 0.603735 0.108451
v 0.248957 0.603735 0.108451
v 0.042666 0.823831 -0.301876
v 0.042666 0.823831 -0.301876
v 0.042666 0.823831 -0.301876
v 0.042666 0.823831 -0.301876
v 0.249465 0.631663 0.055055
v 0.249465 0.631663 0.055055
v 0.249778 0.638085 -0.026292
v 0.249778 0.638085 -0.026292
v 0.067343 0.820008 -0.298160
v 0.067343 0.820008 -0.298160
v 0.108429 0.810999 -0.287559
v 0.108429 0.810999 -0.287559
v 0.108429 0.810999 -0.287559
v 0.108429 0.810999 -0.287559
v 0.229848 0.742987 -0.204721
v 0.229848 0.742987 -0.204721
v 0.245491 0.714196 -0.169566
v 0.245491 0.714196 -0.169566
v 0.251085 0.682301 -0.128170
v 0.251085 0.682301 -0.128170
v 0.251104 0.653842 -0.082614
v 0.251104 0.653842 -0.082614
v 0.154369 0.848699 -0.296142
v 0.154369 0.848699 -0.296142
v 0.141322 0.807575 -0.274908
v 0.141322 0.807575 -0.274908
v 0.091266 0.815640 -0.293030
v 0.091266 0.815640 -0.293030
v 0.091266 0.815640 -0.293030
v 0.091266 0.815640 -0.293030
v 0.027047 0.824626 -0.302736
v 0.027047 0.824626 -0.302736
v 0.027047 0.824626 -0.302736
v 0.027047 0.824626 -0.302736
v 0.040012 0.754884 -0.284642
v 0.040012 0.754884 -0.284642
v 0.059461 0.751789 -0.281338
v 0.095831 0.742819 -0.270727
v 0.095831 0.742819 -0.270727
v 0.127125 0.741399 -0.258374
v 0.127125 0.741399 -0.258374
v 0.078360 0.747662 -0.276744
v 0.078360 0.747662 -0.276744
v 0.022760 0.755531 -0.285998
v 0.022760 0.755531 -0.285998
v 0.036473 0.687778 -0.272805
v 0.036473 0.687778 -0.272805
v 0.053471 0.684595 -0.269406
v 0.086612 0.674880 -0.258093
v 0.086612 0.674880 -0.258093
v 0.114898 0.664911 -0.244475
v 0.114898 0.664911 -0.244475
v 0.070164 0.680176 -0.264692
v 0.070164 0.680176 -0.264692
v 0.019606 0.688799 -0.274309
v 0.019606 0.688799 -0.274309
v 0.034741 0.623919 -0.264230
v 0.034741 0.623919 -0.264230
v 0.052005 0.619208 -0.260363
v 0.084337 0.607334 -0.247995
v 0.084337 0.607334 -0.247995
v 0.113595 0.582264 -0.229864
v 0.113595 0.582264 -0.229864
v 0.068127 0.613498 -0.254999
v 0.068127 0.613498 -0.254999
v 0.017540 0.625132 -0.265855
v 0.017540 0.625132 -0.265855
v 0.034336 0.563315 -0.254379
v 0.034336 0.563315 -0.254379
v 0.051755 0.558738 -0.250516
v 0.085980 0.546268 -0.237503
v 0.085980 0.546268 -0.237503
v 0.116349 0.530355 -0.220443
v 0.116349 0.530355 -0.220443
v 0.069082 0.552798 -0.244720
v 0.069082 0.552798 -0.244720
v 0.017475 0.564771 -0.256111
v 0.017475 0.564771 -0.256111
v 0.034519 0.865001 -0.332639
v 0.034519 0.865001 -0.332639
v 0.286372 0.648237 0.057617
v 0.286372 0.648237 0.057617
v 0.286071 0.649653 -0.027201
v 0.286071 0.649653 -0.027201
v 0.284943 0.660491 -0.087809
v 0.284943 0.660491 -0.087809
v 0.281357 0.686900 -0.138245
v 0.281357 0.686900 -0.138245
v 0.281357 0.686900 -0.138245
v 0.270493 0.726507 -0.186911
v 0.270493 0.726507 -0.186911
v 0.251913 0.762618 -0.227863
v 0.251913 0.762618 -0.227863
v 0.113537 0.852120 -0.320453
v 0.113537 0.852120 -0.320453
v 0.073450 0.860875 -0.328773
v 0.073450 0.860875 -0.328773
v 0.288399 0.618755 0.122459
v 0.288399 0.618755 0.122459
v 0.153593 0.838738 -0.307405
v 0.153593 0.838738 -0.307405
v 0.317381 0.009300 0.232145
v 0.317381 0.009300 0.232145
v 0.295252 0.486772 0.153763
v 0.295252 0.486772 0.153763
v 0.034167 0.511405 -0.245038
v 0.034167 0.511405 -0.245038
v 0.034167 0.511405 -0.245038
v 0.034167 0.511405 -0.245038
v 0.051761 0.508144 -0.241125
v 0.086395 0.496212 -0.228842
v 0.086395 0.496212 -0.228842
v 0.086395 0.496212 -0.228842
v 0.086395 0.496212 -0.228842
v 0.118586 0.484940 -0.211509
v 0.118586 0.484940 -0.211509
v 0.070175 0.502505 -0.235814
v 0.070175 0.502505 -0.235814
v 0.070175 0.502505 -0.235814
v 0.070175 0.502505 -0.235814
v 0.017541 0.513846 -0.246901
v 0.017541 0.513846 -0.246901
v 0.017541 0.513846 -0.246901
v 0.017541 0.513846 -0.246901
v 0.300123 0.406525 0.186158
v 0.300123 0.406525 0.186158
v 0.277548 0.008386 0.288404
v 0.277548 0.008386 0.288404
v 0.277548 0.008386 0.288404
v 0.277548 0.008386 0.288404
v 0.317380 -0.000004 0.253555
v 0.317380 -0.000004 0.253555
v 0.317380 -0.000004 0.253555
v 0.300411 0.007631 0.287774
v 0.300411 0.007631 0.287774
v 0.317002 0.007598 0.272395
v 0.317002 0.007598 0.272395
v 0.317379 0.001538 0.235691
v 0.317379 0.001538 0.235691
v 0.317379 0.001538 0.235691
v 0.280251 -0.000012 0.288091
v 0.280251 -0.000012 0.288091
v 0.300334 -0.000012 0.287308
v 0.300334 -0.000012 0.287308
v 0.316523 -0.000004 0.272290
v 0.316523 -0.000004 0.272290
v 0.245252 0.410813 0.186008
v 0.245252 0.410813 0.186008
v 0.299092 0.406886 0.166998
v 0.299092 0.406886 0.166998
v 0.263904 0.009186 0.288129
v 0.263904 0.009186 0.288129
v 0.263904 0.009186 0.288129
v 0.194799 0.392585 0.267946
v 0.194799 0.392585 0.267946
v 0.194799 0.392585 0.267946
v 0.266716 0.001538 0.288090
v 0.266716 0.001538 0.288090
v 0.266716 0.001538 0.288090
v 0.197641 0.459721 0.196176
v 0.189781 0.459959 0.261546
v 0.189781 0.459959 0.261546
v 0.184979 0.456634 0.108705
v 0.131052 0.443243 -0.150775
v 0.131052 0.443243 -0.150775
v 0.131052 0.443243 -0.150775
v 0.155688 0.395578 0.274183
v 0.155688 0.395578 0.274183
v 0.025076 0.390169 0.284918
v 0.025076 0.390169 0.284918
v 0.056754 0.390695 0.283887
v 0.056754 0.390695 0.283887
v 0.091409 0.391765 0.281746
v 0.091409 0.391765 0.281746
v 0.124026 0.393337 0.278586
v 0.124026 0.393337 0.278586
v 0.138336 0.451786 0.186764
v 0.138336 0.451786 0.186764
v 0.138336 0.451786 0.186764
v 0.115917 0.449299 0.188509
v 0.115917 0.449299 0.188509
v 0.115917 0.449299 0.188509
v 0.086860 0.447211 0.192355
v 0.053265 0.445320 0.191447
v 0.053265 0.445320 0.191447
v 0.053265 0.445320 0.191447
v 0.029883 0.443642 0.192615
v 0.029883 0.443642 0.192615
v 0.029883 0.443642 0.192615
v 0.156208 0.456425 0.266011
v 0.156208 0.456425 0.266011
v 0.025282 0.450088 0.274030
v 0.025282 0.450088 0.274030
v 0.057223 0.450713 0.273249
v 0.057223 0.450713 0.273249
v 0.092174 0.451990 0.271629
v 0.092174 0.451990 0.271629
v 0.125092 0.453867 0.269236
v 0.125092 0.453867 0.269236
v 0.186266 0.008425 -0.296892
v 0.186266 0.008425 -0.296892
v 0.186266 0.008425 -0.296892
v 0.186266 0.008425 -0.296892
v 0.192703 0.028864 -0.258714
v 0.192703 0.028864 -0.258714
v 0.192703 0.028864 -0.258714
v 0.173471 0.445309 -0.149771
v 0.173471 0.445309 -0.149771
v 0.173471 0.445309 -0.149771
v 0.234744 0.008426 -0.260034
v 0.234744 0.008426 -0.260034
v 0.234744 0.008426 -0.260034
v 0.234744 0.008426 -0.260034
v 0.138724 0.790127 -0.275810
v 0.138724 0.790127 -0.275810
v 0.138724 0.790127 -0.275810
v 0.125716 0.742357 -0.269015
v 0.125716 0.742357 -0.269015
v 0.113368 0.665717 -0.258499
v 0.113368 0.665717 -0.258499
v 0.110627 0.583313 -0.246033
v 0.110627 0.583313 -0.246033
v 0.110627 0.583313 -0.246033
v 0.114367 0.529345 -0.233262
v 0.114367 0.529345 -0.233262
v 0.116142 0.487251 -0.226989
v 0.116142 0.487251 -0.226989
v 0.035578 0.440634 -0.195124
v 0.035578 0.440634 -0.195124
v 0.034404 0.458855 -0.224220
v 0.034404 0.458855 -0.224220
v 0.054445 0.440773 -0.191923
v 0.052161 0.457633 -0.221540
v 0.094635 0.441614 -0.179267
v 0.094635 0.441614 -0.179267
v 0.089697 0.453017 -0.209852
v 0.089697 0.453017 -0.209852
v 0.123257 0.448310 -0.184021
v 0.123257 0.448310 -0.184021
v 0.073963 0.440956 -0.186785
v 0.073963 0.440956 -0.186785
v 0.070585 0.455680 -0.216979
v 0.070585 0.455680 -0.216979
v 0.018894 0.440548 -0.196553
v 0.018894 0.440548 -0.196553
v 0.018145 0.459540 -0.225584
v 0.018145 0.459540 -0.225584
v 0.118001 0.446219 -0.221658
v 0.118001 0.446219 -0.221658
v 0.189061 -0.000009 -0.296416
v 0.189061 -0.000009 -0.296416
v 0.206428 0.007665 -0.296140
v 0.206428 0.007665 -0.296140
v 0.230750 0.007651 -0.276623
v 0.230750 0.007651 -0.276623
v 0.221710 0.007667 -0.289841
v 0.221710 0.007667 -0.289841
v 0.233929 -0.000020 -0.261258
v 0.233929 -0.000020 -0.261258
v 0.206345 -0.000002 -0.295696
v 0.206345 -0.000002 -0.295696
v 0.230322 -0.000005 -0.276455
v 0.230322 -0.000005 -0.276455
v 0.221432 -0.000005 -0.289487
v 0.221432 -0.000005 -0.289487
v 0.221432 -0.000005 -0.289487
v 0.188174 0.449702 -0.084818
v 0.188174 0.449702 -0.084818
v 0.234468 0.009157 -0.246187
v 0.234468 0.009157 -0.246187
v 0.234468 0.009157 -0.246187
v 0.234468 0.009157 -0.246187
v 0.234460 0.001507 -0.249939
v 0.234460 0.001507 -0.249939
v 0.143786 0.351399 -0.173914
v 0.143786 0.351399 -0.173914
v 0.187047 0.347679 -0.173928
v 0.187047 0.347679 -0.173928
v 0.132105 0.354763 -0.232801
v 0.132105 0.354763 -0.232801
v 0.177883 0.009081 -0.295072
v 0.177883 0.009081 -0.295072
v 0.177883 0.009081 -0.295072
v 0.177883 0.009081 -0.295072
v 0.110316 0.530346 -0.235799
v 0.110316 0.530346 -0.235799
v 0.110390 0.486694 -0.228250
v 0.110390 0.486694 -0.228250
v 0.110856 0.446605 -0.226864
v 0.110856 0.446605 -0.226864
v 0.180052 0.001522 -0.295342
v 0.180052 0.001522 -0.295342
v 0.180052 0.001522 -0.295342
v 0.123814 0.355130 -0.241041
v 0.123814 0.355130 -0.241041
v 0.041283 0.439232 -0.108412
v 0.041283 0.439232 -0.108412
v 0.041283 0.439232 -0.108412
v 0.041283 0.439232 -0.108412
v 0.106983 0.442156 -0.096936
v 0.106983 0.442156 -0.096936
v 0.106983 0.442156 -0.096936
v 0.106983 0.442156 -0.096936
v 0.146643 0.446228 -0.087500
v 0.024479 0.438290 -0.111177
v 0.024479 0.438290 -0.111177
v 0.024479 0.438290 -0.111177
v 0.024479 0.438290 -0.111177
v 0.063095 0.440190 -0.102934
v 0.089947 0.441123 -0.101607
v 0.089947 0.441123 -0.101607
v 0.089947 0.441123 -0.101607
v 0.089947 0.441123 -0.101607
v 0.209745 0.462495 0.257155
v 0.209745 0.462495 0.257155
v 0.232798 0.465458 0.233961
v 0.232798 0.465458 0.233961
v 0.232798 0.465458 0.233961
v 0.236627 0.407726 0.249663
v 0.236627 0.407726 0.249663
v 0.236627 0.407726 0.249663
v 0.311983 0.007644 0.283123
v 0.311983 0.007644 0.283123
v 0.311672 -0.000005 0.282779
v 0.311672 -0.000005 0.282779
v 0.311672 -0.000005 0.282779
v 0.230312 0.427362 0.111096
v 0.230312 0.427362 0.111096
v 0.234069 0.433648 0.124145
v 0.234069 0.433648 0.124145
v 0.287434 0.671413 0.014136
v 0.287434 0.671413 0.014136
v 0.249277 0.665944 0.014254
v 0.249277 0.665944 0.014254
v 0.249900 0.670870 -0.058139
v 0.249900 0.670870 -0.058139
v 0.286792 0.676709 -0.061021
v 0.286792 0.676709 -0.061021
v 0.284887 0.694815 -0.114295
v 0.284887 0.694815 -0.114295
v 0.284887 0.694815 -0.114295
v 0.278995 0.724816 -0.161559
v 0.278995 0.724816 -0.161559
v 0.264434 0.758587 -0.203009
v 0.264434 0.758587 -0.203009
v 0.241078 0.790639 -0.237513
v 0.241078 0.790639 -0.237513
v 0.209547 0.818819 -0.266030
v 0.209547 0.818819 -0.266030
v 0.134511 0.855952 -0.303274
v 0.134511 0.855952 -0.303274
v 0.158113 0.801738 -0.267391
v 0.158113 0.801738 -0.267391
v 0.188268 0.786966 -0.248798
v 0.188268 0.786966 -0.248798
v 0.216831 0.764486 -0.221373
v 0.216831 0.764486 -0.221373
v 0.237862 0.738942 -0.188651
v 0.237862 0.738942 -0.188651
v 0.248288 0.712223 -0.150894
v 0.248288 0.712223 -0.150894
v 0.248288 0.712223 -0.150894
v 0.250629 0.686692 -0.106822
v 0.250629 0.686692 -0.106822
v 0.310534 0.179084 0.223474
v 0.310534 0.179084 0.223474
v 0.293096 0.553772 0.162423
v 0.293096 0.553772 0.162423
v 0.287494 0.671178 0.082719
v 0.287494 0.671178 0.082719
v 0.249232 0.665732 0.082703
v 0.249232 0.665732 0.082703
v 0.246858 0.546912 0.163282
v 0.246858 0.546912 0.163282
v 0.247883 0.546516 0.126737
v 0.247883 0.546516 0.126737
v 0.249508 0.633972 0.014441
v 0.249508 0.633972 0.014441
v 0.250400 0.644414 -0.057724
v 0.250400 0.644414 -0.057724
v 0.159835 0.794450 -0.267554
v 0.159835 0.794450 -0.267554
v 0.190050 0.779109 -0.249637
v 0.190050 0.779109 -0.249637
v 0.218292 0.756474 -0.221378
v 0.218292 0.756474 -0.221378
v 0.238997 0.728975 -0.187694
v 0.238997 0.728975 -0.187694
v 0.249318 0.698413 -0.149599
v 0.249318 0.698413 -0.149599
v 0.249318 0.698413 -0.149599
v 0.249318 0.698413 -0.149599
v 0.251496 0.666905 -0.105791
v 0.251496 0.666905 -0.105791
v 0.249400 0.627728 0.083482
v 0.249400 0.627728 0.083482
v 0.173153 0.840459 -0.287920
v 0.173153 0.840459 -0.287920
v 0.121582 0.813716 -0.282578
v 0.121582 0.813716 -0.282578
v 0.126605 0.805311 -0.280756
v 0.126605 0.805311 -0.280756
v 0.113421 0.739420 -0.264087
v 0.041456 0.788924 -0.292763
v 0.041456 0.788924 -0.292763
v 0.063279 0.785614 -0.289305
v 0.084368 0.781291 -0.284499
v 0.084368 0.781291 -0.284499
v 0.024779 0.789627 -0.293911
v 0.024779 0.789627 -0.293911
v 0.101849 0.776540 -0.278759
v 0.101849 0.776540 -0.278759
v 0.133411 0.767503 -0.264894
v 0.133411 0.767503 -0.264894
v 0.104061 0.668900 -0.250778
v 0.120755 0.708052 -0.251993
v 0.120755 0.708052 -0.251993
v 0.112982 0.619751 -0.236493
v 0.112982 0.619751 -0.236493
v 0.101409 0.596768 -0.239189
v 0.052331 0.651592 -0.264832
v 0.068517 0.646521 -0.259816
v 0.068517 0.646521 -0.259816
v 0.018349 0.656703 -0.270039
v 0.018349 0.656703 -0.270039
v 0.084657 0.640771 -0.252992
v 0.084657 0.640771 -0.252992
v 0.035356 0.655545 -0.268475
v 0.035356 0.655545 -0.268475
v 0.102883 0.538361 -0.229189
v 0.055994 0.718062 -0.274765
v 0.073503 0.713944 -0.270203
v 0.073503 0.713944 -0.270203
v 0.038190 0.721017 -0.278044
v 0.038190 0.721017 -0.278044
v 0.021060 0.721815 -0.279499
v 0.021060 0.721815 -0.279499
v 0.090522 0.708950 -0.263887
v 0.090522 0.708950 -0.263887
v 0.286248 0.648258 0.014649
v 0.286248 0.648258 0.014649
v 0.285652 0.653440 -0.060530
v 0.285652 0.653440 -0.060530
v 0.283775 0.671538 -0.113250
v 0.283775 0.671538 -0.113250
v 0.283775 0.671538 -0.113250
v 0.276935 0.706166 -0.163168
v 0.276935 0.706166 -0.163168
v 0.262150 0.745247 -0.208360
v 0.262150 0.745247 -0.208360
v 0.239724 0.779274 -0.245919
v 0.239724 0.779274 -0.245919
v 0.239724 0.779274 -0.245919
v 0.208469 0.808814 -0.276959
v 0.208469 0.808814 -0.276959
v 0.133822 0.845937 -0.314472
v 0.133822 0.845937 -0.314472
v 0.133822 0.845937 -0.314472
v 0.286799 0.646187 0.091649
v 0.286799 0.646187 0.091649
v 0.172284 0.830561 -0.299238
v 0.172284 0.830561 -0.299238
v 0.309554 0.179443 0.204259
v 0.309554 0.179443 0.204259
v 0.291684 0.556818 0.140673
v 0.291684 0.556818 0.140673
v 0.104341 0.490188 -0.220236
v 0.274566 0.009175 0.288156
v 0.274566 0.009175 0.288156
v 0.192041 0.459106 0.230461
v 0.025395 0.446128 0.237920
v 0.057175 0.446936 0.237142
v 0.092046 0.448601 0.235523
v 0.124951 0.451054 0.233128
v 0.156180 0.454416 0.229882
v 0.113058 0.442461 -0.166598
v 0.173192 0.458124 0.263918
v 0.173192 0.458124 0.263918
v 0.169717 0.454541 0.188368
v 0.160534 0.451974 0.119481
v 0.133456 0.419798 -0.155964
v 0.133456 0.419798 -0.155964
v 0.131750 0.767118 -0.273030
v 0.131750 0.767118 -0.273030
v 0.176785 0.419756 -0.155903
v 0.176785 0.419756 -0.155903
v 0.119305 0.708848 -0.264241
v 0.119305 0.708848 -0.264241
v 0.111339 0.620834 -0.252028
v 0.111339 0.620834 -0.252028
v 0.111339 0.620834 -0.252028
v 0.107651 0.450599 -0.197653
v 0.154750 0.206462 -0.258018
v 0.154750 0.206462 -0.258018
v 0.230326 0.004732 -0.276446
v 0.221432 0.004697 -0.289487
v 0.206341 0.004713 -0.295697
v 0.188902 0.004751 -0.296440
v 0.233973 0.004770 -0.261084
v 0.234459 0.005008 -0.247466
v 0.234459 0.005008 -0.247466
v 0.164905 0.211861 -0.210572
v 0.164905 0.211861 -0.210572
v 0.208009 0.200577 -0.210734
v 0.208009 0.200577 -0.210734
v 0.121269 0.424665 -0.222688
v 0.121269 0.424665 -0.222688
v 0.127657 0.425230 -0.180795
v 0.146941 0.205624 -0.264270
v 0.146941 0.205624 -0.264270
v 0.178861 0.005003 -0.295117
v 0.178861 0.005003 -0.295117
v 0.113377 0.425257 -0.229963
v 0.113377 0.425257 -0.229963
v 0.262865 0.193027 0.223383
v 0.262865 0.193027 0.223383
v 0.259833 0.181777 0.269203
v 0.259833 0.181777 0.269203
v 0.249296 0.179846 0.275817
v 0.249296 0.179846 0.275817
v 0.174515 0.396401 0.271163
v 0.174515 0.396401 0.271163
v 0.174515 0.396401 0.271163
v 0.125863 0.443545 -0.088832
v 0.223166 0.464324 0.248207
v 0.223166 0.464324 0.248207
v 0.222934 0.405127 0.260394
v 0.222934 0.405127 0.260394
v 0.119239 0.771297 -0.271955
v 0.110544 0.706334 -0.256573
v 0.103955 0.629286 -0.243457
v 0.259065 0.181050 0.270720
v 0.173649 0.456667 0.228313
v 0.025154 0.421597 0.278727
v 0.173550 0.431599 0.266533
v 0.205694 0.428423 0.261276
v 0.155757 0.430789 0.268948
v 0.191676 0.432239 0.263666
v 0.124464 0.429093 0.272538
v 0.091727 0.426919 0.275314
v 0.056943 0.424272 0.277426
v 0.172114 0.453142 0.042941
v 0.149427 0.449248 0.046961
v 0.287599 0.636330 0.110758
v 0.287599 0.636330 0.110758
v 0.287599 0.636330 0.110758
v 0.287599 0.636330 0.110758
v 0.276214 0.009981 0.285222
v 0.276214 0.009981 0.285222
v 0.233791 0.465502 0.227030
v 0.233791 0.465502 0.227030
v 0.237277 0.408323 0.242405
v 0.259801 0.183420 0.264417
v 0.122922 0.788304 -0.276355
v 0.239449 0.465130 0.140682
v 0.239449 0.465130 0.140682
v 0.239449 0.465130 0.140682
v 0.218327 0.413870 0.025400
v 0.218327 0.413870 0.025400
v 0.207297 0.386351 -0.048940
v 0.207297 0.386351 -0.048940
v 0.211948 0.403477 -0.012882
v 0.211948 0.403477 -0.012882
v 0.203849 0.385953 -0.048192
v 0.203849 0.385953 -0.048192
v 0.214861 0.413605 0.026112
v 0.214861 0.413605 0.026112
v 0.208490 0.403135 -0.012155
v 0.208490 0.403135 -0.012155
v 0.289808 0.673872 0.140962
v 0.289808 0.673872 0.140962
v 0.289808 0.673872 0.140962
v 0.290059 0.668628 0.147055
v 0.290059 0.668628 0.147055
v 0.290059 0.668628 0.147055
v 0.246480 0.662806 0.147088
v 0.246480 0.662806 0.147088
v 0.246577 0.668092 0.140962
v 0.246577 0.668092 0.140962
v 0.246577 0.668092 0.140962
v 0.246577 0.668092 0.140962
v 0.288111 0.666253 0.145171
v 0.288111 0.666253 0.145171
v 0.288111 0.666253 0.145171
v 0.287873 0.671483 0.139108
v 0.287873 0.671483 0.139108
v 0.287873 0.671483 0.139108
v 0.248802 0.666004 0.139070
v 0.248802 0.666004 0.139070
v 0.248802 0.666004 0.139070
v 0.248694 0.660738 0.145168
v 0.248694 0.660738 0.145168
v 0.248694 0.660738 0.145168
v 0.202658 0.356724 -0.095620
v 0.202658 0.356724 -0.095620
v 0.202450 0.325512 -0.124118
v 0.202450 0.325512 -0.124118
v 0.198998 0.324946 -0.123512
v 0.198998 0.324946 -0.123512
v 0.199206 0.356168 -0.095003
v 0.199206 0.356168 -0.095003
v 0.211535 0.216893 -0.179954
v 0.211535 0.216893 -0.179954
v 0.215023 0.184662 -0.193026
v 0.215023 0.184662 -0.193026
v 0.211539 0.184098 -0.192653
v 0.211539 0.184098 -0.192653
v 0.208058 0.216310 -0.179533
v 0.208058 0.216310 -0.179533
v 0.250662 0.373620 0.195083
v 0.250662 0.373620 0.195083
v 0.249208 0.391475 0.192029
v 0.249208 0.391475 0.192029
v 0.207736 0.381842 0.269967
v 0.207736 0.381842 0.269967
v 0.218423 0.365746 0.269252
v 0.218423 0.365746 0.269252
v 0.303618 0.385775 0.192094
v 0.303618 0.385775 0.192094
v 0.304438 0.367953 0.195014
v 0.304438 0.367953 0.195014
v 0.304438 0.367956 0.173400
v 0.304438 0.367956 0.173400
v 0.303618 0.385781 0.170480
v 0.303618 0.385781 0.170480
v 0.245339 0.369755 0.254011
v 0.242994 0.387328 0.252702
v 0.230233 0.385310 0.264619
v 0.234167 0.368110 0.265563
v 0.243823 0.387924 0.244518
v 0.246059 0.370276 0.246056
v 0.246854 0.390808 0.189455
v 0.246854 0.390808 0.189455
v 0.248290 0.372950 0.192527
v 0.248290 0.372950 0.192527
v 0.217646 0.365373 0.265807
v 0.217646 0.365373 0.265807
v 0.206982 0.381476 0.266516
v 0.206982 0.381476 0.266516
v 0.301913 0.367424 0.192573
v 0.301913 0.367424 0.192573
v 0.301097 0.385252 0.189648
v 0.301097 0.385252 0.189648
v 0.300070 0.385619 0.170481
v 0.300070 0.385619 0.170481
v 0.300890 0.367792 0.173401
v 0.300890 0.367792 0.173401
v 0.239854 0.386764 0.251144
v 0.239854 0.386764 0.251144
v 0.242168 0.369172 0.252522
v 0.242168 0.369172 0.252522
v 0.232456 0.367603 0.262495
v 0.228570 0.384812 0.261520
v 0.242555 0.369816 0.245705
v 0.240321 0.387483 0.244130
v 0.305946 0.335169 0.200385
v 0.305946 0.335169 0.200385
v 0.308202 0.286123 0.208421
v 0.308202 0.286123 0.208421
v 0.308201 0.286143 0.186804
v 0.308201 0.286143 0.186804
v 0.305947 0.335149 0.178775
v 0.305947 0.335149 0.178775
v 0.253091 0.343800 0.200185
v 0.253091 0.343800 0.200185
v 0.257108 0.294483 0.208621
v 0.257108 0.294483 0.208621
v 0.253789 0.288493 0.260950
v 0.248954 0.337297 0.256692
v 0.227500 0.334890 0.270104
v 0.227500 0.334890 0.270104
v 0.237447 0.286783 0.272326
v 0.237447 0.286783 0.272326
v 0.240039 0.335609 0.267362
v 0.247427 0.287312 0.269652
v 0.254238 0.289299 0.253878
v 0.249508 0.338179 0.249079
v 0.305659 0.285586 0.206000
v 0.305659 0.285586 0.206000
v 0.303413 0.334652 0.197950
v 0.303413 0.334652 0.197950
v 0.302399 0.334989 0.178775
v 0.302399 0.334989 0.178775
v 0.304653 0.285974 0.186805
v 0.304653 0.285974 0.186805
v 0.254687 0.293835 0.206106
v 0.254687 0.293835 0.206106
v 0.250694 0.343172 0.197641
v 0.250694 0.343172 0.197641
v 0.245720 0.336880 0.255289
v 0.245720 0.336880 0.255289
v 0.250543 0.288004 0.259595
v 0.250543 0.288004 0.259595
v 0.236482 0.286461 0.268924
v 0.236482 0.286461 0.268924
v 0.226611 0.334591 0.266680
v 0.226611 0.334591 0.266680
v 0.245537 0.286887 0.266679
v 0.238185 0.335194 0.264365
v 0.245986 0.337847 0.248757
v 0.250720 0.288889 0.253603
v 0.228116 0.456994 0.074400
v 0.000000 0.443194 -0.039406
v 0.158603 0.453096 -0.024717
v 0.207192 0.457799 -0.012193
v 0.207192 0.457799 -0.012193
v 0.115917 0.454329 0.185008
v 0.115917 0.454329 0.185008
v 0.115917 0.454329 0.185008
v 0.214483 0.441192 0.011137
v 0.192896 0.413798 -0.094957
v 0.190168 0.390456 -0.128803
v 0.221063 0.463113 0.186008
v 0.137553 0.451276 -0.026875
v 0.069918 0.446804 -0.033963
v 0.045368 0.445449 -0.036175
v 0.045368 0.445449 -0.036175
v 0.026571 0.444056 -0.038449
v 0.026571 0.444056 -0.038449
v 0.096881 0.448141 -0.031781
v 0.096881 0.448141 -0.031781
v 0.114945 0.449694 -0.029282
v 0.114945 0.449694 -0.029282
v 0.122537 0.451897 0.039911
v 0.122537 0.451897 0.039911
v 0.131072 0.454493 0.114007
v 0.131072 0.454493 0.114007
v 0.159016 0.449587 -0.024135
v 0.000000 0.440834 0.123794
v 0.000000 0.439272 0.041883
v 0.202024 0.454134 -0.024486
v 0.202024 0.454134 -0.024486
v 0.213233 0.457721 0.024339
v 0.213233 0.457721 0.024339
v 0.109090 0.447205 0.120217
v 0.109090 0.447205 0.120217
v 0.081664 0.445326 0.120843
v 0.051329 0.443621 0.121494
v 0.051329 0.443621 0.121494
v 0.029552 0.441916 0.122146
v 0.029552 0.441916 0.122146
v 0.103105 0.444939 0.044763
v 0.103105 0.444939 0.044763
v 0.076216 0.443306 0.043917
v 0.048423 0.441809 0.043256
v 0.048423 0.441809 0.043256
v 0.028099 0.440313 0.042595
v 0.028099 0.440313 0.042595
v 0.000000 0.438165 -0.033622
v 0.137163 0.446280 -0.023718
v 0.069918 0.441774 -0.028180
v 0.045368 0.440419 -0.030392
v 0.045368 0.440419 -0.030392
v 0.026571 0.439026 -0.032666
v 0.026571 0.439026 -0.032666
v 0.096881 0.443111 -0.025998
v 0.096881 0.443111 -0.025998
v 0.115448 0.444313 -0.023614
v 0.115448 0.444313 -0.023614
v 0.122537 0.446867 0.045694
v 0.122537 0.446867 0.045694
v 0.131072 0.449463 0.119790
v 0.131072 0.449463 0.119790
v 0.031245 0.512416 -0.242953
v 0.031245 0.512416 -0.242953
v 0.020036 0.514112 -0.244222
v 0.020036 0.514112 -0.244222
v 0.034216 0.446868 -0.179426
v 0.034216 0.446868 -0.179426
v 0.021424 0.446691 -0.180863
v 0.021424 0.446691 -0.180863
v 0.019947 0.460379 -0.222739
v 0.031636 0.460009 -0.221827
v 0.027172 0.442032 -0.114236
v 0.027172 0.442032 -0.114236
v 0.038733 0.442756 -0.112333
v 0.038733 0.442756 -0.112333
v 0.031593 0.512567 -0.244579
v 0.031593 0.512567 -0.244579
v 0.020154 0.514247 -0.245861
v 0.020154 0.514247 -0.245861
v 0.032788 0.441414 -0.194599
v 0.021735 0.441354 -0.195582
v 0.020834 0.460223 -0.224623
v 0.031758 0.459751 -0.223685
v 0.027121 0.439233 -0.109992
v 0.027121 0.439233 -0.109992
v 0.038682 0.439881 -0.108090
v 0.038682 0.439881 -0.108090
v 0.082307 0.497833 -0.227883
v 0.082307 0.497833 -0.227883
v 0.071336 0.502272 -0.232633
v 0.071336 0.502272 -0.232633
v 0.092248 0.446642 -0.165125
v 0.092248 0.446642 -0.165125
v 0.078753 0.447135 -0.169952
v 0.078753 0.447135 -0.169952
v 0.072761 0.456760 -0.213426
v 0.087196 0.454589 -0.207244
v 0.092151 0.445125 -0.104504
v 0.092151 0.445125 -0.104504
v 0.103963 0.445411 -0.101265
v 0.103963 0.445411 -0.101265
v 0.083490 0.497465 -0.229466
v 0.083490 0.497465 -0.229466
v 0.072243 0.501828 -0.234301
v 0.072243 0.501828 -0.234301
v 0.090581 0.442313 -0.180353
v 0.076869 0.441857 -0.184935
v 0.073289 0.456151 -0.215179
v 0.085920 0.454305 -0.210869
v 0.092121 0.442072 -0.100391
v 0.092121 0.442072 -0.100391
v 0.103933 0.442788 -0.097152
v 0.103933 0.442788 -0.097152
v 0.000000 0.481243 -0.233283
v 0.000000 0.494376 -0.238299
v 0.033832 0.491551 -0.236131
v 0.033832 0.491551 -0.236131
v 0.033963 0.478394 -0.230890
v 0.033963 0.478394 -0.230890
v 0.051349 0.475774 -0.227844
v 0.051136 0.488989 -0.233042
v 0.087407 0.480600 -0.220867
v 0.087407 0.480600 -0.220867
v 0.089294 0.467141 -0.214082
v 0.089294 0.467141 -0.214082
v 0.123634 0.458401 -0.193846
v 0.123634 0.458401 -0.193846
v 0.121789 0.470494 -0.203476
v 0.121789 0.470494 -0.203476
v 0.121789 0.470494 -0.203476
v 0.069353 0.471845 -0.222805
v 0.069353 0.471845 -0.222805
v 0.069091 0.485072 -0.228250
v 0.069091 0.485072 -0.228250
v 0.017241 0.480330 -0.232581
v 0.017241 0.480330 -0.232581
v 0.017290 0.493449 -0.237723
v 0.017290 0.493449 -0.237723
v 0.120007 0.460512 -0.225259
v 0.120007 0.460512 -0.225259
v 0.119426 0.472235 -0.226920
v 0.119426 0.472235 -0.226920
v 0.119426 0.472235 -0.226920
v 0.119426 0.472235 -0.226920
v 0.112321 0.460654 -0.229619
v 0.112321 0.460654 -0.229619
v 0.111953 0.472463 -0.230225
v 0.111953 0.472463 -0.230225
v 0.111953 0.472463 -0.230225
v 0.111953 0.472463 -0.230225
v 0.105234 0.462984 -0.204911
v 0.103798 0.475895 -0.212713
v 0.000000 0.492920 -0.241574
v 0.000000 0.480145 -0.236663
v 0.034232 0.477201 -0.234215
v 0.034232 0.477201 -0.234215
v 0.034172 0.490126 -0.239391
v 0.034172 0.490126 -0.239391
v 0.051694 0.487607 -0.236293
v 0.051804 0.474580 -0.231143
v 0.088289 0.465562 -0.219069
v 0.088289 0.465562 -0.219069
v 0.087208 0.479237 -0.225380
v 0.087208 0.479237 -0.225380
v 0.119461 0.468840 -0.205529
v 0.119461 0.468840 -0.205529
v 0.119461 0.468840 -0.205529
v 0.121306 0.456019 -0.194819
v 0.121306 0.456019 -0.194819
v 0.069905 0.483685 -0.231445
v 0.069905 0.483685 -0.231445
v 0.070040 0.470612 -0.226040
v 0.070040 0.470612 -0.226040
v 0.017402 0.491960 -0.240981
v 0.017402 0.491960 -0.240981
v 0.017548 0.479201 -0.235946
v 0.017548 0.479201 -0.235946
v 0.116512 0.472275 -0.224890
v 0.116512 0.472275 -0.224890
v 0.116512 0.472275 -0.224890
v 0.116512 0.472275 -0.224890
v 0.117008 0.460715 -0.223375
v 0.117008 0.460715 -0.223375
v 0.110434 0.472696 -0.227028
v 0.110434 0.472696 -0.227028
v 0.110434 0.472696 -0.227028
v 0.110434 0.472696 -0.227028
v 0.110559 0.460943 -0.226549
v 0.110559 0.460943 -0.226549
v 0.105037 0.474482 -0.215716
v 0.106216 0.461109 -0.207650
v 0.019920 0.478567 -0.232304
v 0.019940 0.491664 -0.237624
v 0.031324 0.490426 -0.236535
v 0.031425 0.477344 -0.231157
v 0.020038 0.492462 -0.239985
v 0.020204 0.479663 -0.234923
v 0.031618 0.478346 -0.233763
v 0.031576 0.491178 -0.238886
v 0.071930 0.469985 -0.221632
v 0.071473 0.483360 -0.227517
v 0.084216 0.479838 -0.222369
v 0.085750 0.466379 -0.215641
v 0.072310 0.483915 -0.229898
v 0.072627 0.470710 -0.224234
v 0.084643 0.467385 -0.220158
v 0.083859 0.480766 -0.226131
v -0.034213 0.831757 -0.298441
v -0.034213 0.831757 -0.298441
v -0.029487 0.878813 -0.321011
v -0.029487 0.878813 -0.321011
v -0.289808 0.673872 0.053927
v -0.289808 0.673872 0.053927
v -0.246585 0.668099 0.053927
v -0.246585 0.668099 0.053927
v -0.289622 0.675494 -0.027230
v -0.289622 0.675494 -0.027230
v -0.246787 0.669627 -0.026322
v -0.246787 0.669627 -0.026322
v -0.288493 0.686331 -0.087928
v -0.288493 0.686331 -0.087928
v -0.285280 0.711085 -0.137581
v -0.285280 0.711085 -0.137581
v -0.275559 0.744043 -0.182166
v -0.275559 0.744043 -0.182166
v -0.255850 0.777626 -0.220317
v -0.255850 0.777626 -0.220317
v -0.114799 0.865578 -0.308516
v -0.114799 0.865578 -0.308516
v -0.074197 0.874453 -0.316929
v -0.074197 0.874453 -0.316929
v -0.066660 0.827863 -0.294719
v -0.066660 0.827863 -0.294719
v -0.100614 0.820275 -0.286159
v -0.100614 0.820275 -0.286159
v -0.226592 0.752968 -0.202728
v -0.226592 0.752968 -0.202728
v -0.242036 0.727730 -0.168742
v -0.242036 0.727730 -0.168742
v -0.247536 0.700661 -0.128036
v -0.247536 0.700661 -0.128036
v -0.247665 0.679426 -0.082679
v -0.247665 0.679426 -0.082679
v -0.320931 0.009398 0.253758
v -0.320931 0.009398 0.253758
v -0.320931 0.009398 0.253758
v -0.320931 0.009398 0.253758
v -0.278600 0.030634 0.253758
v -0.278600 0.030634 0.253758
v -0.278600 0.030634 0.253758
v -0.242879 0.469173 0.178737
v -0.242879 0.469173 0.178737
v -0.242879 0.469173 0.178737
v -0.242879 0.469173 0.178737
v -0.298927 0.485819 0.175833
v -0.298927 0.485819 0.175833
v -0.245628 0.618526 0.099688
v -0.245628 0.618526 0.099688
v -0.245628 0.618526 0.099688
v -0.242068 0.469048 0.142597
v -0.242068 0.469048 0.142597
v -0.242068 0.469048 0.142597
v -0.242068 0.469048 0.142597
v -0.245515 0.610025 0.155419
v -0.245515 0.610025 0.155419
v -0.292459 0.618642 0.154688
v -0.292459 0.618642 0.154688
v -0.245407 0.603798 0.108453
v -0.245407 0.603798 0.108453
v -0.042299 0.823972 -0.298347
v -0.042299 0.823972 -0.298347
v -0.042299 0.823972 -0.298347
v -0.042299 0.823972 -0.298347
v -0.245914 0.631729 0.055055
v -0.245914 0.631729 0.055055
v -0.246227 0.638145 -0.026322
v -0.246227 0.638145 -0.026322
v -0.066778 0.820453 -0.294683
v -0.066778 0.820453 -0.294683
v -0.107304 0.811267 -0.284201
v -0.107304 0.811267 -0.284201
v -0.107304 0.811267 -0.284201
v -0.107304 0.811267 -0.284201
v -0.226767 0.742891 -0.202958
v -0.226767 0.742891 -0.202958
v -0.242036 0.714194 -0.168742
v -0.242036 0.714194 -0.168742
v -0.247536 0.682301 -0.128036
v -0.247536 0.682301 -0.128036
v -0.247554 0.653864 -0.082679
v -0.247554 0.653864 -0.082679
v -0.155321 0.852024 -0.295336
v -0.155321 0.852024 -0.295336
v -0.140332 0.808477 -0.271619
v -0.140332 0.808477 -0.271619
v -0.143678 0.800352 -0.270641
v -0.143678 0.800352 -0.270641
v -0.143678 0.800352 -0.270641
v -0.143678 0.800352 -0.270641
v -0.090413 0.815872 -0.289591
v -0.090413 0.815872 -0.289591
v -0.090413 0.815872 -0.289591
v -0.090413 0.815872 -0.289591
v -0.026895 0.824823 -0.299194
v -0.026895 0.824823 -0.299194
v -0.026895 0.824823 -0.299194
v -0.026895 0.824823 -0.299194
v -0.039589 0.755661 -0.281203
v -0.039589 0.755661 -0.281203
v -0.058906 0.752585 -0.277921
v -0.094785 0.743727 -0.267457
v -0.094785 0.743727 -0.267457
v -0.129184 0.741594 -0.255488
v -0.129184 0.741594 -0.255488
v -0.077675 0.748479 -0.273357
v -0.077675 0.748479 -0.273357
v -0.022640 0.756273 -0.282527
v -0.022640 0.756273 -0.282527
v -0.035931 0.688316 -0.269337
v -0.035931 0.688316 -0.269337
v -0.052771 0.685149 -0.265969
v -0.085445 0.675532 -0.254803
v -0.085445 0.675532 -0.254803
v -0.116904 0.665238 -0.241563
v -0.116904 0.665238 -0.241563
v -0.069301 0.680746 -0.261295
v -0.069301 0.680746 -0.261295
v -0.019448 0.689312 -0.270798
v -0.019448 0.689312 -0.270798
v -0.034168 0.624433 -0.260763
v -0.034168 0.624433 -0.260763
v -0.051227 0.619730 -0.256938
v -0.083001 0.607851 -0.244746
v -0.083001 0.607851 -0.244746
v -0.115625 0.582822 -0.227004
v -0.115625 0.582822 -0.227004
v -0.067137 0.614030 -0.251630
v -0.067137 0.614030 -0.251630
v -0.017354 0.625650 -0.262346
v -0.017354 0.625650 -0.262346
v -0.033758 0.563908 -0.250926
v -0.033758 0.563908 -0.250926
v -0.051001 0.559335 -0.247097
v -0.084629 0.546801 -0.234262
v -0.084629 0.546801 -0.234262
v -0.118431 0.530996 -0.217638
v -0.118431 0.530996 -0.217638
v -0.068151 0.553378 -0.241342
v -0.068151 0.553378 -0.241342
v -0.017326 0.565377 -0.252615
v -0.017326 0.565377 -0.252615
v -0.029487 0.867979 -0.334982
v -0.029487 0.867979 -0.334982
v -0.289923 0.648261 0.057602
v -0.289923 0.648261 0.057602
v -0.289622 0.649653 -0.027230
v -0.289622 0.649653 -0.027230
v -0.288493 0.660490 -0.087928
v -0.288493 0.660490 -0.087928
v -0.284881 0.686865 -0.138678
v -0.284881 0.686865 -0.138678
v -0.273882 0.726563 -0.187970
v -0.273882 0.726563 -0.187970
v -0.255107 0.763310 -0.229252
v -0.255107 0.763310 -0.229252
v -0.114799 0.854744 -0.322488
v -0.114799 0.854744 -0.322488
v -0.074197 0.863619 -0.330900
v -0.074197 0.863619 -0.330900
v -0.291946 0.618917 0.122417
v -0.291946 0.618917 0.122417
v -0.155321 0.841190 -0.309307
v -0.155321 0.841190 -0.309307
v -0.320931 0.009398 0.232145
v -0.320931 0.009398 0.232145
v -0.298799 0.486942 0.153747
v -0.298799 0.486942 0.153747
v -0.033717 0.512199 -0.241606
v -0.033717 0.512199 -0.241606
v -0.033717 0.512199 -0.241606
v -0.033717 0.512199 -0.241606
v -0.051082 0.508857 -0.237713
v -0.085112 0.496897 -0.225602
v -0.085112 0.496897 -0.225602
v -0.085112 0.496897 -0.225602
v -0.085112 0.496897 -0.225602
v -0.120746 0.485779 -0.208817
v -0.120746 0.485779 -0.208817
v -0.069289 0.503227 -0.232452
v -0.069289 0.503227 -0.232452
v -0.069289 0.503227 -0.232452
v -0.069289 0.503227 -0.232452
v -0.017425 0.514677 -0.243451
v -0.017425 0.514677 -0.243451
v -0.017425 0.514677 -0.243451
v -0.017425 0.514677 -0.243451
v -0.302639 0.407052 0.188608
v -0.302639 0.407052 0.188608
v -0.278600 0.009398 0.291641
v -0.278600 0.009398 0.291641
v -0.278600 0.009398 0.291641
v -0.320931 -0.000005 0.253645
v -0.320931 -0.000005 0.253645
v -0.320931 -0.000005 0.253645
v -0.301100 0.009398 0.290776
v -0.301100 0.009398 0.290776
v -0.319965 0.009398 0.273163
v -0.319965 0.009398 0.273163
v -0.320931 0.001538 0.235691
v -0.320931 0.001538 0.235691
v -0.320931 0.001538 0.235691
v -0.280333 -0.000005 0.291641
v -0.280333 -0.000005 0.291641
v -0.301100 -0.000005 0.290776
v -0.301100 -0.000005 0.290776
v -0.319965 -0.000005 0.273163
v -0.319965 -0.000005 0.273163
v -0.247579 0.411471 0.188608
v -0.247579 0.411471 0.188608
v -0.302639 0.407052 0.166995
v -0.302639 0.407052 0.166995
v -0.264383 0.009398 0.291641
v -0.264383 0.009398 0.291641
v -0.264383 0.009398 0.291641
v -0.195490 0.393006 0.271404
v -0.195490 0.393006 0.271404
v -0.266716 0.001538 0.291641
v -0.266716 0.001538 0.291641
v -0.266716 0.001538 0.291641
v -0.197157 0.463239 0.196146
v -0.189899 0.462604 0.263912
v -0.189899 0.462604 0.263912
v -0.184507 0.460152 0.108619
v -0.131811 0.446552 -0.151816
v -0.131811 0.446552 -0.151816
v -0.131811 0.446552 -0.151816
v -0.131811 0.446552 -0.151816
v -0.156152 0.396094 0.277665
v -0.156152 0.396094 0.277665
v -0.025133 0.390855 0.288402
v -0.025133 0.390855 0.288402
v -0.056887 0.391363 0.287372
v -0.056887 0.391363 0.287372
v -0.091636 0.392400 0.285233
v -0.091636 0.392400 0.285233
v -0.124368 0.393923 0.282072
v -0.124368 0.393923 0.282072
v -0.138336 0.456816 0.183263
v -0.138336 0.456816 0.183263
v -0.138336 0.456816 0.183263
v -0.029883 0.448672 0.189114
v -0.029883 0.448672 0.189114
v -0.029883 0.448672 0.189114
v -0.053265 0.450350 0.187946
v -0.053265 0.450350 0.187946
v -0.053265 0.450350 0.187946
v -0.109090 0.452235 0.114434
v -0.109090 0.452235 0.114434
v -0.081664 0.450356 0.115059
v -0.051329 0.448651 0.115711
v -0.051329 0.448651 0.115711
v -0.029552 0.446946 0.116363
v -0.029552 0.446946 0.116363
v -0.156211 0.459140 0.268301
v -0.156211 0.459140 0.268301
v -0.025279 0.452918 0.276175
v -0.025279 0.452918 0.276175
v -0.057217 0.453531 0.275410
v -0.057217 0.453531 0.275410
v -0.092168 0.454785 0.273820
v -0.092168 0.454785 0.273820
v -0.125090 0.456627 0.271471
v -0.125090 0.456627 0.271471
v -0.186944 0.009398 -0.300240
v -0.186944 0.009398 -0.300240
v -0.186944 0.009398 -0.300240
v -0.186944 0.009398 -0.300240
v -0.194717 0.030634 -0.261043
v -0.194717 0.030634 -0.261043
v -0.194717 0.030634 -0.261043
v -0.175102 0.447712 -0.151816
v -0.175102 0.447712 -0.151816
v -0.175102 0.447712 -0.151816
v -0.238008 0.009398 -0.261043
v -0.238008 0.009398 -0.261043
v -0.238008 0.009398 -0.261043
v -0.238008 0.009398 -0.261043
v -0.144532 0.800244 -0.274086
v -0.144532 0.800244 -0.274086
v -0.144532 0.800244 -0.274086
v -0.144532 0.800244 -0.274086
v -0.144532 0.800244 -0.274086
v -0.144532 0.800244 -0.274086
v -0.129184 0.741594 -0.269016
v -0.129184 0.741594 -0.269016
v -0.116904 0.665381 -0.258505
v -0.116904 0.665381 -0.258505
v -0.114164 0.583338 -0.246348
v -0.114164 0.583338 -0.246348
v -0.114164 0.583338 -0.246348
v -0.117243 0.529127 -0.235334
v -0.117243 0.529127 -0.235334
v -0.118996 0.487073 -0.229095
v -0.118996 0.487073 -0.229095
v -0.037037 0.448252 -0.179109
v -0.037037 0.448252 -0.179109
v -0.037037 0.448252 -0.179109
v -0.037037 0.448252 -0.179109
v -0.034214 0.461273 -0.221626
v -0.034214 0.461273 -0.221626
v -0.056070 0.448301 -0.175971
v -0.056070 0.448301 -0.175971
v -0.051825 0.460111 -0.219018
v -0.095698 0.448218 -0.163891
v -0.095698 0.448218 -0.163891
v -0.095698 0.448218 -0.163891
v -0.095698 0.448218 -0.163891
v -0.090886 0.455735 -0.205664
v -0.090886 0.455735 -0.205664
v -0.125585 0.450958 -0.183595
v -0.125585 0.450958 -0.183595
v -0.076236 0.448308 -0.170853
v -0.076236 0.448308 -0.170853
v -0.076236 0.448308 -0.170853
v -0.076236 0.448308 -0.170853
v -0.070069 0.458246 -0.214579
v -0.070069 0.458246 -0.214579
v -0.018445 0.448107 -0.181198
v -0.018445 0.448107 -0.181198
v -0.018445 0.448107 -0.181198
v -0.018445 0.448107 -0.181198
v -0.017224 0.461922 -0.222951
v -0.017224 0.461922 -0.222951
v -0.121078 0.446625 -0.223383
v -0.121078 0.446625 -0.223383
v -0.188944 -0.000005 -0.299966
v -0.188944 -0.000005 -0.299966
v -0.207121 0.009398 -0.299161
v -0.207121 0.009398 -0.299161
v -0.233565 0.009398 -0.277903
v -0.233565 0.009398 -0.277903
v -0.223669 0.009398 -0.292245
v -0.223669 0.009398 -0.292245
v -0.237442 -0.000005 -0.261776
v -0.237442 -0.000005 -0.261776
v -0.207121 -0.000005 -0.299161
v -0.207121 -0.000005 -0.299161
v -0.233565 -0.000005 -0.277903
v -0.233565 -0.000005 -0.277903
v -0.223669 -0.000005 -0.292245
v -0.223669 -0.000005 -0.292245
v -0.223669 -0.000005 -0.292245
v -0.190352 0.452432 -0.085462
v -0.190352 0.452432 -0.085462
v -0.238008 0.009398 -0.246337
v -0.238008 0.009398 -0.246337
v -0.238008 0.009398 -0.246337
v -0.238008 0.009398 -0.246337
v -0.238008 0.001538 -0.250091
v -0.238008 0.001538 -0.250091
v -0.146023 0.352380 -0.176492
v -0.146023 0.352380 -0.176492
v -0.189313 0.348629 -0.176492
v -0.189313 0.348629 -0.176492
v -0.135165 0.355504 -0.234444
v -0.135165 0.355504 -0.234444
v -0.178176 0.009398 -0.298597
v -0.178176 0.009398 -0.298597
v -0.178176 0.009398 -0.298597
v -0.178176 0.009398 -0.298597
v -0.111180 0.529995 -0.237979
v -0.111180 0.529995 -0.237979
v -0.111692 0.486287 -0.231528
v -0.111692 0.486287 -0.231528
v -0.112977 0.446842 -0.229703
v -0.112977 0.446842 -0.229703
v -0.179615 0.001538 -0.298866
v -0.179615 0.001538 -0.298866
v -0.179615 0.001538 -0.298866
v -0.126209 0.355890 -0.243550
v -0.126209 0.355890 -0.243550
v -0.106983 0.447186 -0.100437
v -0.106983 0.447186 -0.100437
v -0.106983 0.447186 -0.100437
v -0.106983 0.447186 -0.100437
v -0.089947 0.446153 -0.105108
v -0.089947 0.446153 -0.105108
v -0.089947 0.446153 -0.105108
v -0.089947 0.446153 -0.105108
v -0.146379 0.449766 -0.087637
v -0.063095 0.445220 -0.108717
v -0.041283 0.444262 -0.111913
v -0.041283 0.444262 -0.111913
v -0.041283 0.444262 -0.111913
v -0.041283 0.444262 -0.111913
v -0.024479 0.443320 -0.114679
v -0.024479 0.443320 -0.114679
v -0.024479 0.443320 -0.114679
v -0.024479 0.443320 -0.114679
v -0.210267 0.465074 0.259540
v -0.210267 0.465074 0.259540
v -0.234877 0.468159 0.234957
v -0.234877 0.468159 0.234957
v -0.239709 0.408354 0.251312
v -0.314116 0.009398 0.285356
v -0.314116 0.009398 0.285356
v -0.314116 -0.000005 0.285356
v -0.314116 -0.000005 0.285356
v -0.314116 -0.000005 0.285356
v -0.233782 0.427432 0.110346
v -0.233782 0.427432 0.110346
v -0.237540 0.433659 0.123392
v -0.237540 0.433659 0.123392
v -0.289785 0.674075 0.014179
v -0.289785 0.674075 0.014179
v -0.246614 0.668293 0.014292
v -0.246614 0.668293 0.014292
v -0.247185 0.673132 -0.057783
v -0.247185 0.673132 -0.057783
v -0.289203 0.679281 -0.060596
v -0.289203 0.679281 -0.060596
v -0.287369 0.697166 -0.113334
v -0.287369 0.697166 -0.113334
v -0.281563 0.727066 -0.160582
v -0.281563 0.727066 -0.160582
v -0.266833 0.761058 -0.202143
v -0.266833 0.761058 -0.202143
v -0.243098 0.793418 -0.236613
v -0.243098 0.793418 -0.236613
v -0.211073 0.821899 -0.265138
v -0.211073 0.821899 -0.265138
v -0.135312 0.859319 -0.302477
v -0.135312 0.859319 -0.302477
v -0.156935 0.802593 -0.264152
v -0.156935 0.802593 -0.264152
v -0.186634 0.787836 -0.245768
v -0.186634 0.787836 -0.245768
v -0.214865 0.765657 -0.218657
v -0.214865 0.765657 -0.218657
v -0.235688 0.740512 -0.186322
v -0.235688 0.740512 -0.186322
v -0.245789 0.714091 -0.149197
v -0.245789 0.714091 -0.149197
v -0.247958 0.688799 -0.105803
v -0.247958 0.688799 -0.105803
v -0.313101 0.179606 0.225872
v -0.313101 0.179606 0.225872
v -0.295600 0.554297 0.164886
v -0.295600 0.554297 0.164886
v -0.289808 0.673872 0.082702
v -0.289808 0.673872 0.082702
v -0.246582 0.668096 0.082702
v -0.246582 0.668096 0.082702
v -0.244345 0.547360 0.165751
v -0.244345 0.547360 0.165751
v -0.244332 0.546583 0.126737
v -0.244332 0.546583 0.126737
v -0.245957 0.634038 0.014433
v -0.245957 0.634038 0.014433
v -0.246850 0.644457 -0.057783
v -0.246850 0.644457 -0.057783
v -0.158117 0.794049 -0.264472
v -0.158117 0.794049 -0.264472
v -0.187652 0.778525 -0.247083
v -0.187652 0.778525 -0.247083
v -0.215389 0.756203 -0.219350
v -0.215389 0.756203 -0.219350
v -0.235709 0.728958 -0.186351
v -0.235709 0.728958 -0.186351
v -0.245789 0.698413 -0.149197
v -0.245789 0.698413 -0.149197
v -0.245789 0.698413 -0.149197
v -0.247944 0.666912 -0.105803
v -0.247944 0.666912 -0.105803
v -0.245849 0.627796 0.083480
v -0.245849 0.627796 0.083480
v -0.174282 0.843723 -0.287092
v -0.174282 0.843723 -0.287092
v -0.120683 0.814599 -0.279258
v -0.120683 0.814599 -0.279258
v -0.125491 0.805809 -0.277421
v -0.125491 0.805809 -0.277421
v -0.112361 0.740331 -0.260823
v -0.041081 0.789804 -0.289343
v -0.041081 0.789804 -0.289343
v -0.062782 0.786512 -0.285905
v -0.083750 0.782213 -0.281126
v -0.083750 0.782213 -0.281126
v -0.024675 0.790470 -0.290462
v -0.024675 0.790470 -0.290462
v -0.100880 0.777549 -0.275495
v -0.100880 0.777549 -0.275495
v -0.135549 0.767676 -0.262064
v -0.135549 0.767676 -0.262064
v -0.102883 0.669555 -0.247493
v -0.122808 0.708255 -0.249103
v -0.122808 0.708255 -0.249103
v -0.114979 0.620192 -0.233590
v -0.114979 0.620192 -0.233590
v -0.100064 0.597294 -0.235945
v -0.051574 0.652086 -0.261398
v -0.067567 0.647030 -0.256432
v -0.067567 0.647030 -0.256432
v -0.018175 0.657173 -0.266523
v -0.018175 0.657173 -0.266523
v -0.083397 0.641334 -0.249719
v -0.083397 0.641334 -0.249719
v -0.034781 0.656029 -0.265004
v -0.034781 0.656029 -0.265004
v -0.101530 0.538898 -0.225950
v -0.055367 0.718727 -0.271334
v -0.072733 0.714630 -0.266804
v -0.072733 0.714630 -0.266804
v -0.037704 0.721663 -0.274586
v -0.037704 0.721663 -0.274586
v -0.020921 0.722431 -0.276004
v -0.020921 0.722431 -0.276004
v -0.089418 0.709719 -0.260601
v -0.089418 0.709719 -0.260601
v -0.289799 0.648263 0.014638
v -0.289799 0.648263 0.014638
v -0.289203 0.653440 -0.060596
v -0.289203 0.653440 -0.060596
v -0.287319 0.671528 -0.113471
v -0.287319 0.671528 -0.113471
v -0.280407 0.706120 -0.163913
v -0.280407 0.706120 -0.163913
v -0.265447 0.745572 -0.209638
v -0.265447 0.745572 -0.209638
v -0.242771 0.780380 -0.247370
v -0.242771 0.780380 -0.247370
v -0.242771 0.780380 -0.247370
v -0.211024 0.810690 -0.278561
v -0.211024 0.810690 -0.278561
v -0.135312 0.848485 -0.316448
v -0.135312 0.848485 -0.316448
v -0.290349 0.646274 0.091626
v -0.290349 0.646274 0.091626
v -0.174280 0.832877 -0.301045
v -0.174280 0.832877 -0.301045
v -0.313101 0.179606 0.204259
v -0.313101 0.179606 0.204259
v -0.295231 0.556989 0.140636
v -0.295231 0.556989 0.140636
v -0.103008 0.490891 -0.217021
v -0.275213 0.009398 0.291641
v -0.275213 0.009398 0.291641
v -0.191587 0.462628 0.230436
v -0.027806 0.450509 0.238483
v -0.058046 0.451655 0.237447
v -0.090135 0.453312 0.235869
v -0.122068 0.455557 0.233687
v -0.149636 0.457889 0.231522
v -0.112723 0.445971 -0.166176
v -0.112723 0.445971 -0.166176
v -0.173220 0.460809 0.266243
v -0.173220 0.460809 0.266243
v -0.169717 0.459571 0.182585
v -0.160534 0.457004 0.113698
v -0.135684 0.420801 -0.158541
v -0.135684 0.420801 -0.158541
v -0.135198 0.766269 -0.273032
v -0.135198 0.766269 -0.273032
v -0.178975 0.420684 -0.158541
v -0.178975 0.420684 -0.158541
v -0.122808 0.708264 -0.264242
v -0.122808 0.708264 -0.264242
v -0.114888 0.620734 -0.252100
v -0.114888 0.620734 -0.252100
v -0.106907 0.453561 -0.195842
v -0.157547 0.207261 -0.260057
v -0.157547 0.207261 -0.260057
v -0.233565 0.004697 -0.277903
v -0.223669 0.004697 -0.292245
v -0.207121 0.004697 -0.299161
v -0.188778 0.004697 -0.299989
v -0.237489 0.004697 -0.261576
v -0.238008 0.004892 -0.247558
v -0.238008 0.004892 -0.247558
v -0.167137 0.212842 -0.213154
v -0.167137 0.212842 -0.213154
v -0.210428 0.201527 -0.213154
v -0.210428 0.201527 -0.213154
v -0.124365 0.425351 -0.224286
v -0.124365 0.425351 -0.224286
v -0.131103 0.425889 -0.181347
v -0.148627 0.206405 -0.267296
v -0.148627 0.206405 -0.267296
v -0.178359 0.004892 -0.298631
v -0.178359 0.004892 -0.298631
v -0.115766 0.425910 -0.232509
v -0.115766 0.425910 -0.232509
v -0.265322 0.193644 0.225872
v -0.265322 0.193644 0.225872
v -0.263017 0.182212 0.270715
v -0.250310 0.180194 0.279202
v -0.250310 0.180194 0.279202
v -0.175058 0.396870 0.274641
v -0.175058 0.396870 0.274641
v -0.175058 0.396870 0.274641
v -0.125863 0.448575 -0.094615
v -0.224353 0.467017 0.250195
v -0.224353 0.467017 0.250195
v -0.224540 0.405688 0.263511
v -0.118261 0.772321 -0.268698
v -0.109433 0.707103 -0.253288
v -0.102677 0.629854 -0.240193
v -0.260721 0.181472 0.273834
v -0.173494 0.460285 0.230353
v -0.200461 0.429516 -0.051487
v -0.025207 0.422283 0.282211
v -0.174046 0.432068 0.270018
v -0.206687 0.428897 0.264653
v -0.156185 0.431304 0.272435
v -0.192303 0.432672 0.267134
v -0.124780 0.429678 0.276027
v -0.091936 0.427555 0.278801
v -0.057065 0.424941 0.280911
v -0.171724 0.456670 0.042819
v -0.103105 0.449969 0.038980
v -0.103105 0.449969 0.038980
v -0.076216 0.448336 0.038133
v -0.048423 0.446839 0.037473
v -0.048423 0.446839 0.037473
v -0.028099 0.445342 0.036812
v -0.028099 0.445342 0.036812
v -0.086860 0.452241 0.186571
v -0.225268 0.463560 0.066453
v -0.225268 0.463560 0.066453
v -0.149427 0.454278 0.041178
v -0.291148 0.636464 0.110726
v -0.291148 0.636464 0.110726
v -0.291148 0.636464 0.110726
v -0.291148 0.636464 0.110726
v -0.278600 0.012264 0.286530
v -0.278600 0.012264 0.286530
v -0.235957 0.468296 0.227371
v -0.235957 0.468296 0.227371
v -0.240771 0.408774 0.242852
v -0.263328 0.183755 0.264664
v -0.034390 0.831042 -0.301915
v -0.034390 0.831042 -0.301915
v -0.034664 0.875173 -0.321630
v -0.034664 0.875173 -0.321630
v -0.287474 0.671195 0.053931
v -0.287474 0.671195 0.053931
v -0.249238 0.665738 0.053922
v -0.249238 0.665738 0.053922
v -0.287247 0.672859 -0.027401
v -0.287247 0.672859 -0.027401
v -0.249474 0.667309 -0.026464
v -0.249474 0.667309 -0.026464
v -0.286049 0.683862 -0.088671
v -0.286049 0.683862 -0.088671
v -0.282743 0.708818 -0.138601
v -0.282743 0.708818 -0.138601
v -0.273034 0.741714 -0.183069
v -0.273034 0.741714 -0.183069
v -0.253624 0.775003 -0.221197
v -0.253624 0.775003 -0.221197
v -0.114131 0.862181 -0.309311
v -0.114131 0.862181 -0.309311
v -0.073792 0.871013 -0.317711
v -0.073792 0.871013 -0.317711
v -0.067109 0.827065 -0.298151
v -0.067109 0.827065 -0.298151
v -0.101408 0.819444 -0.289519
v -0.101408 0.819444 -0.289519
v -0.228652 0.751589 -0.205270
v -0.228652 0.751589 -0.205270
v -0.244373 0.725999 -0.170781
v -0.244373 0.725999 -0.170781
v -0.250143 0.698667 -0.129394
v -0.250143 0.698667 -0.129394
v -0.250375 0.677231 -0.083350
v -0.250375 0.677231 -0.083350
v -0.317605 0.008389 0.253029
v -0.317605 0.008389 0.253029
v -0.317605 0.008389 0.253029
v -0.317605 0.008389 0.253029
v -0.276306 0.029085 0.251532
v -0.276306 0.029085 0.251532
v -0.276306 0.029085 0.251532
v -0.242928 0.466027 0.176214
v -0.242928 0.466027 0.176214
v -0.242928 0.466027 0.176214
v -0.242928 0.466027 0.176214
v -0.296419 0.485293 0.173375
v -0.296419 0.485293 0.173375
v -0.249179 0.618460 0.099687
v -0.249179 0.618460 0.099687
v -0.249179 0.618460 0.099687
v -0.244101 0.465856 0.143413
v -0.244101 0.465856 0.143413
v -0.244101 0.465856 0.143413
v -0.244101 0.465856 0.143413
v -0.244101 0.465856 0.143413
v -0.248040 0.609589 0.152960
v -0.248040 0.609589 0.152960
v -0.289959 0.618130 0.152218
v -0.289959 0.618130 0.152218
v -0.248957 0.603735 0.108451
v -0.248957 0.603735 0.108451
v -0.042666 0.823831 -0.301876
v -0.042666 0.823831 -0.301876
v -0.042666 0.823831 -0.301876
v -0.042666 0.823831 -0.301876
v -0.249465 0.631663 0.055055
v -0.249465 0.631663 0.055055
v -0.249778 0.638085 -0.026292
v -0.249778 0.638085 -0.026292
v -0.067343 0.820008 -0.298160
v -0.067343 0.820008 -0.298160
v -0.108429 0.810999 -0.287559
v -0.108429 0.810999 -0.287559
v -0.108429 0.810999 -0.287559
v -0.108429 0.810999 -0.287559
v -0.229848 0.742987 -0.204721
v -0.229848 0.742987 -0.204721
v -0.245491 0.714196 -0.169566
v -0.245491 0.714196 -0.169566
v -0.251085 0.682301 -0.128170
v -0.251085 0.682301 -0.128170
v -0.251104 0.653842 -0.082614
v -0.251104 0.653842 -0.082614
v -0.154369 0.848699 -0.296142
v -0.154369 0.848699 -0.296142
v -0.141322 0.807575 -0.274908
v -0.141322 0.807575 -0.274908
v -0.141322 0.807575 -0.274908
v -0.091266 0.815640 -0.293030
v -0.091266 0.815640 -0.293030
v -0.091266 0.815640 -0.293030
v -0.091266 0.815640 -0.293030
v -0.027047 0.824626 -0.302736
v -0.027047 0.824626 -0.302736
v -0.027047 0.824626 -0.302736
v -0.027047 0.824626 -0.302736
v -0.040012 0.754884 -0.284642
v -0.040012 0.754884 -0.284642
v -0.059461 0.751789 -0.281338
v -0.095831 0.742819 -0.270727
v -0.095831 0.742819 -0.270727
v -0.127125 0.741399 -0.258374
v -0.127125 0.741399 -0.258374
v -0.078360 0.747662 -0.276744
v -0.078360 0.747662 -0.276744
v -0.022760 0.755531 -0.285998
v -0.022760 0.755531 -0.285998
v -0.036473 0.687778 -0.272805
v -0.036473 0.687778 -0.272805
v -0.053471 0.684595 -0.269406
v -0.086612 0.674880 -0.258093
v -0.086612 0.674880 -0.258093
v -0.114898 0.664911 -0.244475
v -0.114898 0.664911 -0.244475
v -0.070164 0.680176 -0.264692
v -0.070164 0.680176 -0.264692
v -0.019606 0.688799 -0.274309
v -0.019606 0.688799 -0.274309
v -0.034741 0.623919 -0.264230
v -0.034741 0.623919 -0.264230
v -0.052005 0.619208 -0.260363
v -0.084337 0.607334 -0.247995
v -0.084337 0.607334 -0.247995
v -0.113595 0.582264 -0.229864
v -0.113595 0.582264 -0.229864
v -0.068127 0.613498 -0.254999
v -0.068127 0.613498 -0.254999
v -0.017540 0.625132 -0.265855
v -0.017540 0.625132 -0.265855
v -0.034336 0.563315 -0.254379
v -0.034336 0.563315 -0.254379
v -0.051755 0.558738 -0.250516
v -0.085980 0.546268 -0.237503
v -0.085980 0.546268 -0.237503
v -0.116349 0.530355 -0.220443
v -0.116349 0.530355 -0.220443
v -0.069082 0.552798 -0.244720
v -0.069082 0.552798 -0.244720
v -0.017475 0.564771 -0.256111
v -0.017475 0.564771 -0.256111
v -0.034519 0.865001 -0.332639
v -0.034519 0.865001 -0.332639
v -0.286372 0.648237 0.057617
v -0.286372 0.648237 0.057617
v -0.286071 0.649653 -0.027201
v -0.286071 0.649653 -0.027201
v -0.284943 0.660491 -0.087809
v -0.284943 0.660491 -0.087809
v -0.281357 0.686900 -0.138245
v -0.281357 0.686900 -0.138245
v -0.270493 0.726507 -0.186911
v -0.270493 0.726507 -0.186911
v -0.251913 0.762618 -0.227863
v -0.251913 0.762618 -0.227863
v -0.113537 0.852120 -0.320453
v -0.113537 0.852120 -0.320453
v -0.073450 0.860875 -0.328773
v -0.073450 0.860875 -0.328773
v -0.288399 0.618755 0.122459
v -0.288399 0.618755 0.122459
v -0.153593 0.838738 -0.307405
v -0.153593 0.838738 -0.307405
v -0.317381 0.009300 0.232145
v -0.317381 0.009300 0.232145
v -0.295252 0.486772 0.153763
v -0.295252 0.486772 0.153763
v -0.034167 0.511405 -0.245038
v -0.034167 0.511405 -0.245038
v -0.034167 0.511405 -0.245038
v -0.034167 0.511405 -0.245038
v -0.051761 0.508144 -0.241125
v -0.086395 0.496212 -0.228842
v -0.086395 0.496212 -0.228842
v -0.086395 0.496212 -0.228842
v -0.086395 0.496212 -0.228842
v -0.118586 0.484940 -0.211509
v -0.118586 0.484940 -0.211509
v -0.070175 0.502505 -0.235814
v -0.070175 0.502505 -0.235814
v -0.070175 0.502505 -0.235814
v -0.070175 0.502505 -0.235814
v -0.017541 0.513846 -0.246901
v -0.017541 0.513846 -0.246901
v -0.017541 0.513846 -0.246901
v -0.017541 0.513846 -0.246901
v -0.300123 0.406525 0.186158
v -0.300123 0.406525 0.186158
v -0.277548 0.008386 0.288404
v -0.277548 0.008386 0.288404
v -0.277548 0.008386 0.288404
v -0.277548 0.008386 0.288404
v -0.317380 -0.000004 0.253555
v -0.317380 -0.000004 0.253555
v -0.317380 -0.000004 0.253555
v -0.300411 0.007631 0.287774
v -0.300411 0.007631 0.287774
v -0.317002 0.007598 0.272395
v -0.317002 0.007598 0.272395
v -0.317379 0.001538 0.235691
v -0.317379 0.001538 0.235691
v -0.317379 0.001538 0.235691
v -0.280251 -0.000012 0.288091
v -0.280251 -0.000012 0.288091
v -0.300334 -0.000012 0.287308
v -0.300334 -0.000012 0.287308
v -0.316523 -0.000004 0.272290
v -0.316523 -0.000004 0.272290
v -0.245252 0.410813 0.186008
v -0.245252 0.410813 0.186008
v -0.299092 0.406886 0.166998
v -0.299092 0.406886 0.166998
v -0.263904 0.009186 0.288129
v -0.263904 0.009186 0.288129
v -0.263904 0.009186 0.288129
v -0.194799 0.392585 0.267946
v -0.194799 0.392585 0.267946
v -0.194799 0.392585 0.267946
v -0.266716 0.001538 0.288090
v -0.266716 0.001538 0.288090
v -0.266716 0.001538 0.288090
v -0.197641 0.459721 0.196176
v -0.189781 0.459959 0.261546
v -0.189781 0.459959 0.261546
v -0.184979 0.456634 0.108705
v -0.131052 0.443243 -0.150775
v -0.131052 0.443243 -0.150775
v -0.131052 0.443243 -0.150775
v -0.155688 0.395578 0.274183
v -0.155688 0.395578 0.274183
v -0.025076 0.390169 0.284918
v -0.025076 0.390169 0.284918
v -0.056754 0.390695 0.283887
v -0.056754 0.390695 0.283887
v -0.091409 0.391765 0.281746
v -0.091409 0.391765 0.281746
v -0.124026 0.393337 0.278586
v -0.124026 0.393337 0.278586
v -0.138336 0.451786 0.186764
v -0.138336 0.451786 0.186764
v -0.138336 0.451786 0.186764
v -0.115917 0.449299 0.188509
v -0.115917 0.449299 0.188509
v -0.115917 0.449299 0.188509
v -0.086860 0.447211 0.192355
v -0.053265 0.445320 0.191447
v -0.053265 0.445320 0.191447
v -0.053265 0.445320 0.191447
v -0.029883 0.443642 0.192615
v -0.029883 0.443642 0.192615
v -0.029883 0.443642 0.192615
v -0.156208 0.456425 0.266011
v -0.156208 0.456425 0.266011
v -0.025282 0.450088 0.274030
v -0.025282 0.450088 0.274030
v -0.057223 0.450713 0.273249
v -0.057223 0.450713 0.273249
v -0.092174 0.451990 0.271629
v -0.092174 0.451990 0.271629
v -0.125092 0.453867 0.269236
v -0.125092 0.453867 0.269236
v -0.186266 0.008425 -0.296892
v -0.186266 0.008425 -0.296892
v -0.186266 0.008425 -0.296892
v -0.186266 0.008425 -0.296892
v -0.192703 0.028864 -0.258714
v -0.192703 0.028864 -0.258714
v -0.192703 0.028864 -0.258714
v -0.173471 0.445309 -0.149771
v -0.173471 0.445309 -0.149771
v -0.173471 0.445309 -0.149771
v -0.234744 0.008426 -0.260034
v -0.234744 0.008426 -0.260034
v -0.234744 0.008426 -0.260034
v -0.234744 0.008426 -0.260034
v -0.138724 0.790127 -0.275810
v -0.138724 0.790127 -0.275810
v -0.138724 0.790127 -0.275810
v -0.125716 0.742357 -0.269015
v -0.125716 0.742357 -0.269015
v -0.113368 0.665717 -0.258499
v -0.113368 0.665717 -0.258499
v -0.110627 0.583313 -0.246033
v -0.110627 0.583313 -0.246033
v -0.110627 0.583313 -0.246033
v -0.114367 0.529345 -0.233262
v -0.114367 0.529345 -0.233262
v -0.116142 0.487251 -0.226989
v -0.116142 0.487251 -0.226989
v -0.035578 0.440634 -0.195124
v -0.035578 0.440634 -0.195124
v -0.034404 0.458855 -0.224220
v -0.034404 0.458855 -0.224220
v -0.054445 0.440773 -0.191923
v -0.052161 0.457633 -0.221540
v -0.094635 0.441614 -0.179267
v -0.094635 0.441614 -0.179267
v -0.089697 0.453017 -0.209852
v -0.089697 0.453017 -0.209852
v -0.123257 0.448310 -0.184021
v -0.123257 0.448310 -0.184021
v -0.073963 0.440956 -0.186785
v -0.073963 0.440956 -0.186785
v -0.070585 0.455680 -0.216979
v -0.070585 0.455680 -0.216979
v -0.018894 0.440548 -0.196553
v -0.018894 0.440548 -0.196553
v -0.018145 0.459540 -0.225584
v -0.018145 0.459540 -0.225584
v -0.118001 0.446219 -0.221658
v -0.118001 0.446219 -0.221658
v -0.189061 -0.000009 -0.296416
v -0.189061 -0.000009 -0.296416
v -0.206428 0.007665 -0.296140
v -0.206428 0.007665 -0.296140
v -0.230750 0.007651 -0.276623
v -0.230750 0.007651 -0.276623
v -0.221710 0.007667 -0.289841
v -0.221710 0.007667 -0.289841
v -0.233929 -0.000020 -0.261258
v -0.233929 -0.000020 -0.261258
v -0.206345 -0.000002 -0.295696
v -0.206345 -0.000002 -0.295696
v -0.230322 -0.000005 -0.276455
v -0.230322 -0.000005 -0.276455
v -0.221432 -0.000005 -0.289487
v -0.221432 -0.000005 -0.289487
v -0.221432 -0.000005 -0.289487
v -0.188174 0.449702 -0.084818
v -0.188174 0.449702 -0.084818
v -0.234468 0.009157 -0.246187
v -0.234468 0.009157 -0.246187
v -0.234468 0.009157 -0.246187
v -0.234468 0.009157 -0.246187
v -0.234460 0.001507 -0.249939
v -0.234460 0.001507 -0.249939
v -0.143786 0.351399 -0.173914
v -0.143786 0.351399 -0.173914
v -0.187047 0.347679 -0.173928
v -0.187047 0.347679 -0.173928
v -0.132105 0.354763 -0.232801
v -0.132105 0.354763 -0.232801
v -0.177883 0.009081 -0.295072
v -0.177883 0.009081 -0.295072
v -0.177883 0.009081 -0.295072
v -0.177883 0.009081 -0.295072
v -0.110316 0.530346 -0.235799
v -0.110316 0.530346 -0.235799
v -0.110390 0.486694 -0.228250
v -0.110390 0.486694 -0.228250
v -0.110856 0.446605 -0.226864
v -0.110856 0.446605 -0.226864
v -0.180052 0.001522 -0.295342
v -0.180052 0.001522 -0.295342
v -0.180052 0.001522 -0.295342
v -0.123814 0.355130 -0.241041
v -0.123814 0.355130 -0.241041
v -0.041283 0.439232 -0.108412
v -0.041283 0.439232 -0.108412
v -0.041283 0.439232 -0.108412
v -0.041283 0.439232 -0.108412
v -0.106983 0.442156 -0.096936
v -0.106983 0.442156 -0.096936
v -0.106983 0.442156 -0.096936
v -0.106983 0.442156 -0.096936
v -0.146643 0.446228 -0.087500
v -0.024479 0.438290 -0.111177
v -0.024479 0.438290 -0.111177
v -0.024479 0.438290 -0.111177
v -0.024479 0.438290 -0.111177
v -0.063095 0.440190 -0.102934
v -0.089947 0.441123 -0.101607
v -0.089947 0.441123 -0.101607
v -0.089947 0.441123 -0.101607
v -0.089947 0.441123 -0.101607
v -0.209745 0.462495 0.257155
v -0.209745 0.462495 0.257155
v -0.232798 0.465458 0.233961
v -0.232798 0.465458 0.233961
v -0.232798 0.465458 0.233961
v -0.236627 0.407726 0.249663
v -0.236627 0.407726 0.249663
v -0.236627 0.407726 0.249663
v -0.311983 0.007644 0.283123
v -0.311983 0.007644 0.283123
v -0.311672 -0.000005 0.282779
v -0.311672 -0.000005 0.282779
v -0.311672 -0.000005 0.282779
v -0.230312 0.427362 0.111096
v -0.230312 0.427362 0.111096
v -0.234069 0.433648 0.124145
v -0.234069 0.433648 0.124145
v -0.287434 0.671413 0.014136
v -0.287434 0.671413 0.014136
v -0.249277 0.665944 0.014254
v -0.249277 0.665944 0.014254
v -0.249900 0.670870 -0.058139
v -0.249900 0.670870 -0.058139
v -0.286792 0.676709 -0.061021
v -0.286792 0.676709 -0.061021
v -0.284887 0.694815 -0.114295
v -0.284887 0.694815 -0.114295
v -0.284887 0.694815 -0.114295
v -0.278995 0.724816 -0.161559
v -0.278995 0.724816 -0.161559
v -0.264434 0.758587 -0.203009
v -0.264434 0.758587 -0.203009
v -0.241078 0.790639 -0.237513
v -0.241078 0.790639 -0.237513
v -0.209547 0.818819 -0.266030
v -0.209547 0.818819 -0.266030
v -0.134511 0.855952 -0.303274
v -0.134511 0.855952 -0.303274
v -0.158113 0.801738 -0.267391
v -0.158113 0.801738 -0.267391
v -0.188268 0.786966 -0.248798
v -0.188268 0.786966 -0.248798
v -0.216831 0.764486 -0.221373
v -0.216831 0.764486 -0.221373
v -0.237862 0.738942 -0.188651
v -0.237862 0.738942 -0.188651
v -0.248288 0.712223 -0.150894
v -0.248288 0.712223 -0.150894
v -0.248288 0.712223 -0.150894
v -0.250629 0.686692 -0.106822
v -0.250629 0.686692 -0.106822
v -0.310534 0.179084 0.223474
v -0.310534 0.179084 0.223474
v -0.293096 0.553772 0.162423
v -0.293096 0.553772 0.162423
v -0.287494 0.671178 0.082719
v -0.287494 0.671178 0.082719
v -0.249232 0.665732 0.082703
v -0.249232 0.665732 0.082703
v -0.246858 0.546912 0.163282
v -0.246858 0.546912 0.163282
v -0.247883 0.546516 0.126737
v -0.247883 0.546516 0.126737
v -0.249508 0.633972 0.014441
v -0.249508 0.633972 0.014441
v -0.250400 0.644414 -0.057724
v -0.250400 0.644414 -0.057724
v -0.159835 0.794450 -0.267554
v -0.159835 0.794450 -0.267554
v -0.190050 0.779109 -0.249637
v -0.190050 0.779109 -0.249637
v -0.218292 0.756474 -0.221378
v -0.218292 0.756474 -0.221378
v -0.238997 0.728975 -0.187694
v -0.238997 0.728975 -0.187694
v -0.249318 0.698413 -0.149599
v -0.249318 0.698413 -0.149599
v -0.249318 0.698413 -0.149599
v -0.249318 0.698413 -0.149599
v -0.251496 0.666905 -0.105791
v -0.251496 0.666905 -0.105791
v -0.249400 0.627728 0.083482
v -0.249400 0.627728 0.083482
v -0.173153 0.840459 -0.287920
v -0.173153 0.840459 -0.287920
v -0.121582 0.813716 -0.282578
v -0.121582 0.813716 -0.282578
v -0.126605 0.805311 -0.280756
v -0.126605 0.805311 -0.280756
v -0.113421 0.739420 -0.264087
v -0.041456 0.788924 -0.292763
v -0.041456 0.788924 -0.292763
v -0.063279 0.785614 -0.289305
v -0.084368 0.781291 -0.284499
v -0.084368 0.781291 -0.284499
v -0.024779 0.789627 -0.293911
v -0.024779 0.789627 -0.293911
v -0.101849 0.776540 -0.278759
v -0.101849 0.776540 -0.278759
v -0.133411 0.767503 -0.264894
v -0.133411 0.767503 -0.264894
v -0.104061 0.668900 -0.250778
v -0.120755 0.708052 -0.251993
v -0.120755 0.708052 -0.251993
v -0.112982 0.619751 -0.236493
v -0.112982 0.619751 -0.236493
v -0.101409 0.596768 -0.239189
v -0.052331 0.651592 -0.264832
v -0.068517 0.646521 -0.259816
v -0.068517 0.646521 -0.259816
v -0.018349 0.656703 -0.270039
v -0.018349 0.656703 -0.270039
v -0.084657 0.640771 -0.252992
v -0.084657 0.640771 -0.252992
v -0.035356 0.655545 -0.268475
v -0.035356 0.655545 -0.268475
v -0.102883 0.538361 -0.229189
v -0.055994 0.718062 -0.274765
v -0.073503 0.713944 -0.270203
v -0.073503 0.713944 -0.270203
v -0.038190 0.721017 -0.278044
v -0.038190 0.721017 -0.278044
v -0.021060 0.721815 -0.279499
v -0.021060 0.721815 -0.279499
v -0.090522 0.708950 -0.263887
v -0.090522 0.708950 -0.263887
v -0.286248 0.648258 0.014649
v -0.286248 0.648258 0.014649
v -0.285652 0.653440 -0.060530
v -0.285652 0.653440 -0.060530
v -0.283775 0.671538 -0.113250
v -0.283775 0.671538 -0.113250
v -0.283775 0.671538 -0.113250
v -0.276935 0.706166 -0.163168
v -0.276935 0.706166 -0.163168
v -0.262150 0.745247 -0.208360
v -0.262150 0.745247 -0.208360
v -0.239724 0.779274 -0.245919
v -0.239724 0.779274 -0.245919
v -0.239724 0.779274 -0.245919
v -0.208469 0.808814 -0.276959
v -0.208469 0.808814 -0.276959
v -0.133822 0.845937 -0.314472
v -0.133822 0.845937 -0.314472
v -0.286799 0.646187 0.091649
v -0.286799 0.646187 0.091649
v -0.172284 0.830561 -0.299238
v -0.172284 0.830561 -0.299238
v -0.309554 0.179443 0.204259
v -0.309554 0.179443 0.204259
v -0.291684 0.556818 0.140673
v -0.291684 0.556818 0.140673
v -0.104341 0.490188 -0.220236
v -0.274566 0.009175 0.288156
v -0.274566 0.009175 0.288156
v -0.192041 0.459106 0.230461
v -0.025395 0.446128 0.237920
v -0.057175 0.446936 0.237142
v -0.092046 0.448601 0.235523
v -0.124951 0.451054 0.233128
v -0.156180 0.454416 0.229882
v -0.113058 0.442461 -0.166598
v -0.173192 0.458124 0.263918
v -0.173192 0.458124 0.263918
v -0.169717 0.454541 0.188368
v -0.160534 0.451974 0.119481
v -0.133456 0.419798 -0.155964
v -0.133456 0.419798 -0.155964
v -0.131750 0.767118 -0.273030
v -0.131750 0.767118 -0.273030
v -0.176785 0.419756 -0.155903
v -0.176785 0.419756 -0.155903
v -0.119305 0.708848 -0.264241
v -0.119305 0.708848 -0.264241
v -0.111339 0.620834 -0.252028
v -0.111339 0.620834 -0.252028
v -0.107651 0.450599 -0.197653
v -0.154750 0.206462 -0.258018
v -0.154750 0.206462 -0.258018
v -0.230326 0.004732 -0.276446
v -0.221432 0.004697 -0.289487
v -0.206341 0.004713 -0.295697
v -0.188902 0.004751 -0.296440
v -0.233973 0.004770 -0.261084
v -0.234459 0.005008 -0.247466
v -0.234459 0.005008 -0.247466
v -0.164905 0.211861 -0.210572
v -0.164905 0.211861 -0.210572
v -0.208009 0.200577 -0.210734
v -0.208009 0.200577 -0.210734
v -0.121269 0.424665 -0.222688
v -0.121269 0.424665 -0.222688
v -0.127657 0.425230 -0.180795
v -0.146941 0.205624 -0.264270
v -0.146941 0.205624 -0.264270
v -0.178861 0.005003 -0.295117
v -0.178861 0.005003 -0.295117
v -0.113377 0.425257 -0.229963
v -0.113377 0.425257 -0.229963
v -0.262865 0.193027 0.223383
v -0.262865 0.193027 0.223383
v -0.259833 0.181777 0.269203
v -0.259833 0.181777 0.269203
v -0.249296 0.179846 0.275817
v -0.249296 0.179846 0.275817
v -0.174515 0.396401 0.271163
v -0.174515 0.396401 0.271163
v -0.174515 0.396401 0.271163
v -0.125863 0.443545 -0.088832
v -0.223166 0.464324 0.248207
v -0.223166 0.464324 0.248207
v -0.222934 0.405127 0.260394
v -0.222934 0.405127 0.260394
v -0.119239 0.771297 -0.271955
v -0.110544 0.706334 -0.256573
v -0.103955 0.629286 -0.243457
v -0.259065 0.181050 0.270720
v -0.173649 0.456667 0.228313
v -0.025154 0.421597 0.278727
v -0.173550 0.431599 0.266533
v -0.205694 0.428423 0.261276
v -0.155757 0.430789 0.268948
v -0.191676 0.432239 0.263666
v -0.124464 0.429093 0.272538
v -0.091727 0.426919 0.275314
v -0.056943 0.424272 0.277426
v -0.172114 0.453142 0.042941
v -0.149427 0.449248 0.046961
v -0.287599 0.636330 0.110758
v -0.287599 0.636330 0.110758
v -0.287599 0.636330 0.110758
v -0.287599 0.636330 0.110758
v -0.276214 0.009981 0.285222
v -0.276214 0.009981 0.285222
v -0.233791 0.465502 0.227030
v -0.233791 0.465502 0.227030
v -0.237277 0.408323 0.242405
v -0.259801 0.183420 0.264417
v -0.122922 0.788304 -0.276355
v -0.239449 0.465130 0.140682
v -0.239449 0.465130 0.140682
v -0.239449 0.465130 0.140682
v -0.218327 0.413870 0.025400
v -0.218327 0.413870 0.025400
v -0.207297 0.386351 -0.048940
v -0.207297 0.386351 -0.048940
v -0.211948 0.403477 -0.012882
v -0.211948 0.403477 -0.012882
v -0.203849 0.385953 -0.048192
v -0.203849 0.385953 -0.048192
v -0.214861 0.413605 0.026112
v -0.214861 0.413605 0.026112
v -0.208490 0.403135 -0.012155
v -0.208490 0.403135 -0.012155
v -0.289808 0.673872 0.140962
v -0.289808 0.673872 0.140962
v -0.289808 0.673872 0.140962
v -0.290059 0.668628 0.147055
v -0.290059 0.668628 0.147055
v -0.290059 0.668628 0.147055
v -0.246480 0.662806 0.147088
v -0.246480 0.662806 0.147088
v -0.246577 0.668092 0.140962
v -0.246577 0.668092 0.140962
v -0.246577 0.668092 0.140962
v -0.246577 0.668092 0.140962
v -0.288111 0.666253 0.145171
v -0.288111 0.666253 0.145171
v -0.288111 0.666253 0.145171
v -0.287873 0.671483 0.139108
v -0.287873 0.671483 0.139108
v -0.287873 0.671483 0.139108
v -0.248802 0.666004 0.139070
v -0.248802 0.666004 0.139070
v -0.248802 0.666004 0.139070
v -0.248694 0.660738 0.145168
v -0.248694 0.660738 0.145168
v -0.248694 0.660738 0.145168
v -0.202658 0.356724 -0.095620
v -0.202658 0.356724 -0.095620
v -0.202450 0.325512 -0.124118
v -0.202450 0.325512 -0.124118
v -0.198998 0.324946 -0.123512
v -0.198998 0.324946 -0.123512
v -0.199206 0.356168 -0.095003
v -0.199206 0.356168 -0.095003
v -0.211535 0.216893 -0.179954
v -0.211535 0.216893 -0.179954
v -0.215023 0.184662 -0.193026
v -0.215023 0.184662 -0.193026
v -0.211539 0.184098 -0.192653
v -0.211539 0.184098 -0.192653
v -0.208058 0.216310 -0.179533
v -0.208058 0.216310 -0.179533
v -0.250662 0.373620 0.195083
v -0.250662 0.373620 0.195083
v -0.249208 0.391475 0.192029
v -0.249208 0.391475 0.192029
v -0.207736 0.381842 0.269967
v -0.207736 0.381842 0.269967
v -0.218423 0.365746 0.269252
v -0.218423 0.365746 0.269252
v -0.303618 0.385775 0.192094
v -0.303618 0.385775 0.192094
v -0.304438 0.367953 0.195014
v -0.304438 0.367953 0.195014
v -0.304438 0.367956 0.173400
v -0.304438 0.367956 0.173400
v -0.303618 0.385781 0.170480
v -0.303618 0.385781 0.170480
v -0.245339 0.369755 0.254011
v -0.242994 0.387328 0.252702
v -0.230233 0.385310 0.264619
v -0.234167 0.368110 0.265563
v -0.243823 0.387924 0.244518
v -0.246059 0.370276 0.246056
v -0.246854 0.390808 0.189455
v -0.246854 0.390808 0.189455
v -0.248290 0.372950 0.192527
v -0.248290 0.372950 0.192527
v -0.217646 0.365373 0.265807
v -0.217646 0.365373 0.265807
v -0.206982 0.381476 0.266516
v -0.206982 0.381476 0.266516
v -0.301913 0.367424 0.192573
v -0.301913 0.367424 0.192573
v -0.301097 0.385252 0.189648
v -0.301097 0.385252 0.189648
v -0.300070 0.385619 0.170481
v -0.300070 0.385619 0.170481
v -0.300890 0.367792 0.173401
v -0.300890 0.367792 0.173401
v -0.239854 0.386764 0.251144
v -0.239854 0.386764 0.251144
v -0.242168 0.369172 0.252522
v -0.242168 0.369172 0.252522
v -0.232456 0.367603 0.262495
v -0.228570 0.384812 0.261520
v -0.242555 0.369816 0.245705
v -0.240321 0.387483 0.244130
v -0.305946 0.335169 0.200385
v -0.305946 0.335169 0.200385
v -0.308202 0.286123 0.208421
v -0.308202 0.286123 0.208421
v -0.308201 0.286143 0.186804
v -0.308201 0.286143 0.186804
v -0.305947 0.335149 0.178775
v -0.305947 0.335149 0.178775
v -0.253091 0.343800 0.200185
v -0.253091 0.343800 0.200185
v -0.257108 0.294483 0.208621
v -0.257108 0.294483 0.208621
v -0.253789 0.288493 0.260950
v -0.248954 0.337297 0.256692
v -0.227500 0.334890 0.270104
v -0.227500 0.334890 0.270104
v -0.237447 0.286783 0.272326
v -0.237447 0.286783 0.272326
v -0.240039 0.335609 0.267362
v -0.247427 0.287312 0.269652
v -0.254238 0.289299 0.253878
v -0.249508 0.338179 0.249079
v -0.305659 0.285586 0.206000
v -0.305659 0.285586 0.206000
v -0.303413 0.334652 0.197950
v -0.303413 0.334652 0.197950
v -0.302399 0.334989 0.178775
v -0.302399 0.334989 0.178775
v -0.304653 0.285974 0.186805
v -0.304653 0.285974 0.186805
v -0.254687 0.293835 0.206106
v -0.254687 0.293835 0.206106
v -0.250694 0.343172 0.197641
v -0.250694 0.343172 0.197641
v -0.245720 0.336880 0.255289
v -0.245720 0.336880 0.255289
v -0.250543 0.288004 0.259595
v -0.250543 0.288004 0.259595
v -0.236482 0.286461 0.268924
v -0.236482 0.286461 0.268924
v -0.226611 0.334591 0.266680
v -0.226611 0.334591 0.266680
v -0.245537 0.286887 0.266679
v -0.238185 0.335194 0.264365
v -0.245986 0.337847 0.248757
v -0.250720 0.288889 0.253603
v -0.228116 0.456994 0.074400
v -0.158603 0.453096 -0.024717
v -0.207192 0.457799 -0.012193
v -0.207192 0.457799 -0.012193
v -0.115917 0.454329 0.185008
v -0.115917 0.454329 0.185008
v -0.115917 0.454329 0.185008
v -0.214483 0.441192 0.011137
v -0.192896 0.413798 -0.094957
v -0.190168 0.390456 -0.128803
v -0.221063 0.463113 0.186008
v -0.137553 0.451276 -0.026875
v -0.069918 0.446804 -0.033963
v -0.045368 0.445449 -0.036175
v -0.045368 0.445449 -0.036175
v -0.026571 0.444056 -0.038449
v -0.026571 0.444056 -0.038449
v -0.096881 0.448141 -0.031781
v -0.096881 0.448141 -0.031781
v -0.114945 0.449694 -0.029282
v -0.114945 0.449694 -0.029282
v -0.122537 0.451897 0.039911
v -0.122537 0.451897 0.039911
v -0.131072 0.454493 0.114007
v -0.131072 0.454493 0.114007
v -0.159016 0.449587 -0.024135
v -0.202024 0.454134 -0.024486
v -0.202024 0.454134 -0.024486
v -0.213233 0.457721 0.024339
v -0.213233 0.457721 0.024339
v -0.109090 0.447205 0.120217
v -0.109090 0.447205 0.120217
v -0.081664 0.445326 0.120843
v -0.051329 0.443621 0.121494
v -0.051329 0.443621 0.121494
v -0.029552 0.441916 0.122146
v -0.029552 0.441916 0.122146
v -0.103105 0.444939 0.044763
v -0.103105 0.444939 0.044763
v -0.076216 0.443306 0.043917
v -0.048423 0.441809 0.043256
v -0.048423 0.441809 0.043256
v -0.028099 0.440313 0.042595
v -0.028099 0.440313 0.042595
v -0.137163 0.446280 -0.023718
v -0.069918 0.441774 -0.028180
v -0.045368 0.440419 -0.030392
v -0.045368 0.440419 -0.030392
v -0.026571 0.439026 -0.032666
v -0.026571 0.439026 -0.032666
v -0.096881 0.443111 -0.025998
v -0.096881 0.443111 -0.025998
v -0.115448 0.444313 -0.023614
v -0.115448 0.444313 -0.023614
v -0.122537 0.446867 0.045694
v -0.122537 0.446867 0.045694
v -0.131072 0.449463 0.119790
v -0.131072 0.449463 0.119790
v -0.031245 0.512416 -0.242953
v -0.031245 0.512416 -0.242953
v -0.020036 0.514112 -0.244222
v -0.020036 0.514112 -0.244222
v -0.034216 0.446868 -0.179426
v -0.034216 0.446868 -0.179426
v -0.021424 0.446691 -0.180863
v -0.021424 0.446691 -0.180863
v -0.019947 0.460379 -0.222739
v -0.031636 0.460009 -0.221827
v -0.027172 0.442032 -0.114236
v -0.027172 0.442032 -0.114236
v -0.038733 0.442756 -0.112333
v -0.038733 0.442756 -0.112333
v -0.031593 0.512567 -0.244579
v -0.031593 0.512567 -0.244579
v -0.020154 0.514247 -0.245861
v -0.020154 0.514247 -0.245861
v -0.032788 0.441414 -0.194599
v -0.021735 0.441354 -0.195582
v -0.020834 0.460223 -0.224623
v -0.031758 0.459751 -0.223685
v -0.027121 0.439233 -0.109992
v -0.027121 0.439233 -0.109992
v -0.038682 0.439881 -0.108090
v -0.038682 0.439881 -0.108090
v -0.082307 0.497833 -0.227883
v -0.082307 0.497833 -0.227883
v -0.071336 0.502272 -0.232633
v -0.071336 0.502272 -0.232633
v -0.092248 0.446642 -0.165125
v -0.092248 0.446642 -0.165125
v -0.078753 0.447135 -0.169952
v -0.078753 0.447135 -0.169952
v -0.072761 0.456760 -0.213426
v -0.087196 0.454589 -0.207244
v -0.092151 0.445125 -0.104504
v -0.092151 0.445125 -0.104504
v -0.103963 0.445411 -0.101265
v -0.103963 0.445411 -0.101265
v -0.083490 0.497465 -0.229466
v -0.083490 0.497465 -0.229466
v -0.072243 0.501828 -0.234301
v -0.072243 0.501828 -0.234301
v -0.090581 0.442313 -0.180353
v -0.076869 0.441857 -0.184935
v -0.073289 0.456151 -0.215179
v -0.085920 0.454305 -0.210869
v -0.092121 0.442072 -0.100391
v -0.092121 0.442072 -0.100391
v -0.103933 0.442788 -0.097152
v -0.103933 0.442788 -0.097152
v -0.033832 0.491551 -0.236131
v -0.033832 0.491551 -0.236131
v -0.033963 0.478394 -0.230890
v -0.033963 0.478394 -0.230890
v -0.051349 0.475774 -0.227844
v -0.051136 0.488989 -0.233042
v -0.087407 0.480600 -0.220867
v -0.087407 0.480600 -0.220867
v -0.089294 0.467141 -0.214082
v -0.089294 0.467141 -0.214082
v -0.123634 0.458401 -0.193846
v -0.123634 0.458401 -0.193846
v -0.121789 0.470494 -0.203476
v -0.121789 0.470494 -0.203476
v -0.121789 0.470494 -0.203476
v -0.069353 0.471845 -0.222805
v -0.069353 0.471845 -0.222805
v -0.069091 0.485072 -0.228250
v -0.069091 0.485072 -0.228250
v -0.017241 0.480330 -0.232581
v -0.017241 0.480330 -0.232581
v -0.017290 0.493449 -0.237723
v -0.017290 0.493449 -0.237723
v -0.120007 0.460512 -0.225259
v -0.120007 0.460512 -0.225259
v -0.119426 0.472235 -0.226920
v -0.119426 0.472235 -0.226920
v -0.119426 0.472235 -0.226920
v -0.119426 0.472235 -0.226920
v -0.112321 0.460654 -0.229619
v -0.112321 0.460654 -0.229619
v -0.111953 0.472463 -0.230225
v -0.111953 0.472463 -0.230225
v -0.111953 0.472463 -0.230225
v -0.111953 0.472463 -0.230225
v -0.105234 0.462984 -0.204911
v -0.103798 0.475895 -0.212713
v -0.034232 0.477201 -0.234215
v -0.034232 0.477201 -0.234215
v -0.034172 0.490126 -0.239391
v -0.034172 0.490126 -0.239391
v -0.051694 0.487607 -0.236293
v -0.051804 0.474580 -0.231143
v -0.088289 0.465562 -0.219069
v -0.088289 0.465562 -0.219069
v -0.087208 0.479237 -0.225380
v -0.087208 0.479237 -0.225380
v -0.119461 0.468840 -0.205529
v -0.119461 0.468840 -0.205529
v -0.119461 0.468840 -0.205529
v -0.121306 0.456019 -0.194819
v -0.121306 0.456019 -0.194819
v -0.069905 0.483685 -0.231445
v -0.069905 0.483685 -0.231445
v -0.070040 0.470612 -0.226040
v -0.070040 0.470612 -0.226040
v -0.017402 0.491960 -0.240981
v -0.017402 0.491960 -0.240981
v -0.017548 0.479201 -0.235946
v -0.017548 0.479201 -0.235946
v -0.116512 0.472275 -0.224890
v -0.116512 0.472275 -0.224890
v -0.116512 0.472275 -0.224890
v -0.116512 0.472275 -0.224890
v -0.117008 0.460715 -0.223375
v -0.117008 0.460715 -0.223375
v -0.110434 0.472696 -0.227028
v -0.110434 0.472696 -0.227028
v -0.110434 0.472696 -0.227028
v -0.110434 0.472696 -0.227028
v -0.110559 0.460943 -0.226549
v -0.110559 0.460943 -0.226549
v -0.105037 0.474482 -0.215716
v -0.106216 0.461109 -0.207650
v -0.019920 0.478567 -0.232304
v -0.019940 0.491664 -0.237624
v -0.031324 0.490426 -0.236535
v -0.031425 0.477344 -0.231157
v -0.020038 0.492462 -0.239985
v -0.020204 0.479663 -0.234923
v -0.031618 0.478346 -0.233763
v -0.031576 0.491178 -0.238886
v -0.071930 0.469985 -0.221632
v -0.071473 0.483360 -0.227517
v -0.084216 0.479838 -0.222369
v -0.085750 0.466379 -0.215641
v -0.072310 0.483915 -0.229898
v -0.072627 0.470710 -0.224234
v -0.084643 0.467385 -0.220158
v -0.083859 0.480766 -0.226131
vn -0.1324 0.9912 -0.0000
vn -0.1324 0.9912 0.0026
vn -0.1325 0.9912 0.0025
vn -0.1324 0.9912 0.0001
vn -0.1332 0.9909 0.0191
vn -0.1332 0.9909 0.0190
vn -0.1343 0.9883 0.0727
vn -0.1344 0.9884 0.0708
vn -0.1312 0.9745 0.1819
vn -0.1315 0.9759 0.1742
vn -0.1201 0.9392 0.3218
vn -0.1216 0.9438 0.3074
vn -0.1080 0.8902 0.4425
vn -0.1094 0.8973 0.4276
vn -0.1028 0.8420 0.5296
vn -0.1031 0.8498 0.5170
vn -0.1085 0.8001 0.5899
vn -0.1065 0.8072 0.5805
vn -0.1254 0.7638 0.6332
vn -0.1214 0.7704 0.6259
vn -0.1455 0.7268 0.6713
vn -0.1417 0.7344 0.6637
vn -0.1616 0.6879 0.7075
vn -0.1588 0.6958 0.7005
vn -0.1777 0.6412 0.7465
vn -0.1749 0.6496 0.7398
vn -0.1846 0.5840 0.7904
vn -0.1708 0.5375 0.8258
vn -0.1742 0.5426 0.8217
vn -0.1847 0.5919 0.7845
vn -0.4770 -0.1032 0.8728
vn -0.5196 -0.1229 0.8455
vn -0.6856 -0.1367 0.7150
vn -0.6325 -0.1404 0.7617
vn -0.1551 0.5137 0.8438
vn -0.1535 0.5114 0.8455
vn -0.1405 0.4911 0.8597
vn -0.1415 0.4929 0.8585
vn -0.1174 0.4671 0.8764
vn -0.1188 0.4682 0.8756
vn -0.0286 0.4314 0.9017
vn -0.0320 0.4315 0.9015
vn -0.0747 0.4435 0.8931
vn -0.0721 0.4426 0.8938
vn -0.0682 -0.0514 0.9964
vn -0.1193 -0.0615 0.9910
vn -0.1968 -0.0678 0.9781
vn -0.1842 -0.0673 0.9806
vn -0.0000 -0.0473 0.9989
vn -0.0396 -0.0474 0.9981
vn 0.0191 0.1662 0.9859
vn 0.0237 0.1665 0.9858
vn 0.0245 0.1664 0.9858
vn 0.0195 0.1662 0.9859
vn 0.0500 0.1679 0.9845
vn 0.0661 0.1688 0.9834
vn 0.0557 0.1683 0.9842
vn -0.0129 0.1561 0.9877
vn -0.0122 0.1567 0.9876
vn -0.0046 0.1601 0.9871
vn -0.0052 0.1601 0.9871
vn 0.0042 0.1629 0.9866
vn 0.0028 0.1623 0.9867
vn -0.9998 0.0183 0.0005
vn -0.9998 0.0189 0.0001
vn -0.9998 0.0183 -0.0000
vn -0.9981 0.0003 0.0609
vn -0.9879 -0.0000 0.1551
vn -0.9936 -0.0000 0.1131
vn -0.9993 0.0002 0.0378
vn -0.9997 0.0226 0.0057
vn -0.9998 0.0182 0.0003
vn -0.9998 0.0180 0.0003
vn -0.9998 0.0218 0.0045
vn 0.9998 0.0189 -0.0064
vn 0.9993 0.0372 -0.0062
vn 0.9993 0.0375 -0.0090
vn 0.9997 0.0242 -0.0064
vn 0.9993 -0.0005 -0.0376
vn 0.9998 -0.0000 -0.0200
vn 0.9998 -0.0000 -0.0185
vn 0.9994 -0.0003 -0.0335
vn -0.2574 -0.0605 0.9644
vn -0.3039 -0.0319 0.9522
vn -0.0212 0.2367 0.9714
vn -0.0195 0.2466 0.9689
vn -0.0000 0.2468 0.9691
vn -0.0000 0.2367 0.9716
vn -0.9998 0.0188 -0.0003
vn -0.9998 0.0189 -0.0025
vn -0.9998 0.0190 -0.0024
vn -0.9998 0.0184 -0.0000
vn -0.9562 -0.0008 0.2927
vn -0.9727 -0.0002 0.2322
vn 0.7288 0.5075 -0.4596
vn 0.8405 0.3423 -0.4201
vn 0.8435 0.3362 -0.4188
vn 0.7220 0.5154 -0.4616
vn -0.9998 0.0166 -0.0093
vn -0.9998 0.0168 -0.0085
vn -0.9999 0.0048 -0.0165
vn -1.0000 0.0012 0.0071
vn -1.0000 0.0019 -0.0032
vn -0.9998 0.0063 -0.0185
vn -0.7763 -0.1065 0.6213
vn -0.8057 -0.0812 0.5867
vn -0.3353 -0.0212 0.9419
vn -0.8495 -0.0424 0.5258
vn -0.8677 -0.0268 0.4963
vn 0.1304 -0.9253 -0.3561
vn 0.1405 -0.9901 0.0024
vn 0.1406 -0.9901 0.0024
vn 0.1314 -0.9318 -0.3383
vn -0.1397 0.2531 0.9573
vn -0.1319 0.2630 0.9558
vn -0.1094 0.2589 0.9597
vn -0.1147 0.2493 0.9616
vn -0.9998 0.0187 -0.0003
vn -0.9998 0.0184 -0.0001
vn -0.9998 0.0185 -0.0001
vn -0.9998 0.0190 -0.0005
vn -0.9998 0.0110 -0.0179
vn -0.9998 0.0122 -0.0169
vn -0.9025 -0.0098 0.4307
vn -0.9258 -0.0049 0.3781
vn -0.3796 -0.0359 0.9244
vn -0.3466 -0.0202 0.9378
vn -0.3564 -0.0193 0.9341
vn -0.4094 -0.0633 0.9101
vn 0.5886 0.6338 -0.5018
vn 0.5829 0.6375 -0.5038
vn 0.9693 -0.0000 0.2458
vn 0.9693 -0.0001 0.2458
vn 0.6882 -0.0000 0.7255
vn -0.1292 0.2205 0.9668
vn -0.1560 0.2243 0.9619
vn -0.1649 0.2569 0.9523
vn -0.1572 0.2673 0.9507
vn -0.1834 0.2277 0.9563
vn -0.2129 0.1401 0.9670
vn -0.1756 0.1374 0.9748
vn -0.1775 0.1452 0.9733
vn -0.2191 0.1476 0.9645
vn -0.0000 0.2085 0.9780
vn -0.0247 0.2085 0.9777
vn -0.0289 0.1732 0.9845
vn -0.0000 0.1728 0.9850
vn -0.0000 0.1442 0.9895
vn -0.0324 0.1441 0.9890
vn -0.2633 0.2919 0.9195
vn -0.2731 0.2841 0.9191
vn -0.2752 0.2886 0.9171
vn -0.2623 0.2958 0.9185
vn -0.2774 0.2942 0.9146
vn -0.2613 0.3005 0.9173
vn -0.2985 0.2565 0.9193
vn -0.2993 0.2657 0.9164
vn -0.2946 0.2558 0.9208
vn -0.2532 0.1416 0.9570
vn -0.2625 0.1497 0.9533
vn -0.1644 0.1532 0.9744
vn -0.1966 0.1565 0.9679
vn -0.0360 0.1319 0.9906
vn -0.0000 0.1316 0.9913
vn -0.0000 0.1452 0.9894
vn -0.0382 0.1454 0.9886
vn -0.3129 0.2164 0.9248
vn -0.3135 0.2211 0.9235
vn -0.3345 0.1864 0.9238
vn -0.3319 0.1844 0.9251
vn -0.3286 0.1838 0.9264
vn -0.3108 0.2165 0.9255
vn -0.3828 0.1470 0.9121
vn -0.3686 0.1588 0.9159
vn -0.3601 0.1601 0.9191
vn -0.3789 0.1481 0.9135
vn -0.3761 0.1456 0.9151
vn -0.3548 0.1586 0.9214
vn -0.2150 0.1660 0.9624
vn -0.2499 0.1653 0.9541
vn -0.2312 0.1583 0.9599
vn -0.0000 0.1705 0.9854
vn -0.0325 0.1708 0.9848
vn -0.3808 0.1513 0.9122
vn -0.3787 0.1541 0.9126
vn -0.1745 0.1665 0.9705
vn -0.0000 0.7902 -0.6128
vn 0.0898 0.7871 -0.6103
vn 0.0893 0.7871 -0.6103
vn -0.2064 0.1906 0.9597
vn -0.1764 0.1877 0.9663
vn -0.3803 0.1500 0.9126
vn 0.9984 0.0135 -0.0549
vn 0.9981 0.0199 -0.0591
vn 0.9965 0.0370 -0.0753
vn 0.9965 0.0374 -0.0751
vn 0.3394 0.7433 -0.5764
vn 0.3371 0.7440 -0.5769
vn 0.2091 0.7728 -0.5992
vn 0.2111 0.7724 -0.5990
vn 0.8965 0.2052 -0.3928
vn 0.8995 0.1947 -0.3911
vn 0.4891 0.6891 -0.5347
vn 0.4863 0.6902 -0.5357
vn 0.2043 -0.5769 -0.7909
vn 0.2035 -0.5677 -0.7977
vn 0.2009 -0.6274 -0.7523
vn 0.1983 -0.6375 -0.7445
vn -0.1951 0.2022 0.9597
vn -0.2200 0.2027 0.9542
vn 0.4215 0.7166 -0.5557
vn 0.4195 0.7173 -0.5563
vn -0.0000 0.2154 0.9765
vn -0.0179 0.2216 0.9750
vn -0.0641 0.4973 0.8652
vn -0.0586 0.4581 0.8870
vn 0.9989 0.0453 -0.0124
vn 0.9989 0.0461 -0.0126
vn 0.9988 0.0483 -0.0093
vn 0.9988 0.0481 -0.0106
vn 0.9885 -0.0130 -0.1505
vn 0.9970 -0.0045 -0.0772
vn 0.9980 -0.0028 -0.0625
vn 0.9925 -0.0097 -0.1220
vn 1.0000 -0.0000 -0.0084
vn 1.0000 0.0001 -0.0081
vn 0.9490 0.0281 -0.3140
vn 0.9713 -0.0102 -0.2378
vn 0.9776 -0.0131 -0.2100
vn 0.9542 0.0155 -0.2988
vn 1.0000 0.0063 -0.0038
vn 1.0000 0.0071 -0.0044
vn 0.9247 0.1051 -0.3658
vn 0.9285 0.0914 -0.3600
vn 0.9991 0.0421 -0.0086
vn 1.0000 0.0011 -0.0031
vn 1.0000 0.0013 -0.0029
vn -0.1277 0.9918 -0.0014
vn -0.1268 0.9919 -0.0040
vn -0.1256 0.9921 -0.0057
vn -0.1226 0.9924 -0.0066
vn 0.9989 0.0477 -0.0038
vn 0.9988 0.0480 -0.0046
vn 0.0157 0.1925 0.9812
vn 0.0139 0.1922 0.9813
vn -0.0000 0.1937 0.9811
vn -0.0000 0.1940 0.9810
vn -0.1657 0.2038 0.9649
vn -0.3721 0.1987 0.9067
vn -0.3660 0.2248 0.9031
vn -0.1292 0.4245 0.8962
vn -0.0748 0.7799 0.6215
vn -0.0724 0.8435 0.5322
vn -0.1556 0.4442 0.8823
vn -0.3768 0.1800 0.9086
vn 0.9959 0.0287 -0.0862
vn 0.9960 0.0299 -0.0838
vn 0.0595 0.1779 0.9823
vn 0.0545 0.1780 0.9825
vn 0.0322 0.1875 0.9817
vn 0.0352 0.1875 0.9816
vn -0.3466 0.3534 0.8689
vn -0.3256 0.4357 0.8391
vn -0.0747 0.9968 -0.0300
vn -0.0817 0.9959 -0.0391
vn -0.0531 0.9977 -0.0427
vn -0.0361 0.9989 -0.0303
vn 0.9571 0.1926 -0.2164
vn 0.9463 0.2006 -0.2534
vn 0.9464 0.2006 -0.2533
vn 0.9539 0.1951 -0.2280
vn -0.1338 0.2947 0.9462
vn -0.1598 0.2966 0.9415
vn 0.2267 0.9710 0.0761
vn 0.0680 0.8353 0.5456
vn 0.1018 0.7048 0.7020
vn 0.4171 0.9056 0.0769
vn -0.2688 0.8136 0.5156
vn -0.4597 0.7565 0.4652
vn -0.4537 0.4258 0.7828
vn -0.3534 0.4496 0.8203
vn 0.8655 0.1764 0.4689
vn 0.4489 0.1575 0.8796
vn 0.4496 0.1456 0.8813
vn 0.8747 0.1718 0.4533
vn -0.1257 0.9917 -0.0254
vn -0.1312 0.9913 -0.0072
vn -0.1366 0.9906 -0.0066
vn -0.1352 0.9907 -0.0179
vn 0.8949 0.1517 0.4196
vn 0.4786 0.1338 0.8678
vn 0.5095 0.1230 0.8516
vn 0.9122 0.1344 0.3870
vn 0.2438 0.9231 0.2974
vn 0.0188 0.8721 0.4889
vn 0.0185 0.8721 0.4889
vn 0.1110 0.8897 0.4429
vn 0.2853 0.9127 0.2927
vn 0.9998 0.0141 0.0172
vn 0.9997 -0.0002 0.0253
vn 1.0000 -0.0000 -0.0000
vn 0.0345 0.1672 0.9853
vn 0.0326 0.1670 0.9854
vn 0.9998 0.0141 0.0173
vn 0.3484 0.0628 0.9352
vn 0.1821 0.0628 0.9813
vn -0.0000 -0.0000 1.0000
vn 0.1350 0.0596 0.9890
vn 0.0109 0.1650 0.9862
vn 0.0115 0.1651 0.9862
vn -0.1271 0.9919 -0.0040
vn 0.0978 0.2602 -0.9606
vn 0.0642 0.2562 -0.9645
vn 0.0776 0.2578 -0.9631
vn 0.0063 -0.1623 -0.9867
vn 0.0072 -0.1614 -0.9869
vn 0.0072 -0.1613 -0.9869
vn 0.0059 -0.1623 -0.9867
vn 0.0074 -0.1613 -0.9869
vn 0.0068 -0.1614 -0.9869
vn 0.9906 0.1066 0.0853
vn 0.9881 0.1190 0.0973
vn 0.8964 0.1227 0.4260
vn 0.4715 0.1191 0.8738
vn 0.2967 0.0991 0.9498
vn 0.2131 0.0965 0.9723
vn 0.2189 0.0888 0.9717
vn 0.2156 0.0019 0.9765
vn 0.2156 0.0018 0.9765
vn 0.1683 0.1220 0.9782
vn 0.1279 0.1316 0.9830
vn 0.1398 0.1321 0.9813
vn 0.1765 0.1220 0.9767
vn -0.1109 0.9938 -0.0084
vn -0.1087 0.9940 -0.0133
vn -0.0930 0.9956 -0.0114
vn -0.0925 0.9956 -0.0178
vn -0.0000 0.9985 -0.0550
vn -0.0309 0.9983 -0.0491
vn -0.0360 0.9989 -0.0313
vn -0.0000 0.9995 -0.0322
vn -0.1098 0.9939 -0.0136
vn -0.0619 0.9978 -0.0223
vn -0.0636 0.9978 -0.0200
vn -0.0795 0.9967 -0.0149
vn -0.0678 0.9974 -0.0226
vn -0.1058 0.9941 -0.0228
vn -0.0566 0.9982 -0.0200
vn -0.0542 0.9983 -0.0190
vn -0.0560 0.9982 -0.0219
vn 0.1069 0.1467 0.9834
vn 0.1167 0.1472 0.9822
vn -0.0487 0.9987 -0.0178
vn -0.0506 0.9986 -0.0157
vn -0.0375 0.9992 0.0156
vn -0.0397 0.9989 0.0247
vn 0.0892 0.1637 0.9825
vn 0.0820 0.1634 0.9832
vn 0.0643 0.1781 0.9819
vn 0.0961 0.1641 0.9818
vn -0.0596 0.9980 -0.0211
vn -0.0358 0.9992 -0.0174
vn -0.0000 0.9999 -0.0173
vn -0.0000 0.9997 -0.0233
vn -0.0333 0.9992 -0.0231
vn -0.0460 0.9982 -0.0376
vn -0.0592 0.9979 -0.0272
vn -0.0552 0.9982 -0.0241
vn -0.0793 0.9967 -0.0180
vn -0.0862 0.9960 -0.0248
vn -0.0920 0.9957 -0.0121
vn 0.9989 0.0459 -0.0000
vn 0.9989 0.0460 -0.0000
vn -0.2094 0.7681 0.6052
vn -0.3786 0.6726 0.6358
vn -0.2773 0.3974 0.8747
vn -0.1638 0.4246 0.8904
vn -0.0000 0.9974 -0.0723
vn -0.0232 0.9976 -0.0654
vn 0.5034 -0.0443 -0.8629
vn 0.5104 -0.0412 -0.8589
vn 0.6141 0.0787 -0.7853
vn 0.6084 0.0679 -0.7907
vn -0.0374 0.9980 -0.0509
vn -0.0551 0.9978 -0.0362
vn -0.2990 0.9509 0.0795
vn -0.4811 0.8726 0.0840
vn -0.4659 0.8657 0.1829
vn -0.2517 0.9492 0.1886
vn -0.0745 0.9969 -0.0247
vn 0.3093 0.6627 0.6820
vn 0.1617 0.7756 0.6101
vn 0.0725 0.4260 0.9018
vn 0.1854 0.3941 0.9002
vn -0.0596 0.9970 -0.0494
vn -0.0425 0.9978 -0.0509
vn -0.0415 0.9991 -0.0011
vn -0.1145 0.9927 -0.0389
vn -0.1073 0.9936 -0.0339
vn -0.1550 0.4662 0.8710
vn -0.0659 0.4246 0.9030
vn 0.9677 -0.2449 0.0595
vn 0.9702 -0.2408 0.0274
vn 0.9701 -0.2410 0.0288
vn 0.2039 0.9640 0.1706
vn 0.4279 0.8881 0.1679
vn 0.0417 0.9798 0.1957
vn 0.0250 0.7754 0.6310
vn -0.0000 0.7626 0.6469
vn -0.0000 0.9837 0.1800
vn -0.8610 -0.0297 -0.5077
vn -0.8014 -0.0133 -0.5980
vn -0.8032 -0.0137 -0.5955
vn -0.8636 -0.0307 -0.5032
vn -0.2300 -0.1555 -0.9607
vn 0.3613 -0.1432 -0.9214
vn 0.3574 -0.1160 -0.9267
vn 0.3577 -0.1154 -0.9267
vn 0.9779 -0.2091 -0.0003
vn 0.9767 -0.2148 -0.0001
vn -0.0076 0.9998 -0.0206
vn -0.0710 0.9971 -0.0275
vn 0.0252 0.2511 -0.9676
vn 0.0299 0.2518 -0.9673
vn -0.0941 0.9952 -0.0268
vn 0.9872 -0.1592 -0.0002
vn 0.9864 -0.1644 -0.0001
vn -0.2523 -0.1503 -0.9559
vn 0.9955 -0.0948 -0.0019
vn 0.9964 -0.0852 -0.0022
vn 0.9994 -0.0238 -0.0248
vn 0.9994 -0.0282 -0.0202
vn 0.4099 -0.0844 -0.9082
vn 0.4045 -0.0867 -0.9104
vn 0.9912 0.0691 -0.1129
vn 0.9760 0.1639 -0.1431
vn 0.9831 0.1295 -0.1298
vn 0.9921 0.0615 -0.1095
vn -0.0610 0.7476 0.6613
vn -0.0228 0.9825 0.1847
vn -0.0226 0.9871 0.1586
vn 0.0568 0.9942 0.0909
vn -0.0119 0.9929 0.1181
vn -0.1857 0.3075 0.9333
vn -0.0230 0.9927 0.1188
vn -0.3602 0.2916 0.8861
vn -0.0478 0.9987 -0.0195
vn -0.0352 0.9994 0.0057
vn -0.5206 0.1853 0.8334
vn -0.3763 0.2290 0.8977
vn -0.3839 0.3088 0.8702
vn -0.4869 0.2743 0.8293
vn -0.3613 0.2490 0.8986
vn -0.1960 0.2699 0.9427
vn -0.1829 0.3279 0.9268
vn -0.3274 0.2929 0.8984
vn -0.0000 0.3062 0.9520
vn -0.0132 0.3101 0.9506
vn -0.1506 0.9269 0.3437
vn -0.1376 0.8698 0.4738
vn -0.0416 0.9991 -0.0011
vn 0.9940 0.0429 -0.1005
vn 0.9946 0.0368 -0.0974
vn 0.9893 0.0041 -0.1458
vn 0.9901 -0.0207 -0.1387
vn 0.9991 -0.0325 -0.0259
vn 0.9991 0.0086 -0.0427
vn 0.0034 0.2477 -0.9688
vn 0.0047 0.2480 -0.9688
vn -0.1417 -0.9545 -0.2625
vn -0.3116 -0.9135 -0.2614
vn -0.2561 -0.9667 0.0008
vn -0.1214 -0.9926 -0.0107
vn 0.0168 0.1924 0.9812
vn 0.0381 0.1874 0.9815
vn -0.0000 -0.4074 -0.9132
vn 0.0330 -0.4087 -0.9121
vn 0.0349 -0.4088 -0.9119
vn -0.1186 -0.1298 -0.9844
vn -0.0906 -0.1461 -0.9851
vn -0.0855 -0.1280 -0.9881
vn -0.1108 -0.1119 -0.9875
vn 0.9119 -0.0100 -0.4102
vn 0.9131 -0.0000 -0.4077
vn 0.6299 -0.0000 -0.7767
vn 0.9703 0.1855 -0.1553
vn 0.9714 0.1804 -0.1542
vn 0.0360 0.0373 -0.9987
vn 0.2208 -0.0086 -0.9753
vn 0.2197 -0.0047 -0.9756
vn -0.0351 -0.0154 -0.9993
vn 0.2185 -0.0008 -0.9758
vn -0.0328 0.0011 -0.9995
vn 0.9106 -0.0201 -0.4127
vn 0.9946 0.0126 -0.1034
vn 0.6298 -0.0000 -0.7767
vn 0.9830 0.1550 -0.0989
vn 0.9713 0.1721 -0.1641
vn 0.9718 0.1696 -0.1636
vn 0.9771 0.1634 -0.1362
vn 0.9969 0.0676 -0.0409
vn 0.9969 0.0677 -0.0409
vn 0.9946 0.0127 -0.1034
vn 0.9859 0.1500 -0.0739
vn -0.1475 0.1838 0.9718
vn 0.9668 0.1747 -0.1863
vn 0.9658 0.1788 -0.1876
vn 0.9093 0.1574 0.3852
vn 0.5835 0.1828 0.7913
vn -0.0030 0.2465 -0.9691
vn 0.9671 0.1840 -0.1757
vn 0.9665 0.1838 -0.1790
vn 0.0257 0.8768 -0.4801
vn 0.2479 0.9073 -0.3397
vn 0.1080 0.8830 -0.4568
vn 0.9684 0.1929 -0.1582
vn 0.9694 0.1899 -0.1557
vn -0.2203 0.7491 0.6247
vn 0.0568 0.9942 0.0910
vn 0.2846 0.8945 -0.3448
vn 0.6743 0.1861 -0.7146
vn 0.6725 0.1838 -0.7169
vn -0.2890 0.6470 0.7056
vn -0.3164 0.5519 0.7716
vn 0.6739 0.2143 -0.7070
vn 0.6745 0.2141 -0.7066
vn 0.4905 0.2204 -0.8431
vn 0.4747 0.2201 -0.8522
vn 0.0359 0.0374 -0.9987
vn 0.0825 0.0892 -0.9926
vn -0.1415 -0.0312 -0.9894
vn -0.1231 0.0045 -0.9924
vn 0.9996 0.0277 -0.0000
vn 0.9860 0.1227 0.1127
vn 0.9847 0.1173 0.1286
vn 0.9836 0.1273 0.1279
vn 0.9846 0.1346 0.1120
vn -0.0000 0.1938 0.9810
vn -0.2186 0.9669 0.1313
vn -0.3160 0.9457 0.0766
vn -0.4831 0.8695 0.1027
vn -0.4602 0.8760 0.1442
vn 0.1265 0.1476 0.9809
vn -0.9952 -0.0927 -0.0298
vn -0.9269 -0.1199 -0.3558
vn -0.9347 -0.1189 -0.3349
vn -0.9928 -0.0975 -0.0697
vn -0.7298 -0.6440 0.2293
vn -0.4170 -0.8882 0.1930
vn -0.4176 -0.8879 0.1931
vn -0.7299 -0.6440 0.2293
vn 0.9989 0.0466 -0.0007
vn 0.9989 0.0466 -0.0011
vn 0.3170 0.1418 0.9378
vn 0.2794 0.1335 0.9509
vn -0.1289 0.9917 -0.0005
vn 0.4077 0.8939 -0.1865
vn 0.4375 0.8918 -0.1153
vn 0.9845 0.1119 0.1352
vn 0.9848 0.1092 0.1352
vn 0.4115 0.9044 0.1126
vn 0.4483 0.8936 0.0223
vn 0.1066 -0.9754 0.1928
vn 0.0894 -0.9558 0.2800
vn 0.0891 -0.9569 0.2766
vn 0.1061 -0.9757 0.1919
vn -0.9996 0.0259 0.0106
vn 0.9932 0.0964 0.0657
vn 0.9931 0.0943 0.0698
vn 0.9253 0.1200 0.3599
vn 0.5652 0.1156 0.8168
vn 0.1946 0.1187 0.9737
vn 0.1529 0.1320 0.9794
vn -0.0887 0.9951 -0.0446
vn 0.0817 -0.4214 -0.9032
vn 0.0788 -0.4203 -0.9040
vn 0.1261 -0.4454 -0.8864
vn 0.1277 -0.4468 -0.8855
vn 0.9999 -0.0018 0.0125
vn 0.9998 -0.0058 0.0167
vn 0.9999 -0.0032 0.0147
vn 0.0232 0.0021 0.9997
vn 0.9909 0.1031 0.0860
vn 0.9889 0.1117 0.0978
vn 0.9934 0.0945 0.0650
vn 0.9931 0.0937 0.0708
vn 0.2903 0.0895 0.9527
vn 0.0160 0.1660 0.9860
vn 0.0163 0.1661 0.9860
vn 0.1413 -0.9900 -0.0028
vn 0.1413 -0.9900 -0.0031
vn 0.1423 -0.9896 -0.0194
vn 0.1423 -0.9896 -0.0195
vn 0.1439 -0.9870 -0.0716
vn 0.1438 -0.9869 -0.0734
vn 0.1412 -0.9746 -0.1741
vn 0.1408 -0.9730 -0.1829
vn 0.1314 -0.9429 -0.3061
vn 0.1297 -0.9377 -0.3224
vn 0.1201 -0.8967 -0.4261
vn 0.1189 -0.8886 -0.4431
vn 0.1168 -0.8486 -0.5160
vn 0.1175 -0.8396 -0.5303
vn 0.1255 -0.8049 -0.5800
vn 0.1292 -0.7965 -0.5906
vn 0.1461 -0.7658 -0.6262
vn 0.1517 -0.7576 -0.6349
vn 0.1692 -0.7268 -0.6657
vn 0.1735 -0.7174 -0.6747
vn 0.1853 -0.6855 -0.7041
vn 0.1880 -0.6762 -0.7123
vn 0.1898 -0.5248 -0.8298
vn 0.1857 -0.5191 -0.8343
vn 0.5302 0.1602 -0.8326
vn 0.4791 0.1315 -0.8679
vn 0.6384 0.1878 -0.7465
vn 0.7048 0.1888 -0.6838
vn 0.1677 -0.4945 -0.8528
vn 0.1522 -0.4727 -0.8680
vn 0.1508 -0.4707 -0.8693
vn 0.1656 -0.4919 -0.8548
vn 0.1228 0.0772 -0.9894
vn 0.0680 0.0649 -0.9956
vn 0.1863 0.0844 -0.9789
vn 0.1999 0.0853 -0.9761
vn 0.0392 0.0600 -0.9974
vn -0.0000 0.0597 -0.9982
vn -0.9913 -0.0971 -0.0891
vn -0.9904 -0.0989 -0.0962
vn -0.0424 -0.1695 -0.9846
vn -0.0450 -0.1706 -0.9843
vn -0.0499 -0.1727 -0.9837
vn -0.0497 -0.1727 -0.9837
vn 0.0136 -0.1529 -0.9881
vn 0.0075 -0.1587 -0.9873
vn 0.0070 -0.1585 -0.9873
vn 0.0128 -0.1543 -0.9879
vn 0.0022 -0.1612 -0.9869
vn 0.0009 -0.1630 -0.9866
vn -0.9995 0.0283 0.0118
vn -0.9997 0.0202 0.0141
vn -0.9995 -0.0083 0.0304
vn -0.9997 -0.0050 0.0234
vn 0.9980 0.0583 -0.0251
vn 0.9986 0.0536 -0.0038
vn 0.9957 0.0637 -0.0672
vn 0.9914 0.0670 -0.1124
vn 0.9992 -0.0287 0.0288
vn 0.9993 -0.0251 0.0280
vn 0.9997 -0.0102 0.0221
vn 0.9997 -0.0106 0.0225
vn -0.9972 0.0494 0.0557
vn -0.9975 0.0496 0.0497
vn -0.9984 0.0495 0.0274
vn -0.9983 0.0498 0.0304
vn 0.3080 0.0485 -0.9502
vn 0.2589 0.0794 -0.9626
vn 0.0201 -0.2451 -0.9693
vn 0.0215 -0.2361 -0.9715
vn -0.0000 -0.2362 -0.9717
vn -0.0000 -0.2452 -0.9695
vn 1.0000 0.0062 0.0014
vn 1.0000 0.0077 0.0037
vn 1.0000 0.0079 0.0038
vn 0.9814 0.0694 -0.1789
vn 0.9655 0.0697 -0.2507
vn -0.7307 -0.4448 0.5178
vn -0.7223 -0.4554 0.5204
vn -0.8376 -0.2656 0.4774
vn -0.8349 -0.2716 0.4786
vn 0.9999 0.0115 0.0117
vn 0.9998 0.0118 0.0129
vn 0.9989 0.0331 0.0320
vn 0.9991 0.0297 0.0318
vn 0.9988 0.0419 0.0259
vn 0.9988 0.0463 0.0184
vn 0.7882 0.1689 -0.5918
vn 0.8265 0.1400 -0.5453
vn 0.3406 0.0383 -0.9394
vn 0.8655 0.1081 -0.4891
vn 0.8877 0.0894 -0.4517
vn 0.1086 -0.2573 -0.9602
vn 0.1322 -0.2613 -0.9561
vn 0.1397 -0.2524 -0.9575
vn 0.1143 -0.2485 -0.9619
vn 1.0000 0.0040 0.0054
vn 1.0000 0.0035 0.0062
vn 0.9995 0.0189 0.0240
vn 0.9994 0.0208 0.0262
vn 0.9423 0.0720 -0.3270
vn 0.9165 0.0761 -0.3927
vn 0.3828 0.0536 -0.9223
vn 0.4126 0.0854 -0.9069
vn 0.3605 0.0352 -0.9321
vn 0.3511 0.0370 -0.9356
vn -0.5927 -0.5780 0.5609
vn -0.5858 -0.5826 0.5634
vn -0.9708 0.0521 -0.2341
vn -0.6864 0.0633 -0.7244
vn -0.6857 0.0633 -0.7251
vn -0.9715 0.0520 -0.2314
vn 0.1560 -0.2243 -0.9619
vn 0.1293 -0.2206 -0.9668
vn 0.1586 -0.2658 -0.9509
vn 0.1655 -0.2562 -0.9524
vn 0.1834 -0.2276 -0.9563
vn 0.1773 -0.1451 -0.9734
vn 0.1757 -0.1375 -0.9748
vn 0.2129 -0.1401 -0.9670
vn 0.2191 -0.1476 -0.9645
vn 0.0245 -0.2085 -0.9777
vn -0.0000 -0.2081 -0.9781
vn 0.0321 -0.1440 -0.9891
vn -0.0000 -0.1439 -0.9896
vn -0.0000 -0.1728 -0.9850
vn 0.0279 -0.1732 -0.9845
vn 0.2737 -0.2837 -0.9190
vn 0.2314 -0.2965 -0.9266
vn 0.2813 -0.3174 -0.9056
vn 0.3033 -0.3413 -0.8897
vn 0.3960 -0.2734 -0.8766
vn 0.3474 -0.2599 -0.9010
vn 0.2945 -0.2559 -0.9208
vn 0.2531 -0.1416 -0.9570
vn 0.2622 -0.1497 -0.9533
vn 0.1646 -0.1533 -0.9744
vn 0.1966 -0.1566 -0.9679
vn 0.0382 -0.1452 -0.9887
vn -0.0000 -0.1451 -0.9894
vn -0.0000 -0.1320 -0.9913
vn 0.0353 -0.1320 -0.9906
vn 0.4218 -0.2282 -0.8775
vn 0.3702 -0.2203 -0.9025
vn 0.4520 -0.1853 -0.8726
vn 0.3871 -0.1861 -0.9031
vn 0.3286 -0.1838 -0.9264
vn 0.3108 -0.2166 -0.9255
vn 0.4907 -0.1360 -0.8607
vn 0.4339 -0.1453 -0.8892
vn 0.4211 -0.1575 -0.8932
vn 0.4855 -0.1525 -0.8608
vn 0.3761 -0.1455 -0.9151
vn 0.3547 -0.1586 -0.9214
vn 0.2497 -0.1653 -0.9541
vn 0.2149 -0.1660 -0.9624
vn 0.2311 -0.1583 -0.9600
vn 0.0324 -0.1708 -0.9848
vn -0.0000 -0.1706 -0.9853
vn 0.4806 -0.1425 -0.8653
vn 0.4335 -0.1454 -0.8893
vn 0.1746 -0.1665 -0.9705
vn -0.0000 -0.7343 0.6789
vn -0.0956 -0.7307 0.6760
vn -0.0962 -0.7308 0.6758
vn -0.0000 -0.7342 0.6789
vn 0.1764 -0.1878 -0.9663
vn 0.2064 -0.1906 -0.9597
vn 0.3803 -0.1500 -0.9126
vn -0.9879 0.0047 0.1550
vn -0.9866 -0.0221 0.1615
vn -0.9868 -0.0216 0.1604
vn -0.9873 -0.0036 0.1587
vn -0.3388 -0.6891 0.6405
vn -0.3420 -0.6883 0.6398
vn -0.2181 -0.7161 0.6630
vn -0.2155 -0.7166 0.6634
vn -0.8858 -0.1168 0.4492
vn -0.8831 -0.1289 0.4512
vn -0.4927 -0.6346 0.5954
vn -0.4893 -0.6360 0.5967
vn -0.2535 -0.8823 -0.3966
vn -0.2866 -0.9228 -0.2575
vn -0.2867 -0.9229 -0.2568
vn -0.2534 -0.8820 -0.3973
vn 0.2198 -0.2035 -0.9541
vn 0.1949 -0.2028 -0.9596
vn -0.4221 -0.6627 0.6186
vn -0.4244 -0.6619 0.6179
vn 0.0179 -0.2220 -0.9749
vn -0.0000 -0.2155 -0.9765
vn 0.0677 -0.4967 -0.8653
vn 0.0614 -0.4542 -0.8888
vn -0.9983 -0.0315 0.0485
vn -0.9977 -0.0388 0.0560
vn -0.9976 -0.0391 0.0566
vn -0.9982 -0.0336 0.0503
vn -0.9790 0.0703 0.1911
vn -0.9858 0.0639 0.1554
vn -0.9948 0.0529 0.0866
vn -0.9928 0.0557 0.1061
vn -0.9986 0.0506 0.0122
vn -0.9986 0.0506 0.0129
vn -0.9282 0.0458 0.3693
vn -0.9347 0.0580 0.3506
vn -0.9642 0.0761 0.2539
vn -0.9545 0.0763 0.2881
vn -0.9990 0.0450 0.0049
vn -0.9990 0.0441 0.0056
vn -0.9091 -0.0121 0.4163
vn -0.9056 -0.0274 0.4232
vn -0.9987 0.0504 0.0041
vn -0.9987 0.0507 0.0043
vn 0.1419 -0.9894 0.0315
vn 0.1300 -0.9909 0.0360
vn 0.1441 -0.9892 0.0256
vn 0.1486 -0.9887 0.0200
vn -0.9976 -0.0394 0.0564
vn -0.9977 -0.0391 0.0562
vn -0.0164 -0.1771 -0.9841
vn -0.0000 -0.1800 -0.9837
vn -0.0000 -0.1645 -0.9864
vn -0.0160 -0.1617 -0.9867
vn 0.1654 -0.2045 -0.9648
vn 0.4678 -0.2190 -0.8563
vn 0.4312 -0.1854 -0.8830
vn 0.3865 -0.1728 -0.9060
vn -0.9881 -0.0109 0.1535
vn -0.9882 -0.0068 0.1533
vn -0.0607 -0.1609 -0.9851
vn -0.0364 -0.1712 -0.9846
vn -0.0345 -0.1545 -0.9874
vn -0.0575 -0.1433 -0.9880
vn 0.4313 -0.4272 -0.7946
vn 0.4192 -0.3351 -0.8438
vn 0.1029 -0.4774 -0.8726
vn 0.0020 -0.5348 -0.8450
vn -0.1065 -0.8489 -0.5178
vn 0.0316 -0.7754 -0.6307
vn -0.9561 -0.1950 0.2185
vn -0.9537 -0.1976 0.2266
vn -0.9479 -0.2035 0.2451
vn -0.1200 -0.3095 -0.9433
vn -0.0764 -0.2574 -0.9633
vn -0.2788 -0.2466 -0.9281
vn -0.2988 -0.3112 -0.9021
vn -0.1775 -0.9791 -0.0996
vn -0.0511 -0.9828 -0.1776
vn 0.1423 -0.9897 0.0168
vn 0.1481 -0.9889 0.0105
vn 0.1422 -0.9897 0.0143
vn -0.8710 -0.1689 -0.4614
vn -0.8792 -0.1713 -0.4445
vn -0.4427 -0.1442 -0.8850
vn -0.4435 -0.1527 -0.8832
vn -0.2407 -0.9195 -0.3109
vn -0.1169 -0.8876 -0.4456
vn -0.0332 -0.8720 -0.4884
vn -0.0331 -0.8720 -0.4884
vn -0.2879 -0.9116 -0.2935
vn -0.9999 0.0103 -0.0018
vn -0.9999 0.0100 0.0090
vn -0.9992 0.0354 -0.0189
vn -0.0322 -0.1673 -0.9854
vn -0.0305 -0.1672 -0.9854
vn -0.0892 -0.0138 -0.9959
vn 0.0145 0.0053 -0.9999
vn -0.1276 -0.0656 -0.9897
vn -0.1463 -0.0708 -0.9867
vn -0.0071 -0.1663 -0.9860
vn -0.0062 -0.1663 -0.9860
vn 0.1582 -0.9873 0.0150
vn 0.1512 -0.9884 0.0123
vn -0.0807 -0.2616 0.9618
vn -0.0662 -0.2585 0.9637
vn -0.0566 -0.2568 0.9648
vn -0.5694 -0.1155 -0.8139
vn -0.4148 -0.1171 -0.9023
vn -0.2931 -0.0986 -0.9510
vn -0.2794 -0.0878 -0.9561
vn -0.9840 -0.1239 -0.1282
vn -0.9854 -0.1340 -0.1052
vn -0.9853 -0.1159 -0.1252
vn -0.9833 -0.1049 -0.1489
vn -0.9001 -0.1510 -0.4088
vn -0.9179 -0.1336 -0.3736
vn -0.5033 -0.1220 -0.8555
vn -0.4720 -0.1326 -0.8716
vn -0.9268 -0.1199 -0.3558
vn -0.2042 -0.0864 -0.9751
vn -0.2036 -0.0942 -0.9745
vn -0.2051 0.0516 -0.9774
vn -0.2028 0.0515 -0.9779
vn -0.1714 -0.0918 -0.9809
vn -0.1774 -0.1057 -0.9784
vn -0.1418 -0.1153 -0.9832
vn -0.1320 -0.0980 -0.9864
vn 0.1200 -0.9918 0.0444
vn 0.1263 -0.9914 0.0348
vn 0.1094 -0.9923 0.0579
vn 0.1078 -0.9933 0.0406
vn 0.0991 -0.9948 0.0229
vn 0.1352 -0.9906 0.0215
vn 0.0326 -0.9985 0.0439
vn 0.0237 -0.9964 0.0813
vn -0.0000 -0.9963 0.0860
vn -0.0000 -0.9989 0.0460
vn 0.1354 -0.9906 0.0180
vn 0.1591 -0.9871 0.0190
vn -0.0961 -0.1641 -0.9818
vn -0.0643 -0.1782 -0.9819
vn 0.0516 -0.9982 0.0321
vn 0.0427 -0.9967 0.0698
vn 0.0638 -0.9977 0.0242
vn 0.0619 -0.9963 0.0590
vn 0.0905 -0.9948 0.0475
vn 0.0850 -0.9962 0.0207
vn -0.0166 -0.1666 -0.9859
vn -0.0170 -0.1666 -0.9859
vn -0.0223 -0.1668 -0.9857
vn -0.0214 -0.1667 -0.9858
vn -0.1395 -0.4171 -0.8981
vn -0.3236 -0.4135 -0.8511
vn -0.3476 -0.6603 -0.6657
vn -0.1607 -0.6746 -0.7205
vn 0.0160 -0.9940 0.1081
vn -0.0000 -0.9940 0.1097
vn 0.1332 -0.2967 -0.9456
vn 0.1595 -0.2985 -0.9410
vn 0.0355 -0.9941 0.1026
vn 0.0586 -0.9940 0.0921
vn 0.0512 -0.9629 -0.2648
vn 0.0363 -0.9993 0.0047
vn 0.0369 -0.9993 -0.0022
vn 0.0470 -0.9504 -0.3076
vn 0.0856 -0.9934 0.0760
vn 0.3943 -0.2769 -0.8763
vn 0.0813 -0.9958 0.0426
vn 0.0958 -0.9949 0.0302
vn 0.0891 -0.9959 -0.0140
vn 0.0639 -0.9971 0.0423
vn -0.9796 -0.0289 0.1989
vn -0.9798 -0.0420 0.1957
vn -0.9759 0.0483 0.2129
vn 0.5429 -0.3630 -0.7573
vn 0.3749 -0.4191 -0.8269
vn 0.3483 -0.6894 -0.6352
vn 0.5269 -0.5689 -0.6315
vn -0.0000 -0.6668 -0.7452
vn 0.0110 -0.6775 -0.7354
vn 0.0072 -0.9570 -0.2899
vn -0.0000 -0.9528 -0.3037
vn 0.1017 0.2740 0.9563
vn 0.0704 0.3316 0.9408
vn -0.4373 0.1577 0.8854
vn -0.3126 0.1230 0.9419
vn -0.3149 0.1240 0.9410
vn -0.4077 0.1522 0.9003
vn -0.9446 0.2813 0.1690
vn -0.9433 0.2851 0.1703
vn -0.9588 0.2398 0.1520
vn -0.9616 0.2313 0.1480
vn -0.0289 -0.2521 0.9673
vn -0.0246 -0.2515 0.9676
vn 0.1482 -0.9887 0.0241
vn 0.1298 -0.9913 0.0202
vn -0.9744 0.1835 0.1297
vn -0.9760 0.1765 0.1276
vn -0.4931 0.1678 0.8536
vn -0.9869 0.1124 0.1161
vn -0.9910 0.0460 0.1256
vn -0.9906 0.0408 0.1307
vn -0.9883 0.1007 0.1148
vn -0.3284 0.0882 0.9404
vn -0.3366 0.0855 0.9377
vn -0.9888 -0.0458 0.1418
vn -0.9890 -0.0341 0.1439
vn -0.9837 -0.1064 0.1447
vn -0.9768 -0.1368 0.1649
vn 0.0977 -0.6973 -0.7101
vn 0.0777 -0.6712 -0.7372
vn 0.0339 -0.9994 0.0086
vn 0.0471 -0.9808 -0.1890
vn 0.1852 -0.3094 -0.9327
vn 0.1103 -0.7505 -0.6516
vn 0.1670 -0.2945 -0.9410
vn 0.2300 -0.2014 -0.9521
vn 0.1286 -0.1919 -0.9730
vn 0.0720 -0.3393 -0.9379
vn 0.2586 -0.9383 -0.2294
vn 0.1535 -0.9878 -0.0243
vn 0.3770 -0.9237 -0.0673
vn 0.4477 -0.8329 -0.3254
vn 0.3940 -0.5304 -0.7507
vn 0.2964 -0.8071 -0.5106
vn 0.3318 -0.6925 -0.6405
vn 0.3821 -0.4612 -0.8008
vn 0.1290 -0.4273 -0.8949
vn 0.1005 -0.4177 -0.9030
vn -0.0000 -0.3077 -0.9515
vn 0.0131 -0.3118 -0.9501
vn 0.2215 -0.9146 -0.3384
vn 0.1177 -0.9843 -0.1316
vn -0.9886 -0.0087 0.1502
vn -0.9889 -0.0153 0.1480
vn -0.9897 -0.0034 0.1433
vn -0.9991 -0.0079 0.0413
vn -0.9979 0.0630 0.0165
vn -0.9888 0.0617 0.1362
vn -0.0093 -0.2388 0.9710
vn -0.0089 -0.2368 0.9715
vn 0.2110 0.9775 0.0084
vn 0.2757 0.9581 -0.0783
vn 0.2151 0.9766 0.0030
vn -0.0381 -0.1875 -0.9815
vn -0.0168 -0.1923 -0.9812
vn -0.0000 -0.6129 -0.7901
vn 0.0064 -0.6123 -0.7906
vn 0.0119 -0.6100 -0.7923
vn 0.3663 0.9305 -0.0057
vn 0.3653 0.9308 -0.0166
vn 0.3660 0.9306 -0.0088
vn -0.9123 0.0754 0.4025
vn -0.6280 0.0778 0.7743
vn -0.6298 -0.0000 0.7767
vn -0.9147 0.0001 0.4041
vn -0.9719 -0.1736 0.1589
vn -0.9695 -0.1704 0.1764
vn 0.0040 0.0308 0.9995
vn 0.0355 0.0617 0.9975
vn -0.2129 0.0688 0.9747
vn -0.2076 0.1351 0.9688
vn 0.0348 -0.0008 0.9994
vn -0.2147 0.0009 0.9767
vn -0.9061 0.1488 0.3961
vn -0.9964 0.0419 0.0743
vn -0.6218 0.1534 0.7680
vn -0.9837 -0.1554 0.0900
vn -0.9724 -0.1667 0.1633
vn -0.9732 -0.1665 0.1586
vn -0.9986 -0.0493 0.0204
vn -0.9737 0.0642 0.2188
vn 0.1475 -0.1839 -0.9718
vn -0.5812 -0.1695 -0.7959
vn -0.9160 -0.1401 -0.3759
vn -0.0068 -0.2259 0.9741
vn -0.9646 -0.1875 0.1854
vn -0.9646 -0.1881 0.1846
vn -0.0509 -0.8769 0.4780
vn -0.1211 -0.8821 0.4552
vn -0.2502 -0.9045 0.3453
vn -0.9664 -0.1719 0.1911
vn -0.9683 -0.1500 0.1995
vn 0.1511 -0.9587 -0.2410
vn -0.2846 -0.8948 0.3441
vn -0.5898 -0.0794 0.8036
vn -0.5825 -0.0679 0.8100
vn -0.6598 -0.1835 0.7287
vn -0.6621 -0.1860 0.7260
vn 0.4007 -0.6199 -0.6747
vn -0.6667 -0.2140 0.7139
vn -0.6661 -0.2141 0.7145
vn -0.4571 -0.2181 0.8623
vn -0.4741 -0.2186 0.8529
vn -0.0840 -0.0715 0.9939
vn 0.0040 0.0307 0.9995
vn -0.0840 -0.0714 0.9939
vn 0.1541 0.0780 0.9850
vn 0.1245 -0.0039 0.9922
vn -0.9985 -0.0382 0.0385
vn -0.9984 -0.0381 0.0411
vn -0.9995 -0.0220 0.0219
vn -0.0000 -0.1939 -0.9810
vn 0.0894 -0.9959 0.0163
vn 0.0654 -0.9978 0.0085
vn -0.1265 -0.1476 -0.9809
vn 0.1163 -0.9930 0.0226
vn 0.0826 -0.9963 0.0255
vn -0.8710 -0.1689 -0.4613
vn -0.2091 -0.1059 -0.9721
vn -0.1923 -0.1183 -0.9742
vn -0.9978 -0.0377 0.0537
vn -0.9978 -0.0379 0.0539
vn -0.9979 -0.0371 0.0529
vn -0.9979 -0.0370 0.0528
vn -0.2746 -0.1215 -0.9538
vn -0.3125 -0.1213 -0.9421
vn 0.1445 -0.9894 0.0137
vn 0.1463 -0.9892 0.0126
vn -0.9976 -0.0391 0.0565
vn -0.9977 -0.0389 0.0561
vn -0.4027 -0.8928 0.2021
vn -0.4289 -0.8916 0.1449
vn -0.4127 -0.9023 -0.1243
vn -0.4460 -0.8936 -0.0504
vn -0.9710 -0.1210 0.2063
vn -0.9698 -0.1047 0.2203
vn -0.9684 -0.1444 0.2034
vn 0.9986 -0.0418 0.0320
vn -0.9937 -0.0873 0.0709
vn -0.9873 -0.0814 0.1363
vn -0.9911 -0.1063 -0.0796
vn -0.9180 -0.1335 -0.3735
vn -0.9001 -0.1510 -0.4087
vn -0.9888 -0.1185 -0.0910
vn -0.1922 -0.1184 -0.9742
vn -0.1529 -0.1320 -0.9794
vn 0.1554 -0.4467 -0.8811
vn 0.0147 -0.9998 -0.0110
vn -0.0000 -0.9999 -0.0112
vn 0.1272 -0.9914 0.0296
vn 0.0205 -0.6142 -0.7889
vn -0.1691 -0.4667 0.8681
vn -0.0324 -0.7410 0.6707
vn -0.0429 -0.7236 0.6889
vn -0.0182 0.0414 -0.9990
vn -0.9891 -0.1049 -0.1035
vn -0.9870 -0.1132 -0.1142
vn -0.9918 -0.0994 -0.0801
vn -0.9161 -0.1400 -0.3758
vn -0.9857 -0.0901 -0.1424
vn -0.9979 -0.0373 0.0525
vn -0.9979 -0.0370 0.0525
vn -0.9979 -0.0373 0.0522
vn -0.9979 -0.0372 0.0525
vn -0.9980 -0.0371 0.0521
vn -0.0136 -0.1665 -0.9859
vn -0.0133 -0.1665 -0.9859
vn -0.0080 -0.4105 -0.9118
vn -0.0133 -0.7130 -0.7010
vn -0.0080 -0.4104 -0.9119
vn 0.0251 -0.2023 -0.9790
vn 0.0096 -0.2535 -0.9673
vn 0.0095 -0.2541 -0.9671
vn 0.0250 -0.2023 -0.9790
vn -0.0184 -0.9951 -0.0970
vn -0.0180 -0.9967 -0.0787
vn -0.0179 -0.9967 -0.0786
vn -0.0145 -0.9887 -0.1490
vn -0.0144 -0.9887 -0.1491
vn -0.0068 -0.9610 -0.2763
vn -0.0073 -0.9609 -0.2767
vn -0.0003 -0.9058 -0.4237
vn -0.0003 -0.9057 -0.4238
vn -0.2607 -0.9654 -0.0047
vn -0.2606 -0.9654 -0.0048
vn -0.2606 -0.9654 -0.0047
vn -0.3106 -0.9362 -0.1644
vn -0.2534 -0.8463 -0.4685
vn -0.2537 -0.8457 -0.4696
vn 0.0302 -0.6926 -0.7207
vn -0.0377 -0.7380 -0.6737
vn -0.0372 -0.7378 -0.6739
vn 0.0295 -0.6933 -0.7201
vn -0.2544 -0.8188 -0.5146
vn -0.2543 -0.8186 -0.5149
vn -0.2174 -0.7985 -0.5613
vn -0.2165 -0.7983 -0.5620
vn -0.1471 -0.7886 -0.5971
vn -0.1457 -0.7885 -0.5975
vn -0.0764 -0.7929 -0.6045
vn -0.0758 -0.7930 -0.6044
vn -0.0282 -0.8110 -0.5844
vn -0.0280 -0.8111 -0.5842
vn -0.0045 -0.8479 -0.5301
vn -0.0044 -0.8480 -0.5299
vn -0.0175 -0.9463 -0.3227
vn -0.0175 -0.9464 -0.3226
vn -0.0553 -0.9975 0.0437
vn -0.0553 -0.9975 0.0436
vn -0.9916 0.0210 -0.1276
vn -0.9935 0.0106 -0.1131
vn -0.9935 0.0106 -0.1130
vn -0.9916 0.0209 -0.1274
vn -0.9942 0.0069 -0.1071
vn 0.9637 -0.1345 0.2308
vn 0.9659 -0.1289 0.2246
vn 0.9684 -0.1097 0.2238
vn 0.9976 -0.0533 0.0444
vn 0.9977 -0.0512 0.0440
vn 0.9980 -0.0454 0.0445
vn 0.9980 -0.0455 0.0446
vn -0.9421 0.0875 -0.3238
vn -0.9433 0.0959 -0.3179
vn -0.9420 0.0875 -0.3239
vn -0.9432 0.0984 -0.3173
vn 0.9671 -0.0338 0.2523
vn 0.9639 0.0085 0.2661
vn 0.9639 0.0084 0.2661
vn 0.9672 -0.0342 0.2517
vn 0.9623 0.0441 0.2682
vn 0.9624 0.0441 0.2682
vn 0.9982 -0.0345 0.0499
vn 0.9983 -0.0255 0.0532
vn 0.9983 -0.0255 0.0529
vn 0.9982 -0.0345 0.0496
vn 0.9987 -0.0059 0.0503
vn -0.9283 -0.0661 -0.3660
vn -0.9345 -0.0205 -0.3553
vn -0.9345 -0.0206 -0.3554
vn -0.9283 -0.0662 -0.3660
vn -0.9394 0.0275 -0.3417
vn -0.9394 0.0273 -0.3418
vn -0.9868 -0.0111 -0.1617
vn -0.9868 0.0052 -0.1619
vn -0.9868 -0.0110 -0.1617
vn -0.9875 0.0205 -0.1560
vn 0.9646 0.0629 0.2561
vn 0.9646 0.0629 0.2560
vn 0.9991 0.0075 0.0416
vn 0.9991 0.0075 0.0413
vn -0.9271 -0.0798 -0.3663
vn -0.9881 -0.0216 -0.1521
vn -0.9881 -0.0217 -0.1521
vn 0.9687 -0.0766 0.2361
vn 0.9687 -0.0767 0.2363
vn -0.9892 0.0277 -0.1436
vn -0.9892 0.0277 -0.1438
vn 0.9981 -0.0392 0.0467
vn 0.9982 -0.0392 0.0465
vn -0.9407 0.0666 -0.3327
vn -0.9408 0.0666 -0.3324
vn -0.0005 -0.9973 -0.0731
vn 0.0023 -0.9999 -0.0168
vn 0.0098 -0.9995 -0.0299
vn 0.0097 -0.9995 -0.0298
vn 0.0333 -0.6222 -0.7822
vn 0.0332 -0.6223 -0.7821
vn -0.0040 -0.9833 -0.1817
vn -0.0040 -0.9833 -0.1818
vn -0.0136 -0.9459 -0.3241
vn -0.0136 -0.9459 -0.3243
vn -0.0369 -0.8883 -0.4577
vn -0.0371 -0.8880 -0.4583
vn -0.0811 -0.8275 -0.5556
vn -0.0817 -0.8269 -0.5564
vn -0.1348 -0.7853 -0.6043
vn -0.0811 -0.8274 -0.5557
vn -0.1353 -0.7850 -0.6045
vn -0.1652 -0.7726 -0.6130
vn -0.1653 -0.7726 -0.6130
vn -0.1520 -0.7725 -0.6165
vn -0.1523 -0.7726 -0.6164
vn -0.1063 -0.7637 -0.6368
vn -0.1071 -0.7639 -0.6364
vn 0.0552 -0.6524 -0.7559
vn 0.0552 -0.6529 -0.7554
vn 0.0429 -0.6280 -0.7770
vn 0.0508 -0.6351 -0.7708
vn 0.0507 -0.6351 -0.7707
vn 0.0201 -0.9637 -0.2662
vn 0.0201 -0.9646 -0.2630
vn 0.0224 -0.7442 -0.6676
vn 0.0084 -0.4229 -0.9061
vn 0.0082 -0.4226 -0.9063
vn 0.0197 -0.7457 -0.6660
vn 0.0519 -0.9833 0.1745
vn 0.0316 -0.9820 0.1860
vn 0.0316 -0.9821 0.1858
vn 0.0520 -0.9833 0.1745
vn 0.0143 -0.9813 0.1919
vn -0.0000 -0.9811 0.1935
vn -0.0000 -0.9811 0.1934
vn 0.0144 -0.9813 0.1920
vn 0.0197 -0.7443 -0.6676
vn 0.0180 -0.7458 -0.6659
vn 0.0060 -0.2897 -0.9571
vn 0.0058 -0.2902 -0.9570
vn 0.0018 -0.2332 -0.9724
vn 0.0019 -0.2332 -0.9724
vn 0.0033 -0.1735 -0.9848
vn 0.9666 0.0654 0.2480
vn 0.9666 0.0654 0.2479
vn 0.9993 0.0082 0.0363
vn -0.9287 -0.0714 -0.3639
vn -0.9894 -0.0237 -0.1430
vn 0.0759 -0.9875 0.1381
vn 0.0757 -0.9848 0.1563
vn 0.0758 -0.9848 0.1562
vn 0.0758 -0.9875 0.1381
vn 0.0009 -0.9963 -0.0858
vn 0.0006 -0.9991 -0.0429
vn 0.0005 -0.9991 -0.0430
vn -0.0001 -1.0000 -0.0000
vn -0.0001 -1.0000 -0.0001
vn 0.0003 -1.0000 0.0003
vn 0.0004 -1.0000 0.0015
vn 0.0004 -1.0000 0.0017
vn 0.0003 -1.0000 0.0004
vn -0.0565 -0.9984 0.0021
vn -0.0568 -0.9984 0.0022
vn 0.0057 -0.4133 -0.9106
vn -0.9465 -0.3141 0.0737
vn -0.9704 -0.1923 0.1464
vn -0.9704 -0.1918 0.1467
vn -0.9980 -0.0374 0.0514
vn -0.9980 -0.0373 0.0516
vn 0.2142 0.1081 0.9708
vn -0.1132 -0.9936 0.0024
vn -0.1132 -0.9936 0.0023
vn -0.0284 0.9995 -0.0107
vn -0.0000 0.9999 -0.0105
vn 0.3306 -0.1572 -0.9306
vn 0.1514 -0.1572 -0.9759
vn 0.1470 -0.1571 -0.9766
vn 0.3305 -0.1572 -0.9306
vn -0.0313 -0.1440 -0.9891
vn -0.0311 -0.1441 -0.9891
vn -0.0224 -0.1329 -0.9909
vn -0.0189 -0.1356 -0.9906
vn -0.0227 -0.1331 -0.9908
vn -0.0375 -0.1475 -0.9883
vn -0.0377 -0.1476 -0.9883
vn -0.0821 -0.9966 0.0049
vn -0.0000 -1.0000 0.0001
vn -0.0000 -1.0000 -0.0000
vn -0.0825 -0.9966 0.0050
vn 0.0008 -1.0000 -0.0005
vn 0.0104 -0.9978 0.0652
vn 0.0104 -0.9978 0.0656
vn 0.0010 -1.0000 -0.0005
vn -0.0002 -1.0000 0.0003
vn 0.0215 -0.8604 0.5091
vn 0.0294 -0.4442 0.8954
vn 0.0298 -0.4362 0.8993
vn 0.0215 -0.8587 0.5119
vn 0.0701 -0.2778 0.9581
vn 0.0705 -0.2778 0.9581
vn 0.1832 -0.3964 0.8996
vn 0.2199 -0.5509 0.8051
vn 0.2199 -0.5510 0.8050
vn 0.1829 -0.3957 0.9000
vn 0.2268 -0.7528 0.6179
vn 0.1996 -0.8664 0.4578
vn 0.1990 -0.8676 0.4556
vn 0.2269 -0.7516 0.6194
vn -0.9242 -0.0549 -0.3779
vn -0.7594 -0.1048 -0.6422
vn -0.9025 -0.0428 -0.4285
vn -0.9028 -0.0429 -0.4280
vn -0.0000 -0.4117 -0.9113
vn 0.0148 -0.4166 -0.9090
vn -0.7650 -0.0139 -0.6439
vn -0.8865 -0.0636 -0.4583
vn -0.8877 -0.0642 -0.4558
vn -0.9830 -0.1177 -0.1405
vn -0.9829 -0.1176 -0.1416
vn -0.9831 -0.1178 -0.1405
vn -0.9670 -0.2423 0.0791
vn -0.9682 -0.2380 0.0769
vn -0.9309 -0.3418 0.1289
vn -0.7464 -0.0031 -0.6655
vn -0.7467 -0.0031 -0.6651
vn -0.1641 -0.9864 0.0101
vn 0.9923 0.0967 0.0772
vn 0.9923 0.0976 0.0768
vn -0.9643 -0.0813 0.2521
vn -0.9497 -0.1390 0.2806
vn -0.9497 -0.1394 0.2806
vn -0.9643 -0.0812 0.2520
vn -0.9386 -0.2234 0.2628
vn -0.8778 -0.4103 0.2473
vn -0.8784 -0.4089 0.2474
vn -0.9385 -0.2242 0.2627
vn -0.0478 -0.9886 0.1430
vn -0.0495 -0.9885 0.1432
vn -0.0479 -0.9887 0.1422
vn -0.2522 -0.1503 -0.9559
vn -0.2884 -0.1479 -0.9460
vn 0.9694 0.1102 -0.2193
vn 0.9670 0.1479 -0.2075
vn 0.9665 0.1581 -0.2022
vn 0.9678 0.1128 -0.2248
vn 0.9636 0.1326 -0.2322
vn 0.9721 -0.0747 -0.2226
vn 0.9702 0.1010 -0.2204
vn -0.0375 -0.1476 -0.9883
vn -0.9358 0.3050 0.1766
vn 0.1966 -0.2485 -0.9485
vn 0.1914 -0.1625 -0.9680
vn 0.2301 -0.2321 -0.9451
vn 0.2608 -0.2883 -0.9213
vn 0.9728 -0.0702 -0.2207
vn 0.1585 -0.9335 0.3216
vn 0.1591 -0.9326 0.3240
vn -0.9986 -0.0494 0.0204
vn -0.9892 -0.1397 0.0452
vn -0.9876 -0.1448 0.0600
vn -0.9992 -0.0196 0.0343
vn -0.1244 0.9320 0.3404
vn -0.1236 0.9258 0.3572
vn 0.0677 -0.4968 -0.8652
vn 0.0614 -0.4543 -0.8887
vn -0.1236 0.9259 0.3571
vn -0.1245 0.9320 0.3403
vn -0.9998 0.0189 -0.0000
vn 0.9999 -0.0017 0.0125
vn 0.9999 -0.0031 0.0147
vn 0.9991 0.0420 -0.0085
vn 0.1334 -0.3174 0.9389
vn 0.1336 -0.3176 0.9388
vn -0.9979 -0.0371 0.0525
vn -0.9979 -0.0372 0.0528
vn -0.9979 -0.0373 0.0527
vn -0.9979 -0.0373 0.0520
vn -0.9979 -0.0374 0.0521
vn 0.1062 -0.9936 0.0394
vn 0.9615 0.1440 -0.2340
vn 0.9372 0.2560 -0.2370
vn 0.9733 0.0712 -0.2180
vn 0.9682 0.0948 -0.2316
vn 0.9794 0.0258 -0.2003
vn 0.9732 0.0918 -0.2108
vn -0.0230 0.9927 0.1187
vn -0.0226 0.9871 0.1585
vn 0.9674 0.1500 -0.2042
vn 0.9675 0.1689 -0.1883
vn -0.9695 -0.1654 0.1808
vn -0.9690 -0.1639 0.1849
vn -0.9834 -0.0865 -0.1594
vn -0.0000 0.4309 0.9024
vn -0.0000 0.9991 0.0417
vn -0.0021 0.9994 0.0355
vn -0.0000 0.9837 0.1799
vn -0.0815 0.9963 -0.0258
vn -0.0228 0.9825 0.1846
vn 0.0619 -0.9978 0.0225
vn 0.0683 -0.9974 0.0227
vn 0.0566 -0.9982 0.0200
vn 0.0555 -0.9982 0.0221
vn 0.0541 -0.9984 0.0190
vn 0.0502 -0.9986 0.0156
vn 0.0488 -0.9987 0.0176
vn 0.0596 -0.9980 0.0212
vn 0.0357 -0.9992 0.0175
vn 0.0338 -0.9992 0.0233
vn -0.0000 -0.9997 0.0234
vn -0.0000 -0.9998 0.0174
vn 0.0855 -0.9960 0.0250
vn -0.9751 -0.0784 0.2075
vn -0.9752 -0.0770 0.2074
vn 0.0481 -0.9987 0.0193
vn -0.0000 -0.9999 0.0104
vn 0.0285 -0.9995 0.0107
vn 0.0873 -0.9958 0.0260
vn 0.1227 -0.9919 0.0344
vn -0.2429 0.7244 0.6451
vn -0.2786 0.6591 0.6986
vn -0.2787 0.6591 0.6985
vn -0.2296 0.7465 0.6245
vn -0.9926 0.0539 0.1092
vn -0.9925 0.0501 0.1112
vn -0.9926 0.0615 0.1050
vn -0.9913 0.0799 0.1045
vn -0.9880 0.1111 0.1077
vn -0.9872 0.1181 0.1076
vn -0.9893 0.1020 0.1040
vn -0.9902 0.0945 0.1024
vn -0.0005 -0.5713 -0.8207
vn 0.9929 -0.0876 -0.0806
vn 0.9916 -0.0876 -0.0949
vn 0.9920 -0.0876 -0.0904
vn 0.9929 -0.0899 -0.0782
vn 0.9920 -0.0950 -0.0827
vn 0.9918 -0.0940 -0.0860
vn 0.9923 -0.0866 -0.0889
vn 0.9924 -0.0832 -0.0902
vn -0.1568 0.7541 0.6378
vn -0.1688 0.6938 0.7001
vn -0.1689 0.6938 0.7001
vn -0.1537 0.7679 0.6219
vn -0.9976 0.0478 0.0495
vn -0.9975 0.0482 0.0523
vn -0.9980 0.0471 0.0433
vn -0.9982 0.0454 0.0395
vn -0.9984 0.0427 0.0372
vn -0.9987 0.0376 0.0339
vn -0.9992 0.0286 0.0289
vn -0.9993 0.0246 0.0266
vn -0.0000 -0.5713 -0.8207
vn 0.9997 -0.0169 -0.0147
vn 1.0000 -0.0042 -0.0045
vn 0.9999 -0.0081 -0.0077
vn 0.9996 -0.0211 -0.0183
vn 0.9996 -0.0223 -0.0194
vn 0.9995 -0.0233 -0.0215
vn 0.9994 -0.0243 -0.0252
vn 0.9993 -0.0247 -0.0268
vn -0.1288 0.6944 0.7079
vn -0.1347 0.7616 0.6339
vn -0.1345 0.7607 0.6350
vn 0.0380 0.9903 -0.1336
vn 0.0833 0.9962 -0.0236
vn 0.0822 0.9963 -0.0262
vn 0.3881 -0.2905 -0.8746
vn 0.3868 -0.2426 -0.8897
vn 0.2363 -0.2536 -0.9380
vn 0.2290 -0.3024 -0.9252
vn -0.0933 0.2486 0.9641
vn -0.1655 0.3294 0.9296
vn 0.4005 -0.6021 -0.6907
vn 0.2303 -0.6516 -0.7228
vn 0.2068 -0.9361 -0.2846
vn 0.3699 -0.8686 -0.3296
vn -0.4546 0.0441 0.8896
vn -0.4627 0.0412 0.8856
vn 0.2253 -0.4026 -0.8872
vn 0.1454 -0.9888 -0.0320
vn 0.3197 -0.9465 -0.0448
vn 0.2370 0.2627 0.9353
vn 0.2184 0.2958 0.9299
vn -0.2517 0.9492 0.1887
vn 0.4272 0.9038 0.0263
vn 0.1573 0.9862 0.0525
vn -0.1007 0.4150 0.9042
vn -0.2469 0.6840 0.6864
vn -0.2168 0.7524 0.6220
vn -0.2213 0.7429 0.6318
vn -0.2468 0.6840 0.6865
vn 0.3882 0.9186 -0.0745
vn 0.3802 0.9238 -0.0440
vn 0.3776 0.9253 -0.0345
vn 0.5425 -0.2553 -0.8003
vn 0.5399 -0.1983 -0.8180
vn 0.4508 -0.2029 -0.8693
vn 0.4061 -0.2731 -0.8721
vn -0.1904 -0.9811 0.0356
vn -0.0986 -0.9949 0.0204
vn 0.3913 -0.3771 -0.8394
vn 0.4379 0.8969 -0.0620
vn 0.1604 0.9870 -0.0062
vn 0.2268 0.9710 0.0761
vn 0.0259 0.2437 0.9695
vn -0.0024 0.2864 0.9581
vn -0.3347 0.4734 0.8148
vn -0.4602 0.8760 0.1443
vn -0.2186 0.9669 0.1314
vn -0.0000 0.4095 0.9123
vn -0.0152 0.4136 0.9103
vn -0.9886 -0.0086 0.1502
vn -0.3367 0.0854 0.9377
vn -0.9027 -0.0429 -0.4280
vn 0.1324 0.9912 -0.0000
vn 0.1324 0.9912 0.0001
vn 0.1325 0.9912 0.0025
vn 0.1324 0.9912 0.0026
vn 0.1332 0.9909 0.0190
vn 0.1332 0.9909 0.0191
vn 0.1344 0.9884 0.0708
vn 0.1343 0.9883 0.0727
vn 0.1316 0.9759 0.1742
vn 0.1312 0.9745 0.1820
vn 0.1216 0.9438 0.3074
vn 0.1201 0.9392 0.3218
vn 0.1094 0.8973 0.4276
vn 0.1080 0.8902 0.4425
vn 0.1031 0.8498 0.5170
vn 0.1028 0.8420 0.5296
vn 0.1065 0.8072 0.5805
vn 0.1085 0.8001 0.5899
vn 0.1214 0.7704 0.6259
vn 0.1254 0.7638 0.6332
vn 0.1417 0.7344 0.6637
vn 0.1455 0.7268 0.6713
vn 0.1588 0.6958 0.7005
vn 0.1616 0.6879 0.7075
vn 0.1749 0.6496 0.7398
vn 0.1777 0.6412 0.7465
vn 0.1846 0.5840 0.7904
vn 0.1847 0.5919 0.7845
vn 0.1742 0.5426 0.8217
vn 0.1708 0.5375 0.8258
vn 0.4770 -0.1032 0.8728
vn 0.6325 -0.1404 0.7617
vn 0.6856 -0.1367 0.7150
vn 0.5196 -0.1229 0.8455
vn 0.1551 0.5137 0.8438
vn 0.1415 0.4929 0.8585
vn 0.1405 0.4911 0.8597
vn 0.1535 0.5114 0.8455
vn 0.1188 0.4682 0.8756
vn 0.1174 0.4671 0.8764
vn 0.0285 0.4314 0.9017
vn 0.0721 0.4426 0.8938
vn 0.0747 0.4435 0.8931
vn 0.0320 0.4315 0.9015
vn 0.0682 -0.0514 0.9964
vn 0.1842 -0.0674 0.9806
vn 0.1968 -0.0678 0.9781
vn 0.1193 -0.0615 0.9910
vn 0.0396 -0.0474 0.9981
vn -0.0191 0.1662 0.9859
vn -0.0195 0.1662 0.9859
vn -0.0245 0.1664 0.9858
vn -0.0237 0.1665 0.9858
vn -0.0500 0.1679 0.9845
vn -0.0557 0.1683 0.9842
vn -0.0661 0.1688 0.9834
vn 0.0129 0.1561 0.9877
vn 0.0052 0.1601 0.9871
vn 0.0046 0.1602 0.9871
vn 0.0122 0.1567 0.9876
vn -0.0029 0.1623 0.9867
vn -0.0042 0.1629 0.9866
vn 0.9998 0.0183 0.0005
vn 0.9998 0.0183 -0.0000
vn 0.9998 0.0189 0.0001
vn 0.9981 -0.0000 0.0610
vn 0.9993 0.0002 0.0378
vn 0.9936 -0.0000 0.1131
vn 0.9879 -0.0000 0.1551
vn 0.9997 0.0226 0.0057
vn 0.9998 0.0218 0.0045
vn 0.9998 0.0180 0.0003
vn 0.9998 0.0182 0.0003
vn -0.9998 0.0189 -0.0064
vn -0.9997 0.0242 -0.0064
vn -0.9993 0.0375 -0.0090
vn -0.9993 0.0372 -0.0062
vn -0.9993 -0.0004 -0.0375
vn -0.9994 -0.0003 -0.0335
vn -0.9998 -0.0000 -0.0185
vn -0.9998 -0.0000 -0.0200
vn 0.3039 -0.0319 0.9522
vn 0.2574 -0.0605 0.9644
vn 0.0213 0.2366 0.9714
vn 0.0195 0.2466 0.9689
vn 0.9998 0.0188 -0.0003
vn 0.9998 0.0184 -0.0000
vn 0.9998 0.0190 -0.0024
vn 0.9998 0.0189 -0.0025
vn 0.9727 -0.0004 0.2320
vn 0.9562 -0.0008 0.2926
vn -0.7288 0.5075 -0.4596
vn -0.7220 0.5154 -0.4616
vn -0.8435 0.3362 -0.4188
vn -0.8405 0.3423 -0.4201
vn 0.9998 0.0168 -0.0085
vn 0.9998 0.0166 -0.0093
vn 0.9999 0.0049 -0.0166
vn 0.9998 0.0063 -0.0185
vn 1.0000 0.0019 -0.0032
vn 1.0000 0.0012 0.0071
vn 0.7763 -0.1065 0.6213
vn 0.8057 -0.0812 0.5867
vn 0.3353 -0.0212 0.9419
vn 0.8495 -0.0424 0.5258
vn 0.8677 -0.0268 0.4963
vn -0.1304 -0.9253 -0.3560
vn -0.1314 -0.9318 -0.3383
vn -0.1406 -0.9901 0.0024
vn -0.1406 -0.9901 0.0025
vn 0.1397 0.2531 0.9573
vn 0.1148 0.2493 0.9616
vn 0.1094 0.2589 0.9597
vn 0.1319 0.2630 0.9558
vn 0.9998 0.0186 -0.0003
vn 0.9998 0.0190 -0.0005
vn 0.9998 0.0185 -0.0001
vn 0.9998 0.0184 -0.0001
vn 0.9998 0.0122 -0.0169
vn 0.9998 0.0110 -0.0179
vn 0.9257 -0.0049 0.3781
vn 0.9025 -0.0098 0.4307
vn 0.3796 -0.0359 0.9244
vn 0.4094 -0.0633 0.9101
vn 0.3564 -0.0193 0.9341
vn 0.3466 -0.0202 0.9378
vn -0.5886 0.6338 -0.5018
vn -0.5829 0.6375 -0.5038
vn -0.9693 -0.0000 0.2458
vn -0.6882 -0.0000 0.7255
vn -0.9693 -0.0001 0.2458
vn 0.1560 0.2243 0.9619
vn 0.1292 0.2205 0.9668
vn 0.1648 0.2569 0.9523
vn 0.1572 0.2673 0.9507
vn 0.1833 0.2277 0.9563
vn 0.2129 0.1400 0.9670
vn 0.2191 0.1476 0.9645
vn 0.1772 0.1451 0.9734
vn 0.1756 0.1374 0.9748
vn 0.0247 0.2082 0.9778
vn 0.0289 0.1732 0.9845
vn 0.0324 0.1441 0.9890
vn 0.2633 0.2919 0.9195
vn 0.2624 0.2958 0.9185
vn 0.2752 0.2886 0.9171
vn 0.2731 0.2841 0.9191
vn 0.2613 0.3005 0.9173
vn 0.2774 0.2942 0.9146
vn 0.2993 0.2657 0.9164
vn 0.2985 0.2565 0.9193
vn 0.2946 0.2558 0.9208
vn 0.2532 0.1416 0.9570
vn 0.2625 0.1497 0.9533
vn 0.1645 0.1533 0.9744
vn 0.1966 0.1565 0.9679
vn 0.0360 0.1319 0.9906
vn 0.0382 0.1454 0.9886
vn 0.3135 0.2211 0.9235
vn 0.3129 0.2164 0.9248
vn 0.3345 0.1864 0.9238
vn 0.3319 0.1844 0.9251
vn 0.3286 0.1838 0.9264
vn 0.3108 0.2165 0.9255
vn 0.3828 0.1470 0.9121
vn 0.3789 0.1481 0.9135
vn 0.3600 0.1601 0.9191
vn 0.3686 0.1588 0.9159
vn 0.3760 0.1455 0.9151
vn 0.3548 0.1586 0.9214
vn 0.2499 0.1653 0.9541
vn 0.2150 0.1660 0.9624
vn 0.2312 0.1583 0.9599
vn 0.0325 0.1708 0.9848
vn 0.3787 0.1541 0.9126
vn 0.3808 0.1513 0.9122
vn 0.1745 0.1665 0.9705
vn -0.0893 0.7871 -0.6103
vn -0.0898 0.7871 -0.6103
vn 0.2064 0.1906 0.9597
vn 0.1764 0.1878 0.9663
vn 0.3803 0.1500 0.9126
vn -0.9984 0.0135 -0.0549
vn -0.9965 0.0374 -0.0751
vn -0.9965 0.0370 -0.0753
vn -0.9981 0.0199 -0.0591
vn -0.3394 0.7433 -0.5764
vn -0.2111 0.7724 -0.5990
vn -0.2091 0.7728 -0.5992
vn -0.3371 0.7440 -0.5769
vn -0.8995 0.1947 -0.3911
vn -0.8965 0.2052 -0.3928
vn -0.4891 0.6891 -0.5347
vn -0.4866 0.6904 -0.5353
vn -0.2043 -0.5769 -0.7909
vn -0.1983 -0.6375 -0.7445
vn -0.2009 -0.6274 -0.7523
vn -0.2035 -0.5677 -0.7977
vn 0.2200 0.2027 0.9542
vn 0.1951 0.2022 0.9597
vn -0.4195 0.7173 -0.5563
vn -0.4215 0.7166 -0.5557
vn 0.0179 0.2216 0.9750
vn 0.0641 0.4974 0.8652
vn 0.0586 0.4581 0.8870
vn -0.9989 0.0453 -0.0124
vn -0.9988 0.0482 -0.0105
vn -0.9988 0.0483 -0.0093
vn -0.9989 0.0461 -0.0126
vn -0.9885 -0.0130 -0.1505
vn -0.9925 -0.0097 -0.1220
vn -0.9980 -0.0029 -0.0626
vn -0.9970 -0.0045 -0.0772
vn -1.0000 0.0001 -0.0081
vn -1.0000 -0.0000 -0.0084
vn -0.9490 0.0281 -0.3140
vn -0.9542 0.0155 -0.2988
vn -0.9776 -0.0131 -0.2100
vn -0.9713 -0.0102 -0.2378
vn -1.0000 0.0063 -0.0038
vn -1.0000 0.0071 -0.0044
vn -0.9285 0.0914 -0.3600
vn -0.9247 0.1051 -0.3658
vn -0.9991 0.0421 -0.0086
vn -1.0000 0.0013 -0.0029
vn -1.0000 0.0011 -0.0031
vn 0.1277 0.9918 -0.0014
vn 0.1226 0.9924 -0.0066
vn 0.1256 0.9921 -0.0057
vn 0.1268 0.9919 -0.0040
vn -0.9988 0.0480 -0.0046
vn -0.9989 0.0477 -0.0038
vn -0.0156 0.1924 0.9812
vn -0.0139 0.1922 0.9813
vn 0.1657 0.2038 0.9649
vn 0.3660 0.2247 0.9031
vn 0.3721 0.1987 0.9067
vn 0.1292 0.4245 0.8962
vn 0.1556 0.4442 0.8823
vn 0.0724 0.8435 0.5322
vn 0.0748 0.7799 0.6215
vn 0.3768 0.1799 0.9086
vn -0.9960 0.0299 -0.0838
vn -0.9959 0.0287 -0.0862
vn -0.0594 0.1783 0.9822
vn -0.0352 0.1875 0.9816
vn -0.0322 0.1875 0.9817
vn -0.0545 0.1780 0.9825
vn 0.3256 0.4357 0.8391
vn 0.3466 0.3534 0.8689
vn 0.0748 0.9967 -0.0300
vn 0.0361 0.9989 -0.0303
vn 0.0531 0.9977 -0.0427
vn 0.0817 0.9959 -0.0391
vn -0.9571 0.1925 -0.2164
vn -0.9539 0.1951 -0.2280
vn -0.9464 0.2006 -0.2533
vn -0.9463 0.2006 -0.2534
vn 0.1599 0.2966 0.9415
vn 0.1338 0.2947 0.9462
vn -0.2267 0.9710 0.0761
vn -0.4171 0.9056 0.0769
vn -0.1018 0.7048 0.7020
vn -0.0680 0.8353 0.5456
vn 0.2688 0.8136 0.5156
vn 0.3534 0.4496 0.8203
vn 0.4537 0.4258 0.7828
vn 0.4597 0.7565 0.4652
vn -0.8655 0.1764 0.4689
vn -0.8747 0.1718 0.4533
vn -0.4496 0.1456 0.8813
vn -0.4489 0.1575 0.8796
vn 0.1257 0.9917 -0.0254
vn 0.1352 0.9907 -0.0179
vn 0.1364 0.9906 -0.0068
vn 0.1311 0.9913 -0.0072
vn -0.8949 0.1518 0.4196
vn -0.9122 0.1344 0.3870
vn -0.5095 0.1230 0.8516
vn -0.4786 0.1338 0.8678
vn -0.2438 0.9231 0.2974
vn -0.1110 0.8897 0.4429
vn -0.0185 0.8721 0.4889
vn -0.0188 0.8721 0.4889
vn -0.2853 0.9127 0.2927
vn -0.9998 0.0141 0.0172
vn -1.0000 -0.0000 -0.0000
vn -0.9997 -0.0002 0.0253
vn -0.0345 0.1672 0.9853
vn -0.0326 0.1670 0.9854
vn -0.9998 0.0141 0.0173
vn -0.3484 0.0628 0.9352
vn -0.1821 0.0628 0.9813
vn -0.1350 0.0596 0.9890
vn -0.0115 0.1651 0.9862
vn -0.0109 0.1650 0.9862
vn 0.1271 0.9919 -0.0040
vn -0.0978 0.2602 -0.9606
vn -0.0776 0.2578 -0.9631
vn -0.0642 0.2562 -0.9645
vn -0.0060 -0.1623 -0.9867
vn -0.0059 -0.1623 -0.9867
vn -0.0071 -0.1613 -0.9869
vn -0.0072 -0.1614 -0.9869
vn -0.0074 -0.1613 -0.9869
vn -0.0068 -0.1614 -0.9869
vn -0.0069 -0.1614 -0.9869
vn -0.9906 0.1066 0.0853
vn -0.9881 0.1190 0.0973
vn -0.8964 0.1227 0.4260
vn -0.4715 0.1191 0.8738
vn -0.2967 0.0991 0.9498
vn -0.2189 0.0888 0.9717
vn -0.2131 0.0965 0.9723
vn -0.2156 0.0019 0.9765
vn -0.1683 0.1220 0.9782
vn -0.1765 0.1219 0.9767
vn -0.1398 0.1321 0.9813
vn -0.1279 0.1315 0.9830
vn 0.1087 0.9940 -0.0133
vn 0.1109 0.9938 -0.0084
vn 0.0925 0.9956 -0.0178
vn 0.0930 0.9956 -0.0114
vn 0.0360 0.9989 -0.0312
vn 0.0309 0.9983 -0.0491
vn 0.1098 0.9939 -0.0136
vn 0.0617 0.9978 -0.0222
vn 0.0678 0.9974 -0.0226
vn 0.0795 0.9967 -0.0149
vn 0.0636 0.9978 -0.0200
vn 0.1057 0.9941 -0.0228
vn 0.0566 0.9982 -0.0200
vn 0.0560 0.9982 -0.0219
vn 0.0542 0.9983 -0.0190
vn -0.1167 0.1472 0.9822
vn -0.1069 0.1467 0.9834
vn 0.0506 0.9986 -0.0157
vn 0.0487 0.9987 -0.0178
vn 0.0397 0.9989 0.0247
vn 0.0375 0.9992 0.0156
vn -0.0892 0.1637 0.9825
vn -0.0820 0.1634 0.9832
vn -0.0961 0.1641 0.9818
vn -0.0643 0.1781 0.9819
vn 0.0596 0.9980 -0.0211
vn 0.0358 0.9992 -0.0174
vn 0.0333 0.9992 -0.0231
vn 0.0460 0.9982 -0.0376
vn 0.0552 0.9982 -0.0241
vn 0.0593 0.9979 -0.0272
vn 0.0794 0.9967 -0.0180
vn 0.0862 0.9960 -0.0248
vn 0.0920 0.9957 -0.0121
vn -0.9989 0.0460 -0.0000
vn -0.9989 0.0459 -0.0000
vn 0.2094 0.7681 0.6052
vn 0.1638 0.4246 0.8904
vn 0.2773 0.3974 0.8747
vn 0.3786 0.6726 0.6358
vn 0.0232 0.9976 -0.0654
vn -0.5034 -0.0443 -0.8629
vn -0.6084 0.0679 -0.7907
vn -0.6141 0.0787 -0.7853
vn -0.5104 -0.0412 -0.8589
vn 0.0374 0.9980 -0.0508
vn 0.0551 0.9978 -0.0362
vn 0.2990 0.9509 0.0795
vn 0.2517 0.9492 0.1886
vn 0.4659 0.8657 0.1829
vn 0.4811 0.8726 0.0840
vn 0.0745 0.9969 -0.0247
vn -0.3093 0.6627 0.6820
vn -0.1854 0.3941 0.9002
vn -0.0728 0.4262 0.9017
vn -0.1617 0.7756 0.6101
vn 0.0596 0.9970 -0.0494
vn 0.0415 0.9991 -0.0011
vn 0.0425 0.9978 -0.0509
vn 0.1145 0.9927 -0.0389
vn 0.1073 0.9936 -0.0339
vn 0.0659 0.4246 0.9030
vn 0.1550 0.4662 0.8710
vn -0.9677 -0.2450 0.0595
vn -0.9701 -0.2410 0.0288
vn -0.9702 -0.2408 0.0274
vn -0.2039 0.9640 0.1706
vn -0.4279 0.8881 0.1679
vn -0.0417 0.9798 0.1957
vn -0.0250 0.7754 0.6310
vn 0.8610 -0.0297 -0.5077
vn 0.8636 -0.0307 -0.5032
vn 0.8032 -0.0137 -0.5955
vn 0.8014 -0.0133 -0.5980
vn 0.2300 -0.1555 -0.9607
vn -0.3577 -0.1154 -0.9267
vn -0.3574 -0.1160 -0.9267
vn -0.3613 -0.1432 -0.9214
vn -0.9767 -0.2148 -0.0001
vn -0.9779 -0.2091 -0.0003
vn 0.0076 0.9998 -0.0205
vn 0.0710 0.9971 -0.0275
vn -0.0299 0.2518 -0.9673
vn -0.0252 0.2511 -0.9676
vn 0.0939 0.9952 -0.0267
vn -0.9864 -0.1644 -0.0001
vn -0.9872 -0.1592 -0.0002
vn 0.2523 -0.1503 -0.9559
vn -0.9955 -0.0948 -0.0020
vn -0.9994 -0.0282 -0.0202
vn -0.9994 -0.0238 -0.0248
vn -0.9964 -0.0852 -0.0023
vn -0.4045 -0.0867 -0.9104
vn -0.4099 -0.0844 -0.9082
vn -0.9912 0.0691 -0.1129
vn -0.9921 0.0615 -0.1095
vn -0.9831 0.1295 -0.1298
vn -0.9760 0.1639 -0.1431
vn 0.0226 0.9871 0.1586
vn 0.0228 0.9825 0.1847
vn 0.0610 0.7476 0.6613
vn -0.0568 0.9942 0.0909
vn 0.0119 0.9929 0.1181
vn 0.1857 0.3075 0.9333
vn 0.0230 0.9927 0.1188
vn 0.3602 0.2916 0.8861
vn 0.0352 0.9994 0.0057
vn 0.0478 0.9987 -0.0195
vn 0.5206 0.1853 0.8334
vn 0.4869 0.2743 0.8293
vn 0.3839 0.3088 0.8702
vn 0.3763 0.2290 0.8977
vn 0.3613 0.2490 0.8986
vn 0.3274 0.2929 0.8984
vn 0.1829 0.3279 0.9268
vn 0.1960 0.2699 0.9427
vn 0.0132 0.3101 0.9506
vn 0.1506 0.9269 0.3437
vn 0.0416 0.9991 -0.0011
vn 0.1377 0.8698 0.4739
vn -0.9946 0.0368 -0.0974
vn -0.9940 0.0429 -0.1005
vn -0.9893 0.0041 -0.1458
vn -0.9991 0.0086 -0.0427
vn -0.9991 -0.0325 -0.0259
vn -0.9901 -0.0207 -0.1387
vn -0.0047 0.2480 -0.9688
vn -0.0034 0.2477 -0.9688
vn 0.1417 -0.9545 -0.2625
vn 0.1214 -0.9926 -0.0107
vn 0.2561 -0.9667 0.0008
vn 0.3116 -0.9135 -0.2614
vn -0.0381 0.1874 0.9815
vn -0.0168 0.1924 0.9812
vn -0.0349 -0.4088 -0.9119
vn -0.0330 -0.4087 -0.9121
vn 0.1186 -0.1298 -0.9844
vn 0.1109 -0.1119 -0.9875
vn 0.0855 -0.1280 -0.9881
vn 0.0906 -0.1461 -0.9851
vn -0.9119 -0.0100 -0.4102
vn -0.6299 -0.0000 -0.7767
vn -0.9131 -0.0000 -0.4077
vn -0.9714 0.1804 -0.1542
vn -0.9703 0.1855 -0.1553
vn -0.0360 0.0373 -0.9987
vn 0.0351 -0.0154 -0.9993
vn -0.2197 -0.0047 -0.9756
vn -0.2208 -0.0086 -0.9753
vn 0.0328 0.0011 -0.9995
vn -0.2185 -0.0008 -0.9758
vn -0.9106 -0.0201 -0.4127
vn -0.9946 0.0126 -0.1034
vn -0.6298 -0.0000 -0.7767
vn -0.9830 0.1550 -0.0989
vn -0.9771 0.1634 -0.1362
vn -0.9718 0.1696 -0.1636
vn -0.9713 0.1721 -0.1641
vn -0.9969 0.0676 -0.0409
vn -0.9969 0.0677 -0.0409
vn -0.9859 0.1500 -0.0739
vn -0.9946 0.0127 -0.1034
vn 0.1475 0.1838 0.9718
vn -0.9668 0.1747 -0.1863
vn -0.9658 0.1788 -0.1876
vn -0.5835 0.1828 0.7913
vn -0.9093 0.1574 0.3851
vn 0.0030 0.2465 -0.9691
vn -0.9665 0.1838 -0.1790
vn -0.9671 0.1840 -0.1757
vn -0.0257 0.8768 -0.4801
vn -0.1080 0.8830 -0.4568
vn -0.2479 0.9073 -0.3397
vn -0.9694 0.1899 -0.1557
vn -0.9684 0.1929 -0.1582
vn -0.0569 0.9942 0.0910
vn 0.2203 0.7491 0.6247
vn -0.2846 0.8945 -0.3448
vn -0.6725 0.1838 -0.7169
vn -0.6743 0.1861 -0.7146
vn 0.2890 0.6470 0.7056
vn 0.3164 0.5519 0.7716
vn -0.6745 0.2141 -0.7066
vn -0.6739 0.2143 -0.7070
vn -0.4747 0.2201 -0.8522
vn -0.4905 0.2204 -0.8431
vn -0.0825 0.0892 -0.9926
vn -0.0359 0.0374 -0.9987
vn 0.1415 -0.0312 -0.9894
vn 0.1231 0.0045 -0.9924
vn -0.9996 0.0277 -0.0000
vn -0.9860 0.1227 0.1127
vn -0.9846 0.1346 0.1120
vn -0.9836 0.1273 0.1279
vn -0.9847 0.1173 0.1286
vn 0.2186 0.9669 0.1313
vn 0.4602 0.8760 0.1442
vn 0.4831 0.8695 0.1027
vn 0.3160 0.9457 0.0766
vn -0.1265 0.1476 0.9809
vn 0.9952 -0.0927 -0.0298
vn 0.9928 -0.0975 -0.0697
vn 0.9347 -0.1189 -0.3349
vn 0.9269 -0.1199 -0.3558
vn 0.7298 -0.6440 0.2292
vn 0.7299 -0.6440 0.2293
vn 0.4176 -0.8879 0.1932
vn 0.4170 -0.8882 0.1930
vn -0.9989 0.0466 -0.0007
vn -0.9989 0.0466 -0.0011
vn -0.2794 0.1335 0.9509
vn -0.3170 0.1418 0.9378
vn 0.1289 0.9917 -0.0005
vn -0.4077 0.8939 -0.1865
vn -0.4375 0.8918 -0.1153
vn -0.9845 0.1119 0.1353
vn -0.9848 0.1092 0.1352
vn -0.4115 0.9044 0.1126
vn -0.4483 0.8936 0.0223
vn -0.1065 -0.9754 0.1928
vn -0.1061 -0.9757 0.1919
vn -0.0891 -0.9569 0.2766
vn -0.0894 -0.9558 0.2800
vn 0.9996 0.0259 0.0106
vn -0.9932 0.0964 0.0657
vn -0.9931 0.0943 0.0698
vn -0.9253 0.1200 0.3599
vn -0.5652 0.1156 0.8168
vn -0.1946 0.1187 0.9737
vn -0.1529 0.1320 0.9794
vn 0.0887 0.9951 -0.0446
vn -0.0817 -0.4214 -0.9032
vn -0.1277 -0.4468 -0.8855
vn -0.1261 -0.4454 -0.8864
vn -0.0788 -0.4203 -0.9039
vn -0.9999 -0.0018 0.0125
vn -0.9999 -0.0032 0.0147
vn -0.9998 -0.0058 0.0167
vn -0.0232 0.0021 0.9997
vn -0.9909 0.1031 0.0860
vn -0.9889 0.1117 0.0978
vn -0.9934 0.0945 0.0650
vn -0.9931 0.0937 0.0708
vn -0.2903 0.0895 0.9527
vn -0.0163 0.1661 0.9860
vn -0.0160 0.1661 0.9860
vn -0.1413 -0.9900 -0.0031
vn -0.1413 -0.9900 -0.0028
vn -0.1423 -0.9896 -0.0195
vn -0.1423 -0.9896 -0.0194
vn -0.1438 -0.9869 -0.0734
vn -0.1439 -0.9870 -0.0716
vn -0.1409 -0.9730 -0.1830
vn -0.1413 -0.9745 -0.1741
vn -0.1297 -0.9377 -0.3224
vn -0.1314 -0.9429 -0.3061
vn -0.1189 -0.8886 -0.4431
vn -0.1201 -0.8967 -0.4261
vn -0.1175 -0.8396 -0.5303
vn -0.1168 -0.8486 -0.5160
vn -0.1292 -0.7965 -0.5906
vn -0.1255 -0.8049 -0.5800
vn -0.1517 -0.7576 -0.6349
vn -0.1461 -0.7658 -0.6262
vn -0.1735 -0.7174 -0.6747
vn -0.1692 -0.7268 -0.6657
vn -0.1880 -0.6762 -0.7123
vn -0.1853 -0.6855 -0.7041
vn -0.1898 -0.5248 -0.8298
vn -0.1857 -0.5191 -0.8343
vn -0.5302 0.1602 -0.8326
vn -0.7048 0.1888 -0.6838
vn -0.6384 0.1878 -0.7465
vn -0.4791 0.1315 -0.8679
vn -0.1677 -0.4945 -0.8528
vn -0.1656 -0.4919 -0.8548
vn -0.1508 -0.4707 -0.8693
vn -0.1522 -0.4727 -0.8680
vn -0.1228 0.0772 -0.9894
vn -0.1999 0.0853 -0.9761
vn -0.1863 0.0844 -0.9789
vn -0.0680 0.0649 -0.9956
vn -0.0392 0.0600 -0.9974
vn 0.9913 -0.0971 -0.0890
vn 0.9904 -0.0989 -0.0962
vn 0.0424 -0.1695 -0.9846
vn 0.0497 -0.1727 -0.9837
vn 0.0499 -0.1727 -0.9837
vn 0.0450 -0.1706 -0.9843
vn -0.0136 -0.1529 -0.9881
vn -0.0127 -0.1543 -0.9879
vn -0.0070 -0.1585 -0.9873
vn -0.0075 -0.1587 -0.9873
vn -0.0009 -0.1630 -0.9866
vn -0.0022 -0.1612 -0.9869
vn 0.9995 0.0283 0.0118
vn 0.9997 -0.0050 0.0234
vn 0.9995 -0.0083 0.0304
vn 0.9997 0.0202 0.0141
vn -0.9980 0.0583 -0.0251
vn -0.9914 0.0670 -0.1124
vn -0.9957 0.0637 -0.0672
vn -0.9986 0.0536 -0.0038
vn -0.9992 -0.0288 0.0288
vn -0.9997 -0.0106 0.0225
vn -0.9997 -0.0102 0.0221
vn -0.9993 -0.0251 0.0280
vn 0.9972 0.0494 0.0557
vn 0.9983 0.0498 0.0304
vn 0.9984 0.0495 0.0274
vn 0.9975 0.0495 0.0496
vn -0.2589 0.0794 -0.9626
vn -0.3080 0.0485 -0.9502
vn -0.0201 -0.2451 -0.9693
vn -0.0215 -0.2361 -0.9715
vn -1.0000 0.0062 0.0014
vn -1.0000 0.0079 0.0038
vn -1.0000 0.0077 0.0037
vn -0.9655 0.0697 -0.2507
vn -0.9814 0.0694 -0.1789
vn 0.7307 -0.4448 0.5178
vn 0.8349 -0.2716 0.4786
vn 0.8376 -0.2656 0.4774
vn 0.7223 -0.4554 0.5204
vn -0.9998 0.0118 0.0129
vn -0.9999 0.0115 0.0117
vn -0.9989 0.0332 0.0320
vn -0.9988 0.0463 0.0184
vn -0.9988 0.0419 0.0259
vn -0.9991 0.0297 0.0318
vn -0.7882 0.1689 -0.5918
vn -0.8265 0.1400 -0.5453
vn -0.3406 0.0383 -0.9394
vn -0.8655 0.1081 -0.4891
vn -0.8877 0.0894 -0.4517
vn -0.1086 -0.2573 -0.9602
vn -0.1143 -0.2484 -0.9619
vn -0.1397 -0.2524 -0.9575
vn -0.1322 -0.2614 -0.9561
vn -1.0000 0.0040 0.0054
vn -1.0000 0.0035 0.0062
vn -0.9994 0.0208 0.0262
vn -0.9995 0.0189 0.0240
vn -0.9165 0.0761 -0.3927
vn -0.9423 0.0720 -0.3270
vn -0.3828 0.0535 -0.9223
vn -0.3511 0.0370 -0.9356
vn -0.3605 0.0352 -0.9321
vn -0.4126 0.0854 -0.9069
vn 0.5927 -0.5780 0.5609
vn 0.5858 -0.5826 0.5634
vn 0.9708 0.0521 -0.2341
vn 0.9715 0.0520 -0.2314
vn 0.6858 0.0632 -0.7251
vn 0.6864 0.0633 -0.7244
vn -0.1293 -0.2206 -0.9668
vn -0.1560 -0.2243 -0.9619
vn -0.1655 -0.2562 -0.9524
vn -0.1586 -0.2658 -0.9509
vn -0.1834 -0.2276 -0.9563
vn -0.1774 -0.1452 -0.9734
vn -0.2191 -0.1476 -0.9645
vn -0.2129 -0.1401 -0.9670
vn -0.1757 -0.1374 -0.9748
vn -0.0247 -0.2084 -0.9777
vn -0.0321 -0.1440 -0.9891
vn -0.0279 -0.1732 -0.9845
vn -0.2737 -0.2837 -0.9190
vn -0.2813 -0.3174 -0.9056
vn -0.2314 -0.2965 -0.9266
vn -0.3474 -0.2599 -0.9010
vn -0.3960 -0.2734 -0.8766
vn -0.3033 -0.3413 -0.8897
vn -0.2945 -0.2559 -0.9208
vn -0.2622 -0.1497 -0.9533
vn -0.2531 -0.1416 -0.9570
vn -0.1966 -0.1565 -0.9679
vn -0.1646 -0.1533 -0.9744
vn -0.0382 -0.1452 -0.9887
vn -0.0353 -0.1320 -0.9906
vn -0.3702 -0.2203 -0.9025
vn -0.4218 -0.2282 -0.8775
vn -0.4520 -0.1853 -0.8726
vn -0.3871 -0.1861 -0.9031
vn -0.3286 -0.1838 -0.9264
vn -0.3108 -0.2166 -0.9255
vn -0.4907 -0.1360 -0.8607
vn -0.4855 -0.1525 -0.8608
vn -0.4211 -0.1575 -0.8932
vn -0.4339 -0.1453 -0.8892
vn -0.3761 -0.1455 -0.9151
vn -0.3547 -0.1586 -0.9214
vn -0.2149 -0.1660 -0.9624
vn -0.2498 -0.1653 -0.9541
vn -0.2311 -0.1583 -0.9600
vn -0.0324 -0.1708 -0.9848
vn -0.4336 -0.1454 -0.8893
vn -0.4807 -0.1425 -0.8652
vn -0.1746 -0.1665 -0.9705
vn -0.0000 -0.7343 0.6788
vn 0.0962 -0.7308 0.6757
vn 0.0956 -0.7307 0.6760
vn -0.2064 -0.1906 -0.9597
vn -0.1764 -0.1878 -0.9663
vn -0.3803 -0.1500 -0.9126
vn 0.9879 0.0047 0.1550
vn 0.9873 -0.0036 0.1587
vn 0.9868 -0.0216 0.1604
vn 0.9866 -0.0221 0.1615
vn 0.3387 -0.6891 0.6406
vn 0.2155 -0.7166 0.6634
vn 0.2181 -0.7161 0.6630
vn 0.3424 -0.6882 0.6397
vn 0.8831 -0.1289 0.4512
vn 0.8858 -0.1168 0.4492
vn 0.4927 -0.6347 0.5953
vn 0.4893 -0.6360 0.5967
vn 0.2535 -0.8823 -0.3966
vn 0.2534 -0.8820 -0.3973
vn 0.2867 -0.9229 -0.2568
vn 0.2866 -0.9228 -0.2575
vn -0.1949 -0.2028 -0.9596
vn -0.2198 -0.2035 -0.9541
vn 0.4244 -0.6619 0.6179
vn 0.4221 -0.6627 0.6186
vn -0.0179 -0.2220 -0.9749
vn -0.0677 -0.4967 -0.8653
vn -0.0614 -0.4542 -0.8888
vn 0.9983 -0.0315 0.0485
vn 0.9982 -0.0336 0.0503
vn 0.9976 -0.0391 0.0567
vn 0.9977 -0.0388 0.0560
vn 0.9790 0.0703 0.1911
vn 0.9928 0.0557 0.1061
vn 0.9948 0.0529 0.0866
vn 0.9858 0.0639 0.1554
vn 0.9986 0.0506 0.0129
vn 0.9986 0.0506 0.0122
vn 0.9282 0.0458 0.3693
vn 0.9545 0.0763 0.2882
vn 0.9642 0.0761 0.2539
vn 0.9347 0.0580 0.3506
vn 0.9990 0.0450 0.0049
vn 0.9990 0.0441 0.0056
vn 0.9056 -0.0274 0.4232
vn 0.9091 -0.0121 0.4163
vn 0.9987 0.0507 0.0043
vn 0.9987 0.0504 0.0041
vn -0.1420 -0.9894 0.0315
vn -0.1486 -0.9887 0.0200
vn -0.1440 -0.9892 0.0256
vn -0.1300 -0.9909 0.0360
vn 0.9977 -0.0390 0.0560
vn 0.9976 -0.0392 0.0566
vn 0.0164 -0.1770 -0.9841
vn 0.0160 -0.1617 -0.9867
vn -0.1654 -0.2045 -0.9648
vn -0.4312 -0.1854 -0.8830
vn -0.4678 -0.2190 -0.8563
vn -0.3865 -0.1728 -0.9060
vn 0.9882 -0.0068 0.1533
vn 0.9881 -0.0109 0.1535
vn 0.0607 -0.1609 -0.9851
vn 0.0575 -0.1433 -0.9880
vn 0.0345 -0.1546 -0.9874
vn 0.0363 -0.1711 -0.9846
vn -0.4192 -0.3350 -0.8438
vn -0.4313 -0.4272 -0.7946
vn -0.1029 -0.4774 -0.8726
vn -0.0316 -0.7754 -0.6307
vn 0.1065 -0.8489 -0.5178
vn -0.0020 -0.5348 -0.8450
vn 0.9561 -0.1950 0.2185
vn 0.9479 -0.2035 0.2451
vn 0.9537 -0.1976 0.2266
vn 0.1200 -0.3095 -0.9433
vn 0.2988 -0.3112 -0.9021
vn 0.2788 -0.2466 -0.9281
vn 0.0764 -0.2574 -0.9633
vn 0.0511 -0.9828 -0.1776
vn 0.1775 -0.9791 -0.0996
vn -0.1422 -0.9897 0.0169
vn -0.1423 -0.9897 0.0142
vn -0.1481 -0.9889 0.0105
vn 0.8710 -0.1689 -0.4614
vn 0.4435 -0.1527 -0.8832
vn 0.4427 -0.1442 -0.8850
vn 0.8792 -0.1713 -0.4445
vn 0.2406 -0.9195 -0.3109
vn 0.0331 -0.8720 -0.4884
vn 0.0332 -0.8720 -0.4884
vn 0.1169 -0.8876 -0.4456
vn 0.2879 -0.9116 -0.2935
vn 0.9999 0.0103 -0.0018
vn 0.9992 0.0354 -0.0189
vn 0.9999 0.0100 0.0090
vn 0.0323 -0.1673 -0.9854
vn 0.0305 -0.1672 -0.9854
vn 0.0892 -0.0138 -0.9959
vn 0.1463 -0.0708 -0.9867
vn 0.1276 -0.0656 -0.9897
vn -0.0145 0.0053 -0.9999
vn 0.0062 -0.1663 -0.9860
vn 0.0071 -0.1663 -0.9860
vn -0.1512 -0.9884 0.0123
vn -0.1582 -0.9873 0.0150
vn 0.0807 -0.2616 0.9618
vn 0.0566 -0.2568 0.9648
vn 0.0662 -0.2586 0.9637
vn 0.5694 -0.1155 -0.8139
vn 0.2794 -0.0878 -0.9561
vn 0.2931 -0.0986 -0.9510
vn 0.4148 -0.1171 -0.9023
vn 0.9840 -0.1239 -0.1282
vn 0.9833 -0.1049 -0.1489
vn 0.9853 -0.1159 -0.1252
vn 0.9854 -0.1340 -0.1052
vn 0.9001 -0.1511 -0.4087
vn 0.4720 -0.1326 -0.8716
vn 0.5033 -0.1220 -0.8555
vn 0.9179 -0.1336 -0.3736
vn 0.9268 -0.1199 -0.3558
vn 0.1276 -0.0657 -0.9897
vn 0.2036 -0.0942 -0.9745
vn 0.2042 -0.0864 -0.9751
vn 0.2028 0.0515 -0.9779
vn 0.2051 0.0516 -0.9774
vn 0.1714 -0.0918 -0.9809
vn 0.1320 -0.0980 -0.9864
vn 0.1418 -0.1153 -0.9832
vn 0.1774 -0.1057 -0.9784
vn -0.1263 -0.9914 0.0348
vn -0.1200 -0.9918 0.0444
vn -0.1078 -0.9933 0.0406
vn -0.1094 -0.9923 0.0579
vn -0.1352 -0.9906 0.0215
vn -0.0991 -0.9948 0.0228
vn -0.0326 -0.9985 0.0439
vn -0.0237 -0.9964 0.0813
vn -0.1590 -0.9871 0.0190
vn -0.1354 -0.9906 0.0180
vn 0.0642 -0.1781 -0.9819
vn 0.0961 -0.1641 -0.9818
vn -0.0516 -0.9982 0.0321
vn -0.0427 -0.9967 0.0698
vn -0.0638 -0.9977 0.0242
vn -0.0619 -0.9963 0.0590
vn -0.0849 -0.9962 0.0207
vn -0.0905 -0.9948 0.0475
vn 0.0166 -0.1666 -0.9859
vn 0.0214 -0.1667 -0.9858
vn 0.0223 -0.1668 -0.9857
vn 0.0170 -0.1666 -0.9859
vn 0.1395 -0.4171 -0.8981
vn 0.1607 -0.6746 -0.7205
vn 0.3476 -0.6603 -0.6657
vn 0.3236 -0.4135 -0.8511
vn -0.0160 -0.9940 0.1081
vn -0.1332 -0.2967 -0.9456
vn -0.1595 -0.2985 -0.9410
vn -0.0355 -0.9941 0.1026
vn -0.0586 -0.9940 0.0921
vn -0.0512 -0.9629 -0.2648
vn -0.0470 -0.9504 -0.3076
vn -0.0369 -0.9993 -0.0022
vn -0.0363 -0.9993 0.0047
vn -0.0856 -0.9934 0.0760
vn -0.3943 -0.2769 -0.8763
vn -0.0813 -0.9958 0.0426
vn -0.0639 -0.9971 0.0423
vn -0.0891 -0.9959 -0.0140
vn -0.0958 -0.9949 0.0302
vn 0.9796 -0.0289 0.1990
vn 0.9759 0.0483 0.2129
vn 0.9798 -0.0420 0.1957
vn -0.5430 -0.3630 -0.7573
vn -0.5269 -0.5689 -0.6315
vn -0.3483 -0.6894 -0.6352
vn -0.3749 -0.4191 -0.8269
vn -0.0072 -0.9570 -0.2899
vn -0.0110 -0.6775 -0.7354
vn -0.0704 0.3316 0.9408
vn -0.1017 0.2739 0.9564
vn 0.4373 0.1577 0.8854
vn 0.4077 0.1522 0.9003
vn 0.3149 0.1240 0.9410
vn 0.3126 0.1230 0.9419
vn 0.9446 0.2812 0.1690
vn 0.9616 0.2313 0.1480
vn 0.9588 0.2398 0.1520
vn 0.9433 0.2851 0.1703
vn 0.0246 -0.2515 0.9676
vn 0.0289 -0.2521 0.9673
vn -0.1483 -0.9886 0.0242
vn -0.1299 -0.9913 0.0202
vn 0.9760 0.1765 0.1276
vn 0.9744 0.1835 0.1297
vn 0.4931 0.1678 0.8536
vn 0.9868 0.1124 0.1162
vn 0.9883 0.1007 0.1148
vn 0.9906 0.0408 0.1307
vn 0.9910 0.0460 0.1256
vn 0.3366 0.0855 0.9377
vn 0.3284 0.0882 0.9404
vn 0.9889 -0.0455 0.1418
vn 0.9768 -0.1368 0.1649
vn 0.9838 -0.1063 0.1447
vn 0.9890 -0.0341 0.1439
vn -0.0977 -0.6973 -0.7101
vn -0.0777 -0.6712 -0.7372
vn -0.0339 -0.9994 0.0086
vn -0.0471 -0.9808 -0.1890
vn -0.1853 -0.3093 -0.9327
vn -0.1103 -0.7505 -0.6516
vn -0.1671 -0.2945 -0.9409
vn -0.0720 -0.3393 -0.9379
vn -0.1286 -0.1919 -0.9730
vn -0.2300 -0.2014 -0.9521
vn -0.2586 -0.9383 -0.2294
vn -0.4477 -0.8329 -0.3254
vn -0.3770 -0.9237 -0.0673
vn -0.1535 -0.9878 -0.0243
vn -0.3940 -0.5304 -0.7507
vn -0.3821 -0.4612 -0.8008
vn -0.3318 -0.6925 -0.6405
vn -0.2964 -0.8071 -0.5106
vn -0.1290 -0.4272 -0.8949
vn -0.1005 -0.4177 -0.9030
vn -0.0131 -0.3118 -0.9501
vn -0.2215 -0.9146 -0.3384
vn -0.1177 -0.9843 -0.1316
vn 0.9889 -0.0153 0.1480
vn 0.9886 -0.0086 0.1502
vn 0.9897 -0.0034 0.1433
vn 0.9888 0.0617 0.1362
vn 0.9979 0.0630 0.0165
vn 0.9991 -0.0079 0.0413
vn 0.0088 -0.2368 0.9715
vn 0.0093 -0.2388 0.9710
vn -0.2110 0.9775 0.0084
vn -0.2151 0.9766 0.0030
vn -0.2757 0.9581 -0.0783
vn 0.0168 -0.1923 -0.9812
vn 0.0381 -0.1875 -0.9815
vn -0.0120 -0.6100 -0.7923
vn -0.0064 -0.6123 -0.7906
vn -0.3663 0.9305 -0.0057
vn -0.3660 0.9306 -0.0088
vn -0.3653 0.9308 -0.0166
vn 0.9123 0.0754 0.4025
vn 0.9147 0.0001 0.4041
vn 0.6298 -0.0000 0.7767
vn 0.6280 0.0778 0.7743
vn 0.9695 -0.1704 0.1764
vn 0.9719 -0.1736 0.1589
vn -0.0040 0.0308 0.9995
vn 0.2076 0.1351 0.9688
vn 0.2129 0.0688 0.9747
vn -0.0353 0.0615 0.9975
vn 0.2146 0.0008 0.9767
vn -0.0348 -0.0008 0.9994
vn 0.9061 0.1488 0.3961
vn 0.9964 0.0419 0.0743
vn 0.6218 0.1534 0.7680
vn 0.9837 -0.1554 0.0900
vn 0.9732 -0.1665 0.1586
vn 0.9724 -0.1667 0.1633
vn 0.9986 -0.0493 0.0204
vn 0.9737 0.0642 0.2187
vn 0.9737 0.0642 0.2188
vn -0.1475 -0.1839 -0.9718
vn 0.9160 -0.1400 -0.3759
vn 0.5812 -0.1695 -0.7959
vn 0.0068 -0.2259 0.9741
vn 0.9646 -0.1881 0.1846
vn 0.9646 -0.1875 0.1854
vn 0.0509 -0.8769 0.4780
vn 0.2502 -0.9045 0.3453
vn 0.1211 -0.8821 0.4552
vn 0.9683 -0.1500 0.1995
vn 0.9664 -0.1719 0.1911
vn -0.1512 -0.9587 -0.2410
vn 0.2846 -0.8948 0.3441
vn 0.5898 -0.0794 0.8036
vn 0.6621 -0.1860 0.7260
vn 0.6598 -0.1835 0.7287
vn 0.5825 -0.0679 0.8100
vn -0.4007 -0.6199 -0.6747
vn 0.6661 -0.2141 0.7145
vn 0.6667 -0.2140 0.7139
vn 0.4741 -0.2186 0.8529
vn 0.4571 -0.2181 0.8623
vn -0.0041 0.0307 0.9995
vn 0.0840 -0.0715 0.9939
vn 0.0840 -0.0714 0.9939
vn -0.1541 0.0780 0.9850
vn -0.1246 -0.0038 0.9922
vn 0.9985 -0.0382 0.0385
vn 0.9995 -0.0220 0.0219
vn 0.9984 -0.0381 0.0411
vn -0.0894 -0.9959 0.0163
vn -0.0654 -0.9978 0.0085
vn 0.1265 -0.1476 -0.9809
vn -0.0826 -0.9963 0.0255
vn -0.1163 -0.9930 0.0226
vn 0.8710 -0.1689 -0.4613
vn 0.1923 -0.1183 -0.9742
vn 0.2093 -0.1057 -0.9721
vn 0.9978 -0.0377 0.0538
vn 0.9979 -0.0370 0.0528
vn 0.9979 -0.0371 0.0529
vn 0.9978 -0.0379 0.0539
vn 0.3125 -0.1213 -0.9421
vn 0.2746 -0.1215 -0.9538
vn -0.1445 -0.9894 0.0137
vn -0.1463 -0.9892 0.0126
vn 0.4027 -0.8928 0.2021
vn 0.4289 -0.8916 0.1449
vn 0.4127 -0.9023 -0.1243
vn 0.4460 -0.8936 -0.0504
vn 0.9710 -0.1210 0.2063
vn 0.9684 -0.1444 0.2034
vn 0.9698 -0.1047 0.2203
vn -0.9986 -0.0418 0.0320
vn 0.9937 -0.0873 0.0709
vn 0.9873 -0.0814 0.1363
vn 0.9911 -0.1062 -0.0796
vn 0.9888 -0.1185 -0.0910
vn 0.9001 -0.1510 -0.4087
vn 0.9180 -0.1335 -0.3735
vn 0.1922 -0.1184 -0.9742
vn 0.1529 -0.1320 -0.9794
vn -0.1554 -0.4467 -0.8811
vn -0.0147 -0.9998 -0.0110
vn -0.1273 -0.9914 0.0296
vn -0.0205 -0.6142 -0.7889
vn 0.1691 -0.4667 0.8681
vn 0.0429 -0.7235 0.6889
vn 0.0324 -0.7410 0.6707
vn 0.0182 0.0414 -0.9990
vn 0.9891 -0.1049 -0.1035
vn 0.9870 -0.1132 -0.1142
vn 0.9918 -0.0994 -0.0801
vn 0.9161 -0.1400 -0.3758
vn 0.9857 -0.0901 -0.1424
vn 0.9979 -0.0372 0.0525
vn 0.9980 -0.0371 0.0521
vn 0.9979 -0.0373 0.0525
vn 0.9980 -0.0372 0.0520
vn 0.9979 -0.0370 0.0525
vn 0.0133 -0.1666 -0.9859
vn 0.0136 -0.1665 -0.9859
vn 0.0080 -0.4105 -0.9118
vn 0.0080 -0.4104 -0.9119
vn 0.0133 -0.7130 -0.7010
vn -0.0251 -0.2023 -0.9790
vn -0.0250 -0.2023 -0.9790
vn -0.0095 -0.2541 -0.9671
vn -0.0096 -0.2535 -0.9673
vn 0.0184 -0.9951 -0.0970
vn 0.0179 -0.9967 -0.0786
vn 0.0180 -0.9967 -0.0787
vn 0.0144 -0.9887 -0.1491
vn 0.0146 -0.9887 -0.1490
vn 0.0073 -0.9609 -0.2767
vn 0.0068 -0.9610 -0.2763
vn 0.0003 -0.9057 -0.4238
vn 0.0003 -0.9058 -0.4237
vn 0.2607 -0.9654 -0.0047
vn 0.2606 -0.9654 -0.0047
vn 0.2606 -0.9654 -0.0048
vn 0.3106 -0.9362 -0.1644
vn 0.2534 -0.8463 -0.4685
vn 0.2537 -0.8457 -0.4696
vn -0.0302 -0.6926 -0.7207
vn -0.0295 -0.6933 -0.7201
vn 0.0372 -0.7378 -0.6739
vn 0.0377 -0.7380 -0.6737
vn 0.2544 -0.8188 -0.5146
vn 0.2543 -0.8186 -0.5149
vn 0.2174 -0.7985 -0.5613
vn 0.2165 -0.7983 -0.5620
vn 0.1470 -0.7885 -0.5972
vn 0.1457 -0.7885 -0.5975
vn 0.0764 -0.7929 -0.6045
vn 0.0758 -0.7930 -0.6044
vn 0.0282 -0.8110 -0.5844
vn 0.0280 -0.8111 -0.5842
vn 0.0045 -0.8479 -0.5301
vn 0.0044 -0.8480 -0.5299
vn 0.0175 -0.9464 -0.3227
vn 0.0179 -0.9463 -0.3228
vn 0.0553 -0.9975 0.0437
vn 0.0553 -0.9975 0.0436
vn 0.9916 0.0210 -0.1276
vn 0.9916 0.0210 -0.1277
vn 0.9935 0.0106 -0.1130
vn 0.9935 0.0106 -0.1131
vn 0.9942 0.0069 -0.1071
vn -0.9637 -0.1345 0.2308
vn -0.9659 -0.1289 0.2246
vn -0.9684 -0.1097 0.2238
vn -0.9685 -0.1097 0.2237
vn -0.9976 -0.0533 0.0444
vn -0.9977 -0.0512 0.0440
vn -0.9980 -0.0455 0.0446
vn -0.9980 -0.0454 0.0445
vn 0.9421 0.0875 -0.3239
vn 0.9420 0.0874 -0.3240
vn 0.9433 0.0959 -0.3179
vn 0.9432 0.0984 -0.3173
vn -0.9671 -0.0338 0.2523
vn -0.9672 -0.0342 0.2516
vn -0.9639 0.0084 0.2661
vn -0.9639 0.0085 0.2661
vn -0.9624 0.0441 0.2682
vn -0.9623 0.0441 0.2682
vn -0.9982 -0.0345 0.0499
vn -0.9982 -0.0345 0.0496
vn -0.9983 -0.0255 0.0529
vn -0.9983 -0.0255 0.0532
vn -0.9987 -0.0059 0.0503
vn 0.9283 -0.0661 -0.3660
vn 0.9283 -0.0662 -0.3660
vn 0.9345 -0.0206 -0.3553
vn 0.9345 -0.0205 -0.3553
vn 0.9394 0.0273 -0.3418
vn 0.9394 0.0275 -0.3417
vn 0.9867 -0.0111 -0.1620
vn 0.9868 -0.0110 -0.1617
vn 0.9868 0.0052 -0.1619
vn 0.9875 0.0205 -0.1560
vn 0.9875 0.0205 -0.1562
vn -0.9647 0.0629 0.2559
vn -0.9646 0.0629 0.2561
vn -0.9991 0.0075 0.0413
vn -0.9991 0.0075 0.0416
vn 0.9271 -0.0798 -0.3663
vn 0.9881 -0.0217 -0.1521
vn -0.9687 -0.0767 0.2362
vn -0.9686 -0.0767 0.2364
vn 0.9892 0.0277 -0.1438
vn 0.9892 0.0277 -0.1436
vn -0.9982 -0.0392 0.0465
vn -0.9981 -0.0392 0.0467
vn 0.9407 0.0665 -0.3326
vn 0.9407 0.0666 -0.3326
vn 0.0005 -0.9973 -0.0731
vn -0.0023 -0.9999 -0.0168
vn -0.0097 -0.9995 -0.0298
vn -0.0097 -0.9995 -0.0299
vn -0.0332 -0.6223 -0.7821
vn -0.0332 -0.6225 -0.7819
vn 0.0039 -0.9833 -0.1817
vn 0.0039 -0.9833 -0.1818
vn 0.0136 -0.9459 -0.3241
vn 0.0136 -0.9459 -0.3243
vn 0.0369 -0.8883 -0.4577
vn 0.0371 -0.8880 -0.4583
vn 0.0811 -0.8275 -0.5557
vn 0.0816 -0.8269 -0.5564
vn 0.1348 -0.7853 -0.6043
vn 0.1353 -0.7850 -0.6045
vn 0.1652 -0.7726 -0.6130
vn 0.1520 -0.7726 -0.6165
vn 0.1523 -0.7726 -0.6164
vn 0.1063 -0.7637 -0.6368
vn 0.1070 -0.7639 -0.6364
vn -0.0552 -0.6523 -0.7559
vn -0.0552 -0.6529 -0.7554
vn -0.0430 -0.6280 -0.7770
vn -0.0429 -0.6280 -0.7770
vn -0.0507 -0.6351 -0.7707
vn -0.0506 -0.6352 -0.7707
vn -0.0201 -0.9646 -0.2630
vn -0.0201 -0.9637 -0.2662
vn -0.0197 -0.7442 -0.6676
vn -0.0223 -0.7456 -0.6660
vn -0.0082 -0.4226 -0.9063
vn -0.0084 -0.4229 -0.9061
vn -0.0519 -0.9833 0.1745
vn -0.0520 -0.9833 0.1745
vn -0.0316 -0.9820 0.1860
vn -0.0316 -0.9821 0.1859
vn -0.0143 -0.9813 0.1919
vn -0.0144 -0.9813 0.1920
vn -0.0197 -0.7458 -0.6659
vn -0.0189 -0.7443 -0.6676
vn -0.0059 -0.2902 -0.9569
vn -0.0059 -0.2896 -0.9571
vn -0.0017 -0.2332 -0.9724
vn -0.0019 -0.2332 -0.9724
vn -0.0033 -0.1735 -0.9848
vn -0.9666 0.0654 0.2479
vn -0.9666 0.0654 0.2480
vn -0.9993 0.0082 0.0363
vn 0.9287 -0.0714 -0.3639
vn 0.9894 -0.0237 -0.1430
vn -0.0759 -0.9875 0.1381
vn -0.0758 -0.9875 0.1381
vn -0.0758 -0.9848 0.1562
vn -0.0757 -0.9848 0.1564
vn -0.0009 -0.9963 -0.0858
vn -0.0005 -0.9991 -0.0430
vn -0.0006 -0.9991 -0.0429
vn 0.0001 -1.0000 -0.0000
vn -0.0003 -1.0000 0.0003
vn -0.0003 -1.0000 0.0004
vn -0.0004 -1.0000 0.0017
vn -0.0004 -1.0000 0.0015
vn 0.0568 -0.9984 0.0022
vn 0.0565 -0.9984 0.0021
vn -0.0057 -0.4133 -0.9106
vn 0.9465 -0.3141 0.0737
vn 0.9704 -0.1918 0.1467
vn 0.9704 -0.1923 0.1464
vn 0.9980 -0.0374 0.0514
vn 0.9980 -0.0373 0.0516
vn -0.2143 0.1080 0.9708
vn 0.1132 -0.9936 0.0023
vn 0.1132 -0.9936 0.0024
vn 0.0284 0.9995 -0.0107
vn -0.3306 -0.1572 -0.9306
vn -0.3305 -0.1572 -0.9306
vn -0.1470 -0.1572 -0.9766
vn -0.1514 -0.1572 -0.9759
vn 0.0311 -0.1441 -0.9891
vn 0.0313 -0.1440 -0.9891
vn 0.0224 -0.1328 -0.9909
vn 0.0223 -0.1331 -0.9909
vn 0.0189 -0.1356 -0.9906
vn 0.0377 -0.1476 -0.9883
vn 0.0375 -0.1475 -0.9883
vn 0.0821 -0.9966 0.0049
vn 0.0825 -0.9966 0.0050
vn -0.0008 -1.0000 -0.0005
vn -0.0010 -1.0000 -0.0005
vn -0.0104 -0.9978 0.0656
vn -0.0104 -0.9978 0.0652
vn 0.0002 -1.0000 0.0003
vn -0.0215 -0.8604 0.5091
vn -0.0215 -0.8587 0.5119
vn -0.0298 -0.4362 0.8993
vn -0.0294 -0.4442 0.8954
vn -0.0705 -0.2778 0.9581
vn -0.0701 -0.2778 0.9581
vn -0.1832 -0.3964 0.8996
vn -0.1829 -0.3957 0.9000
vn -0.2199 -0.5510 0.8050
vn -0.2199 -0.5509 0.8051
vn -0.2268 -0.7528 0.6179
vn -0.2269 -0.7516 0.6194
vn -0.1990 -0.8676 0.4556
vn -0.1996 -0.8664 0.4578
vn 0.7594 -0.1048 -0.6422
vn 0.9242 -0.0549 -0.3779
vn 0.9028 -0.0429 -0.4280
vn 0.9025 -0.0428 -0.4285
vn -0.0149 -0.4165 -0.9090
vn 0.7650 -0.0139 -0.6439
vn 0.8877 -0.0642 -0.4558
vn 0.8865 -0.0636 -0.4583
vn 0.9829 -0.1176 -0.1416
vn 0.9830 -0.1177 -0.1405
vn 0.9831 -0.1178 -0.1405
vn 0.9682 -0.2380 0.0769
vn 0.9670 -0.2423 0.0791
vn 0.9309 -0.3418 0.1289
vn 0.7467 -0.0031 -0.6651
vn 0.7464 -0.0031 -0.6655
vn 0.1641 -0.9864 0.0101
vn -0.9923 0.0976 0.0768
vn -0.9923 0.0967 0.0772
vn 0.9643 -0.0813 0.2522
vn 0.9643 -0.0812 0.2520
vn 0.9497 -0.1394 0.2806
vn 0.9497 -0.1390 0.2806
vn 0.9386 -0.2235 0.2628
vn 0.9385 -0.2241 0.2627
vn 0.8784 -0.4089 0.2474
vn 0.8778 -0.4103 0.2473
vn 0.0495 -0.9885 0.1432
vn 0.0478 -0.9886 0.1430
vn 0.2522 -0.1503 -0.9559
vn 0.2884 -0.1479 -0.9460
vn 0.0001 -1.0000 -0.0001
vn -0.9694 0.1102 -0.2193
vn -0.9679 0.1128 -0.2248
vn -0.9665 0.1581 -0.2022
vn -0.9670 0.1479 -0.2075
vn -0.9636 0.1326 -0.2322
vn -0.9702 0.1010 -0.2204
vn -0.9721 -0.0747 -0.2226
vn 0.9358 0.3050 0.1766
vn -0.1966 -0.2485 -0.9485
vn -0.1914 -0.1625 -0.9680
vn -0.2301 -0.2321 -0.9451
vn -0.2608 -0.2883 -0.9213
vn -0.9728 -0.0702 -0.2207
vn -0.1592 -0.9326 0.3240
vn -0.1585 -0.9335 0.3216
vn 0.9986 -0.0494 0.0204
vn 0.9876 -0.1448 0.0600
vn 0.9892 -0.1397 0.0452
vn 0.9992 -0.0196 0.0343
vn 0.1245 0.9320 0.3404
vn 0.1236 0.9258 0.3572
vn -0.0677 -0.4968 -0.8652
vn -0.0614 -0.4543 -0.8887
vn 0.1236 0.9259 0.3571
vn 0.1244 0.9320 0.3403
vn 0.9998 0.0189 -0.0000
vn -0.9999 -0.0031 0.0147
vn -0.9999 -0.0017 0.0125
vn -0.9991 0.0420 -0.0085
vn -0.1336 -0.3176 0.9388
vn -0.1334 -0.3174 0.9389
vn 0.9979 -0.0373 0.0527
vn 0.9979 -0.0371 0.0525
vn 0.9979 -0.0372 0.0528
vn 0.9979 -0.0373 0.0520
vn 0.9979 -0.0374 0.0521
vn -0.1062 -0.9936 0.0394
vn -0.9372 0.2560 -0.2370
vn -0.9615 0.1440 -0.2340
vn -0.9734 0.0712 -0.2180
vn -0.9682 0.0948 -0.2316
vn -0.9732 0.0918 -0.2108
vn -0.9794 0.0258 -0.2003
vn 0.0226 0.9871 0.1585
vn 0.0230 0.9927 0.1187
vn -0.9674 0.1500 -0.2042
vn -0.9675 0.1689 -0.1883
vn 0.9690 -0.1639 0.1849
vn 0.9695 -0.1654 0.1808
vn 0.9834 -0.0865 -0.1594
vn 0.0021 0.9994 0.0355
vn 0.0815 0.9963 -0.0258
vn 0.0228 0.9825 0.1846
vn -0.0618 -0.9978 0.0224
vn -0.0683 -0.9974 0.0227
vn -0.0566 -0.9982 0.0200
vn -0.0541 -0.9984 0.0190
vn -0.0557 -0.9982 0.0221
vn -0.0488 -0.9987 0.0176
vn -0.0502 -0.9986 0.0156
vn -0.0596 -0.9980 0.0211
vn -0.0357 -0.9992 0.0175
vn -0.0338 -0.9992 0.0233
vn -0.0858 -0.9960 0.0250
vn 0.9751 -0.0784 0.2075
vn 0.9752 -0.0770 0.2074
vn -0.0481 -0.9987 0.0194
vn -0.0285 -0.9995 0.0107
vn -0.0873 -0.9958 0.0260
vn -0.1227 -0.9919 0.0344
vn 0.2429 0.7244 0.6451
vn 0.2296 0.7465 0.6245
vn 0.2787 0.6591 0.6985
vn 0.2786 0.6591 0.6986
vn 0.9926 0.0540 0.1092
vn 0.9926 0.0615 0.1050
vn 0.9925 0.0501 0.1112
vn 0.9913 0.0799 0.1045
vn 0.9880 0.1111 0.1077
vn 0.9872 0.1181 0.1076
vn 0.9893 0.1020 0.1040
vn 0.9902 0.0945 0.1024
vn 0.0005 -0.5713 -0.8207
vn -0.9929 -0.0876 -0.0806
vn -0.9920 -0.0876 -0.0904
vn -0.9916 -0.0876 -0.0949
vn -0.9920 -0.0950 -0.0827
vn -0.9929 -0.0899 -0.0782
vn -0.9923 -0.0866 -0.0889
vn -0.9918 -0.0940 -0.0860
vn -0.9924 -0.0832 -0.0902
vn 0.1568 0.7541 0.6378
vn 0.1537 0.7679 0.6219
vn 0.1689 0.6937 0.7001
vn 0.1688 0.6937 0.7002
vn 0.9976 0.0478 0.0495
vn 0.9980 0.0470 0.0433
vn 0.9975 0.0482 0.0523
vn 0.9982 0.0454 0.0395
vn 0.9984 0.0427 0.0372
vn 0.9987 0.0376 0.0339
vn 0.9992 0.0286 0.0289
vn 0.9993 0.0246 0.0266
vn -0.9997 -0.0169 -0.0147
vn -0.9999 -0.0081 -0.0077
vn -1.0000 -0.0042 -0.0045
vn -0.9996 -0.0223 -0.0194
vn -0.9996 -0.0211 -0.0183
vn -0.9994 -0.0243 -0.0252
vn -0.9995 -0.0233 -0.0215
vn -0.9993 -0.0247 -0.0268
vn 0.1288 0.6944 0.7079
vn 0.1287 0.6944 0.7080
vn 0.1345 0.7607 0.6350
vn 0.1347 0.7616 0.6339
vn -0.0380 0.9903 -0.1336
vn -0.0822 0.9963 -0.0262
vn -0.0833 0.9962 -0.0236
vn -0.3882 -0.2905 -0.8746
vn -0.2290 -0.3024 -0.9253
vn -0.2364 -0.2536 -0.9380
vn -0.3868 -0.2426 -0.8897
vn 0.1655 0.3294 0.9296
vn 0.0933 0.2486 0.9641
vn -0.4005 -0.6021 -0.6907
vn -0.3699 -0.8686 -0.3296
vn -0.2068 -0.9361 -0.2846
vn -0.2304 -0.6516 -0.7228
vn 0.4546 0.0441 0.8896
vn 0.4627 0.0412 0.8856
vn -0.2253 -0.4026 -0.8872
vn -0.3197 -0.9465 -0.0448
vn -0.1454 -0.9888 -0.0320
vn -0.2184 0.2958 0.9299
vn -0.2370 0.2627 0.9353
vn 0.2517 0.9492 0.1887
vn -0.4272 0.9038 0.0263
vn -0.1573 0.9862 0.0525
vn 0.1007 0.4150 0.9042
vn 0.2469 0.6840 0.6864
vn 0.2468 0.6840 0.6865
vn 0.2213 0.7429 0.6318
vn 0.2168 0.7524 0.6220
vn -0.3882 0.9186 -0.0745
vn -0.3776 0.9253 -0.0345
vn -0.3802 0.9238 -0.0440
vn -0.5425 -0.2553 -0.8003
vn -0.4061 -0.2731 -0.8721
vn -0.4508 -0.2029 -0.8693
vn -0.5399 -0.1983 -0.8180
vn 0.0986 -0.9949 0.0204
vn 0.1904 -0.9811 0.0356
vn -0.3914 -0.3771 -0.8394
vn -0.2268 0.9710 0.0761
vn -0.1604 0.9870 -0.0062
vn -0.4379 0.8969 -0.0620
vn 0.0024 0.2864 0.9581
vn -0.0259 0.2437 0.9695
vn 0.3347 0.4734 0.8148
vn 0.4602 0.8760 0.1443
vn 0.2186 0.9669 0.1314
vn 0.0153 0.4136 0.9103
vn 0.3367 0.0854 0.9377
vn 0.9027 -0.0429 -0.4280
vt 0.166162 0.673439
vt 0.158749 0.656067
vt 0.185076 0.644833
vt 0.192490 0.662205
vt 0.148507 0.632070
vt 0.174832 0.620918
vt 0.137817 0.607062
vt 0.164154 0.596474
vt 0.129110 0.586811
vt 0.155480 0.577591
vt 0.121695 0.569824
vt 0.148079 0.562444
vt 0.114394 0.553213
vt 0.140747 0.547797
vt 0.107349 0.536212
vt 0.133593 0.532881
vt 0.101083 0.518757
vt 0.127135 0.517707
vt 0.096189 0.500967
vt 0.122142 0.502677
vt 0.093133 0.483074
vt 0.119257 0.488096
vt 0.091773 0.465447
vt 0.118262 0.473350
vt 0.091911 0.448362
vt 0.118795 0.457933
vt 0.097297 0.415001
vt 0.108228 0.385393
vt 0.133940 0.405989
vt 0.124233 0.428908
vt 0.880140 0.303740
vt 0.874805 0.301832
vt 0.870398 0.277531
vt 0.876397 0.279133
vt 0.140445 0.395247
vt 0.115158 0.372514
vt 0.123117 0.360103
vt 0.148546 0.383331
vt 0.131814 0.348344
vt 0.157105 0.371725
vt 0.173597 0.309167
vt 0.188954 0.339946
vt 0.172572 0.354008
vt 0.150568 0.327778
vt 0.879781 0.390056
vt 0.875924 0.383778
vt 0.877275 0.367423
vt 0.882000 0.368581
vt 0.875848 0.412200
vt 0.870978 0.411140
vt 0.874294 0.393788
vt 0.847288 0.677665
vt 0.847959 0.657754
vt 0.882366 0.650544
vt 0.882385 0.672373
vt 0.851338 0.557495
vt 0.854995 0.448652
vt 0.882213 0.433634
vt 0.882283 0.546964
vt 0.882246 0.839227
vt 0.851200 0.834999
vt 0.848504 0.793390
vt 0.882324 0.796414
vt 0.845134 0.741466
vt 0.882399 0.750841
vt 0.965002 0.414535
vt 0.961593 0.418608
vt 0.929605 0.390864
vt 0.848696 0.175890
vt 0.852847 0.191850
vt 0.843044 0.188715
vt 0.837217 0.172219
vt 0.964864 0.337759
vt 0.964808 0.379455
vt 0.933724 0.380394
vt 0.939508 0.341387
vt 0.808790 0.232775
vt 0.790993 0.198927
vt 0.821977 0.205059
vt 0.822106 0.219162
vt 0.853639 0.335740
vt 0.849390 0.317699
vt 0.864406 0.309811
vt 0.868656 0.327852
vt 0.877862 0.351282
vt 0.882289 0.345064
vt 0.687641 0.341026
vt 0.689095 0.364302
vt 0.671431 0.364858
vt 0.671432 0.341517
vt 0.864732 0.055609
vt 0.856923 0.080426
vt 0.835532 0.073482
vt 0.842217 0.047625
vt 0.857395 0.207020
vt 0.848932 0.204314
vt 0.831831 0.493767
vt 0.839027 0.460749
vt 0.849995 0.462435
vt 0.842832 0.497046
vt 0.849631 0.106085
vt 0.829947 0.099784
vt 0.844488 0.143283
vt 0.845725 0.159615
vt 0.832041 0.155239
vt 0.828507 0.138172
vt 0.869746 0.250362
vt 0.863751 0.248662
vt 0.877575 0.339261
vt 0.865695 0.235477
vt 0.859368 0.233540
vt 0.069220 0.477241
vt 0.083219 0.511491
vt 0.059800 0.521241
vt 0.045306 0.487181
vt 0.724830 0.337109
vt 0.728609 0.360114
vt 0.712505 0.363783
vt 0.710548 0.340507
vt 0.870489 0.037620
vt 0.845446 0.029068
vt 0.845531 0.126457
vt 0.827603 0.120720
vt 0.861649 0.221261
vt 0.854422 0.218964
vt 0.881117 0.316260
vt 0.881852 0.330650
vt 0.877012 0.326038
vt 0.876446 0.312816
vt 0.824699 0.524512
vt 0.835746 0.528053
vt 0.824805 0.007197
vt 0.824805 0.001025
vt 0.833682 0.001025
vt 0.833682 0.007197
vt 0.708344 0.317401
vt 0.721065 0.314237
vt 0.738683 0.332865
vt 0.744208 0.355547
vt 0.733485 0.310235
vt 0.711891 0.247345
vt 0.700853 0.251039
vt 0.698953 0.230065
vt 0.710139 0.225845
vt 0.671432 0.318406
vt 0.686311 0.317971
vt 0.685187 0.295329
vt 0.671432 0.295735
vt 0.671433 0.273678
vt 0.684223 0.273299
vt 0.779664 0.348198
vt 0.772033 0.325845
vt 0.783313 0.319529
vt 0.791423 0.341672
vt 0.794594 0.313620
vt 0.803182 0.335147
vt 0.776135 0.298387
vt 0.787783 0.296488
vt 0.764492 0.303545
vt 0.722525 0.242819
vt 0.720724 0.220865
vt 0.703126 0.272452
vt 0.714224 0.269292
vt 0.683385 0.251990
vt 0.671433 0.252328
vt 0.671433 0.231400
vt 0.682841 0.231095
vt 0.770585 0.276262
vt 0.779857 0.274859
vt 0.770969 0.246843
vt 0.761812 0.252090
vt 0.750531 0.258995
vt 0.757182 0.281301
vt 0.760184 0.192067
vt 0.764325 0.217037
vt 0.756929 0.225613
vt 0.751058 0.204442
vt 0.740423 0.214462
vt 0.744932 0.236585
vt 0.707343 0.185544
vt 0.718765 0.180282
vt 0.725201 0.265193
vt 0.671434 0.191294
vt 0.682820 0.190996
vt 0.744798 0.165421
vt 0.755649 0.157189
vt 0.696025 0.189677
vt 0.791191 0.640561
vt 0.797023 0.622082
vt 0.808072 0.625630
vt 0.802240 0.644109
vt 0.728908 0.287683
vt 0.717395 0.291611
vt 0.733943 0.173648
vt 0.829117 0.668197
vt 0.841531 0.670971
vt 0.841177 0.705624
vt 0.829472 0.704652
vt 0.813479 0.567050
vt 0.824528 0.570598
vt 0.816778 0.597330
vt 0.805729 0.593782
vt 0.842632 0.444048
vt 0.853707 0.444580
vt 0.821130 0.538695
vt 0.832179 0.542242
vt 0.203141 0.725845
vt 0.195306 0.752280
vt 0.168252 0.732558
vt 0.178465 0.708979
vt 0.705322 0.151760
vt 0.717344 0.146648
vt 0.817361 0.552949
vt 0.828410 0.556497
vt 0.671434 0.158742
vt 0.682867 0.157163
vt 0.882214 0.872455
vt 0.853458 0.870006
vt 0.744998 0.958861
vt 0.741423 0.979743
vt 0.698610 0.979602
vt 0.702904 0.964171
vt 0.854446 0.372216
vt 0.855105 0.353826
vt 0.870046 0.346080
vt 0.868865 0.365478
vt 0.841405 0.297153
vt 0.856421 0.289265
vt 0.849304 0.408844
vt 0.852283 0.390635
vt 0.865518 0.386252
vt 0.861301 0.406988
vt 0.817574 0.249496
vt 0.831335 0.239543
vt 0.846059 0.426704
vt 0.857382 0.426308
vt 0.774650 0.980041
vt 0.757605 0.953127
vt 0.829589 0.272656
vt 0.844449 0.264510
vt 0.335223 0.613560
vt 0.324313 0.615870
vt 0.330363 0.591363
vt 0.346723 0.606025
vt 0.653037 0.979513
vt 0.656083 0.965319
vt 0.517026 0.592907
vt 0.531551 0.607365
vt 0.519738 0.619017
vt 0.504234 0.603513
vt 0.693859 0.155042
vt 0.740014 0.133311
vt 0.751679 0.126714
vt 0.704392 0.129337
vt 0.704481 0.117874
vt 0.716180 0.115129
vt 0.715811 0.125278
vt 0.728166 0.140364
vt 0.841518 0.735952
vt 0.828536 0.732645
vt 0.550724 0.564622
vt 0.563672 0.577370
vt 0.546725 0.592888
vt 0.533144 0.579444
vt 0.739010 0.123084
vt 0.750778 0.115966
vt 0.235694 0.446933
vt 0.226957 0.457821
vt 0.203173 0.422998
vt 0.209359 0.410152
vt 0.450211 0.570291
vt 0.354604 0.650496
vt 0.325484 0.645383
vt 0.423181 0.553913
vt 0.693436 0.141091
vt 0.704615 0.138465
vt 0.722230 0.086496
vt 0.717974 0.114116
vt 0.720456 0.087189
vt 0.726643 0.110720
vt 0.729184 0.110325
vt 0.728771 0.119343
vt 0.726263 0.119581
vt 0.615097 0.486950
vt 0.604100 0.493567
vt 0.597514 0.481408
vt 0.607301 0.475469
vt 0.276992 0.531734
vt 0.311812 0.578151
vt 0.282438 0.591596
vt 0.265985 0.574549
vt 0.600646 0.466007
vt 0.591663 0.471493
vt 0.580101 0.453257
vt 0.588067 0.448731
vt 0.806244 0.042804
vt 0.826175 0.028281
vt 0.829284 0.026015
vt 0.837583 0.038246
vt 0.840144 0.047139
vt 0.335830 0.980041
vt 0.329749 0.978983
vt 0.332629 0.967510
vt 0.882338 0.617887
vt 0.849070 0.624825
vt 0.811978 0.007197
vt 0.812052 0.001024
vt 0.857717 0.001025
vt 0.859940 0.001025
vt 0.865518 0.006184
vt 0.867049 0.001024
vt 0.846435 0.702938
vt 0.882408 0.698406
vt 0.312336 0.613768
vt 0.485348 0.029247
vt 0.360366 0.029235
vt 0.371592 0.002095
vt 0.502817 0.002854
vt 0.747040 0.998635
vt 0.732877 0.998626
vt 0.732879 0.996295
vt 0.747039 0.996304
vt 0.666534 0.998582
vt 0.595598 0.998535
vt 0.595600 0.996204
vt 0.666532 0.996251
vt 0.592607 0.446576
vt 0.605253 0.463552
vt 0.526324 0.366803
vt 0.523972 0.367905
vt 0.453352 0.277995
vt 0.454978 0.276482
vt 0.517481 0.372160
vt 0.448152 0.282833
vt 0.582778 0.477455
vt 0.573471 0.458463
vt 0.842937 0.001025
vt 0.842937 0.007197
vt 0.613640 0.536293
vt 0.604821 0.543057
vt 0.591840 0.529128
vt 0.600935 0.521053
vt 0.338741 0.582830
vt 0.355548 0.599293
vt 0.350352 0.572210
vt 0.364392 0.592289
vt 0.423361 0.506278
vt 0.409994 0.518683
vt 0.386130 0.496757
vt 0.400378 0.483295
vt 0.318268 0.558998
vt 0.327730 0.486567
vt 0.358551 0.522120
vt 0.344360 0.534949
vt 0.314724 0.499074
vt 0.290512 0.522804
vt 0.294468 0.448347
vt 0.307067 0.435068
vt 0.342098 0.472734
vt 0.595946 0.550046
vt 0.582928 0.536940
vt 0.263761 0.411937
vt 0.274163 0.399402
vt 0.232061 0.374039
vt 0.240651 0.362396
vt 0.567220 0.550549
vt 0.580026 0.563113
vt 0.534006 0.548164
vt 0.550220 0.533882
vt 0.282393 0.461294
vt 0.316211 0.425263
vt 0.328934 0.411851
vt 0.366984 0.449901
vt 0.352513 0.462873
vt 0.395518 0.532256
vt 0.379934 0.546459
vt 0.374749 0.507113
vt 0.364132 0.560337
vt 0.304316 0.509173
vt 0.333131 0.544646
vt 0.574569 0.979580
vt 0.552740 0.979622
vt 0.554991 0.965617
vt 0.576836 0.965575
vt 0.691436 0.118984
vt 0.693199 0.119388
vt 0.693343 0.131969
vt 0.691671 0.131473
vt 0.440459 0.523376
vt 0.428666 0.535017
vt 0.537311 0.427468
vt 0.541794 0.431300
vt 0.536721 0.439346
vt 0.531682 0.434658
vt 0.413521 0.549483
vt 0.396608 0.564988
vt 0.241836 0.360825
vt 0.211102 0.329337
vt 0.212472 0.327747
vt 0.380281 0.579229
vt 0.682509 0.120278
vt 0.684363 0.119590
vt 0.684170 0.132611
vt 0.682458 0.133709
vt 0.183931 0.444625
vt 0.159918 0.406837
vt 0.179835 0.386577
vt 0.238486 0.531330
vt 0.252339 0.495253
vt 0.717387 0.123851
vt 0.841285 0.523730
vt 0.842543 0.546472
vt 0.835306 0.546017
vt 0.839016 0.523211
vt 0.685281 0.092045
vt 0.683152 0.092549
vt 0.671434 0.120672
vt 0.671434 0.090875
vt 0.811678 0.875049
vt 0.802730 0.873525
vt 0.803044 0.871215
vt 0.812324 0.872810
vt 0.825222 0.703546
vt 0.823458 0.732563
vt 0.843378 0.564571
vt 0.834677 0.562860
vt 0.215318 0.398572
vt 0.245041 0.435207
vt 0.264656 0.029252
vt 0.271122 0.001472
vt 0.261920 0.484027
vt 0.843192 0.587210
vt 0.833456 0.585290
vt 0.831672 0.613857
vt 0.842551 0.616090
vt 0.841980 0.646098
vt 0.830142 0.643413
vt 0.828143 0.742489
vt 0.822831 0.741669
vt 0.557132 0.445821
vt 0.559345 0.453917
vt 0.695782 0.091435
vt 0.707950 0.089879
vt 0.190793 0.364114
vt 0.181897 0.371035
vt 0.716197 0.134459
vt 0.728265 0.129116
vt 0.252221 0.425577
vt 0.221352 0.388195
vt 0.726021 0.141603
vt 0.725925 0.129209
vt 0.692066 0.155470
vt 0.691729 0.140529
vt 0.671434 0.143536
vt 0.682623 0.142803
vt 0.752756 0.097485
vt 0.739993 0.104682
vt 0.745215 0.085122
vt 0.758483 0.076970
vt 0.843149 0.746492
vt 0.291869 0.068576
vt 0.291720 0.071667
vt 0.282500 0.071700
vt 0.284181 0.069518
vt 0.217730 0.029258
vt 0.221910 0.001151
vt 0.305319 0.181072
vt 0.305511 0.182942
vt 0.250714 0.187488
vt 0.250482 0.185807
vt 0.502125 0.578074
vt 0.517193 0.563655
vt 0.342091 0.770269
vt 0.319679 0.774342
vt 0.312797 0.743371
vt 0.335060 0.739451
vt 0.599350 0.809420
vt 0.578698 0.810918
vt 0.579047 0.794523
vt 0.599525 0.792490
vt 0.302761 0.071669
vt 0.302762 0.068582
vt 0.314193 0.068585
vt 0.314193 0.071670
vt 0.550500 0.468225
vt 0.527690 0.450709
vt 0.339223 0.074768
vt 0.325957 0.074757
vt 0.325959 0.071674
vt 0.338021 0.071676
vt 0.325959 0.068588
vt 0.337903 0.068589
vt 0.302762 0.074751
vt 0.291313 0.074768
vt 0.314192 0.074754
vt 0.640324 0.630629
vt 0.611084 0.726724
vt 0.577108 0.708522
vt 0.617923 0.639292
vt 0.281661 0.074647
vt 0.668907 0.504606
vt 0.678544 0.505130
vt 0.627684 0.618535
vt 0.705754 0.294630
vt 0.578001 0.751997
vt 0.596788 0.773802
vt 0.644242 0.515364
vt 0.633934 0.521895
vt 0.200076 0.029250
vt 0.203452 0.001025
vt 0.524015 0.509763
vt 0.494828 0.484372
vt 0.802918 0.001625
vt 0.823921 0.022630
vt 0.795807 0.012820
vt 0.574034 0.469336
vt 0.560356 0.480301
vt 0.734104 0.083251
vt 0.792736 0.024186
vt 0.522284 0.445048
vt 0.751390 0.105742
vt 0.739156 0.113189
vt 0.489069 0.478320
vt 0.417607 0.548806
vt 0.322321 0.640488
vt 0.345071 0.074710
vt 0.344920 0.071757
vt 0.344070 0.069564
vt 0.449161 0.979822
vt 0.338094 0.966036
vt 0.451425 0.965817
vt 0.642711 0.456904
vt 0.651408 0.467045
vt 0.619989 0.484285
vt 0.612074 0.472995
vt 0.490385 0.589664
vt 0.192029 0.361775
vt 0.216558 0.396554
vt 0.566440 0.520368
vt 0.930140 0.617887
vt 0.927228 0.619484
vt 0.921487 0.549444
vt 0.925269 0.548211
vt 0.686053 0.950172
vt 0.675137 0.949921
vt 0.675239 0.947592
vt 0.686099 0.947842
vt 0.600603 0.979530
vt 0.586436 0.979557
vt 0.588704 0.965552
vt 0.602867 0.965525
vt 0.624727 0.528173
vt 0.606232 0.512655
vt 0.308302 0.610775
vt 0.795514 0.035281
vt 0.801541 0.045010
vt 0.648579 0.512830
vt 0.676431 0.496459
vt 0.836834 0.055376
vt 0.828226 0.064785
vt 0.542645 0.987233
vt 0.485309 0.989211
vt 0.485161 0.986885
vt 0.542540 0.984906
vt 0.965002 0.285726
vt 0.941569 0.289459
vt 0.458829 0.276327
vt 0.530244 0.365550
vt 0.568858 0.422880
vt 0.562683 0.426401
vt 0.584018 0.500897
vt 0.575908 0.512084
vt 0.210330 0.486409
vt 0.291071 0.744849
vt 0.293822 0.776608
vt 0.266199 0.775164
vt 0.267383 0.743162
vt 0.525981 0.681780
vt 0.526433 0.676511
vt 0.566420 0.684415
vt 0.856580 0.007198
vt 0.621872 0.432775
vt 0.634931 0.447864
vt 0.483528 0.275334
vt 0.555360 0.357512
vt 0.557288 0.430528
vt 0.846885 0.689586
vt 0.882395 0.684240
vt 0.090483 0.528931
vt 0.067080 0.538679
vt 0.100460 0.552982
vt 0.077135 0.562788
vt 0.110512 0.577764
vt 0.087618 0.587975
vt 0.117995 0.597305
vt 0.096104 0.608505
vt 0.123717 0.613387
vt 0.103144 0.625886
vt 0.129139 0.629090
vt 0.109956 0.642880
vt 0.134872 0.644854
vt 0.117176 0.659877
vt 0.141288 0.660303
vt 0.125204 0.676578
vt 0.148652 0.674605
vt 0.134350 0.692517
vt 0.157158 0.687082
vt 0.144792 0.707242
vt 0.167054 0.698332
vt 0.156203 0.720613
vt 0.226530 0.735209
vt 0.223669 0.765489
vt 0.702541 0.351601
vt 0.706762 0.349079
vt 0.705824 0.374256
vt 0.701114 0.376721
vt 0.238843 0.738191
vt 0.253055 0.740934
vt 0.251832 0.772930
vt 0.237541 0.769728
vt 0.694750 0.269181
vt 0.697589 0.262559
vt 0.701906 0.283902
vt 0.697559 0.285512
vt 0.692082 0.259252
vt 0.686963 0.242243
vt 0.691484 0.240793
vt 0.955758 0.607263
vt 0.955610 0.539915
vt 0.915147 0.555839
vt 0.884265 0.545394
vt 0.884813 0.431589
vt 0.911310 0.446364
vt 0.884520 0.837668
vt 0.884408 0.794846
vt 0.914933 0.791694
vt 0.912265 0.833312
vt 0.884297 0.749273
vt 0.919953 0.738100
vt 0.595278 0.357309
vt 0.578902 0.363267
vt 0.565921 0.357703
vt 0.571843 0.328657
vt 0.717007 0.064402
vt 0.714523 0.053900
vt 0.730095 0.062181
vt 0.732368 0.071024
vt 0.579969 0.623040
vt 0.594252 0.642326
vt 0.570875 0.674086
vt 0.550625 0.652671
vt 0.673455 0.438656
vt 0.661269 0.448022
vt 0.646292 0.437162
vt 0.658271 0.427650
vt 0.704593 0.307498
vt 0.699935 0.301653
vt 0.578684 0.176856
vt 0.554331 0.175504
vt 0.554717 0.158784
vt 0.578997 0.158609
vt 0.594773 0.062078
vt 0.590500 0.040110
vt 0.617063 0.037389
vt 0.620505 0.058092
vt 0.694475 0.465208
vt 0.686825 0.470191
vt 0.689967 0.453591
vt 0.696473 0.449246
vt 0.992270 0.152086
vt 0.982557 0.152949
vt 0.982896 0.118137
vt 0.992205 0.118606
vt 0.643891 0.035823
vt 0.647038 0.054747
vt 0.684943 0.055265
vt 0.682044 0.040173
vt 0.698426 0.046228
vt 0.701139 0.058961
vt 0.702673 0.403978
vt 0.698078 0.406709
vt 0.700906 0.313825
vt 0.700564 0.419442
vt 0.695753 0.422523
vt 0.578349 0.205999
vt 0.574072 0.222633
vt 0.550144 0.218268
vt 0.553915 0.203540
vt 0.576119 0.065063
vt 0.571667 0.040512
vt 0.664925 0.036656
vt 0.667939 0.053764
vt 0.693014 0.437952
vt 0.698518 0.434285
vt 0.706367 0.336416
vt 0.702523 0.340036
vt 0.701555 0.327084
vt 0.705617 0.321962
vt 0.992301 0.183374
vt 0.982457 0.184282
vt 0.825666 0.077484
vt 0.825520 0.085069
vt 0.820490 0.085091
vt 0.820668 0.077319
vt 0.526729 0.214035
vt 0.530232 0.200905
vt 0.569215 0.238825
vt 0.545506 0.232539
vt 0.522366 0.226842
vt 0.440645 0.189822
vt 0.462227 0.192148
vt 0.458210 0.203574
vt 0.436083 0.201405
vt 0.530713 0.174320
vt 0.531053 0.158955
vt 0.484977 0.172530
vt 0.485274 0.159285
vt 0.507855 0.159122
vt 0.507539 0.173345
vt 0.533202 0.267249
vt 0.537926 0.282963
vt 0.526591 0.278530
vt 0.521104 0.288039
vt 0.503949 0.280853
vt 0.505444 0.270877
vt 0.510919 0.259235
vt 0.453337 0.214576
vt 0.430745 0.212363
vt 0.484200 0.194838
vt 0.480729 0.206316
vt 0.441620 0.171443
vt 0.441851 0.159599
vt 0.463378 0.159443
vt 0.463116 0.171839
vt 0.482318 0.272334
vt 0.483327 0.264785
vt 0.454212 0.262642
vt 0.459230 0.255348
vt 0.466505 0.244155
vt 0.488749 0.251387
vt 0.399148 0.250146
vt 0.411550 0.243229
vt 0.432701 0.249737
vt 0.424267 0.255106
vt 0.421980 0.232813
vt 0.444120 0.237954
vt 0.388967 0.209590
vt 0.394592 0.197799
vt 0.476292 0.217659
vt 0.400378 0.171691
vt 0.400596 0.159896
vt 0.364104 0.244448
vt 0.372420 0.235722
vt 0.399057 0.186098
vt 0.984970 0.303699
vt 0.984375 0.281023
vt 0.994207 0.280661
vt 0.994807 0.303432
vt 0.503582 0.209916
vt 0.499311 0.221799
vt 0.381042 0.225036
vt 0.935058 0.794431
vt 0.933242 0.830987
vt 0.924710 0.831877
vt 0.924613 0.797138
vt 0.983054 0.227735
vt 0.992893 0.227060
vt 0.993535 0.254713
vt 0.983697 0.255209
vt 0.982793 0.100137
vt 0.991971 0.101642
vt 0.992422 0.197879
vt 0.982574 0.198707
vt 0.863756 0.146340
vt 0.871564 0.169771
vt 0.869408 0.170657
vt 0.861467 0.146781
vt 0.354276 0.207434
vt 0.359864 0.195079
vt 0.982783 0.213275
vt 0.992625 0.212523
vt 0.365475 0.171947
vt 0.367104 0.160138
vt 0.884274 0.869615
vt 0.910289 0.867219
vt 0.033839 0.977186
vt 0.075948 0.982414
vt 0.080268 0.996198
vt 0.037447 0.996416
vt 0.992624 0.029120
vt 0.981117 0.020433
vt 0.982829 0.001186
vt 0.994765 0.010777
vt 0.630427 0.421892
vt 0.642252 0.412259
vt 0.991834 0.066013
vt 0.982106 0.062250
vt 0.981270 0.041313
vt 0.991892 0.047636
vt 0.689712 0.447075
vt 0.677498 0.456309
vt 0.607346 0.371850
vt 0.594187 0.379616
vt 0.982606 0.081725
vt 0.991868 0.084064
vt 0.612195 0.401323
vt 0.624126 0.391870
vt 0.013273 0.301104
vt 0.010295 0.287879
vt 0.030766 0.289149
vt 0.019217 0.309979
vt 0.122769 0.983464
vt 0.125841 0.996027
vt 0.513458 0.816476
vt 0.496958 0.818021
vt 0.496958 0.797656
vt 0.513536 0.797539
vt 0.363305 0.183177
vt 0.333402 0.239440
vt 0.340193 0.229883
vt 0.347586 0.218140
vt 0.933865 0.859078
vt 0.923980 0.862378
vt 0.557161 0.812641
vt 0.534317 0.814596
vt 0.534485 0.797040
vt 0.557421 0.796020
vt 0.321868 0.237986
vt 0.329558 0.228413
vt 0.328281 0.214292
vt 0.326766 0.216464
vt 0.317098 0.216825
vt 0.318091 0.214451
vt 0.187160 0.897010
vt 0.179780 0.928173
vt 0.045781 0.931411
vt 0.062261 0.908032
vt 0.349397 0.180930
vt 0.364023 0.181433
vt 0.348790 0.182678
vt 0.296892 0.220288
vt 0.297568 0.217632
vt 0.090022 0.320158
vt 0.088248 0.323268
vt 0.066670 0.322681
vt 0.386967 0.641763
vt 0.397444 0.631286
vt 0.405508 0.638408
vt 0.396221 0.649803
vt 0.504427 0.001056
vt 0.524672 0.025648
vt 0.509885 0.028287
vt 0.508634 0.026128
vt 0.531833 0.021682
vt 0.443522 0.996973
vt 0.446115 0.985013
vt 0.449017 0.996419
vt 0.884260 0.616308
vt 0.917456 0.623150
vt 0.826208 0.065186
vt 0.820718 0.064590
vt 0.820916 0.108294
vt 0.825750 0.115182
vt 0.820826 0.117271
vt 0.820490 0.110281
vt 0.884247 0.696837
vt 0.920103 0.701260
vt 0.053333 0.292711
vt 0.028634 0.316297
vt 0.656372 0.943728
vt 0.639563 0.918044
vt 0.770954 0.917882
vt 0.781906 0.945001
vt 0.453649 0.588523
vt 0.507384 0.536697
vt 0.512175 0.541346
vt 0.457877 0.593498
vt 0.955523 0.475131
vt 0.920179 0.483020
vt 0.918859 0.469213
vt 0.955526 0.461761
vt 0.406411 0.622700
vt 0.423228 0.607369
vt 0.429603 0.612711
vt 0.413669 0.629228
vt 0.505950 0.536088
vt 0.575625 0.470519
vt 0.576298 0.472164
vt 0.579898 0.476702
vt 0.434897 0.619039
vt 0.421236 0.636775
vt 0.825729 0.093080
vt 0.820707 0.093275
vt 0.621673 0.789660
vt 0.623197 0.807913
vt 0.611131 0.808633
vt 0.610718 0.791140
vt 0.008658 0.276908
vt 0.032103 0.276940
vt 0.007199 0.265685
vt 0.031000 0.265366
vt 0.059245 0.253327
vt 0.058356 0.274021
vt 0.054930 0.181985
vt 0.025140 0.179282
vt 0.024905 0.162608
vt 0.052732 0.162407
vt 0.103538 0.267487
vt 0.110734 0.283770
vt 0.578416 0.834709
vt 0.556945 0.836083
vt 0.055784 0.197352
vt 0.025799 0.200155
vt 0.055339 0.219428
vt 0.027019 0.223076
vt 0.028736 0.244739
vt 0.057998 0.238528
vt 0.919257 0.675976
vt 0.884252 0.670801
vt 0.884256 0.648980
vt 0.918581 0.656093
vt 0.340458 0.180644
vt 0.339874 0.182374
vt 0.326767 0.182245
vt 0.326960 0.180487
vt 0.001262 0.179417
vt 0.001028 0.162780
vt 0.346013 0.194013
vt 0.001932 0.200441
vt 0.003176 0.223456
vt 0.303786 0.194622
vt 0.247524 0.201525
vt 0.004922 0.245149
vt 0.336293 0.216834
vt 0.237837 0.283481
vt 0.238912 0.256239
vt 0.279721 0.244651
vt 0.280005 0.272382
vt 0.206838 0.810003
vt 0.205684 0.781025
vt 0.262948 0.785154
vt 0.332590 0.204994
vt 0.331968 0.206921
vt 0.321081 0.206473
vt 0.321766 0.204549
vt 0.328065 0.160420
vt 0.327657 0.171709
vt 0.306166 0.172322
vt 0.306341 0.160577
vt 0.684664 0.156918
vt 0.684350 0.141664
vt 0.936277 0.829911
vt 0.937751 0.859080
vt 0.922117 0.672516
vt 0.927518 0.671828
vt 0.928627 0.688690
vt 0.921836 0.690612
vt 0.871435 0.918125
vt 0.877611 0.945950
vt 0.153820 0.274671
vt 0.151030 0.259613
vt 0.930328 0.711190
vt 0.922495 0.713228
vt 0.932533 0.739868
vt 0.934153 0.769555
vt 0.924244 0.772202
vt 0.923563 0.742147
vt 0.938405 0.868299
vt 0.934218 0.869016
vt 0.349592 0.911488
vt 0.350937 0.930831
vt 0.341267 0.928832
vt 0.345349 0.903857
vt 0.324828 0.193250
vt 0.247079 0.219012
vt 0.301002 0.206901
vt 0.341619 0.205680
vt 0.337655 0.214833
vt 0.348774 0.216375
vt 0.300067 0.208897
vt 0.246359 0.220546
vt 0.319449 0.228106
vt 0.310079 0.228405
vt 0.337028 0.193548
vt 0.351305 0.160252
vt 0.350533 0.171557
vt 0.301629 0.239043
vt 0.289478 0.232568
vt 0.921928 0.873507
vt 0.979559 0.051760
vt 0.979053 0.059177
vt 0.976895 0.060930
vt 0.976451 0.052055
vt 0.920666 0.918227
vt 0.924520 0.946406
vt 0.779563 0.864627
vt 0.777774 0.865111
vt 0.777872 0.862782
vt 0.779594 0.863532
vt 0.534184 0.837024
vt 0.513403 0.837485
vt 0.958309 0.001217
vt 0.961360 0.020352
vt 0.959598 0.024094
vt 0.956027 0.001693
vt 0.792059 0.788348
vt 0.789964 0.787076
vt 0.791609 0.785425
vt 0.792736 0.787216
vt 0.975948 0.041678
vt 0.975737 0.031159
vt 0.978864 0.031157
vt 0.979056 0.041568
vt 0.326709 0.927356
vt 0.330412 0.899574
vt 0.974134 0.006991
vt 0.976469 0.008825
vt 0.975952 0.020288
vt 0.974000 0.020214
vt 0.979559 0.009093
vt 0.979045 0.020387
vt 0.974016 0.041755
vt 0.974073 0.052941
vt 0.973740 0.031156
vt 0.061711 0.661552
vt 0.102658 0.730805
vt 0.070038 0.748560
vt 0.974265 0.061959
vt 0.285251 0.808183
vt 0.272173 0.788529
vt 0.506919 0.197888
vt 0.655406 0.822604
vt 0.644179 0.825376
vt 0.645455 0.785664
vt 0.656516 0.783209
vt 0.938051 0.918056
vt 0.940350 0.945846
vt 0.279682 0.926812
vt 0.282160 0.887469
vt 0.505414 0.226371
vt 0.518492 0.228515
vt 0.505414 0.255109
vt 0.328707 0.882566
vt 0.344447 0.881288
vt 0.528056 0.233639
vt 0.341227 0.934740
vt 0.326984 0.934386
vt 0.310538 0.238154
vt 0.279913 0.934453
vt 0.179458 0.934756
vt 0.047398 0.936794
vt 0.974124 0.001406
vt 0.976720 0.002229
vt 0.978923 0.003152
vt 0.329720 0.995966
vt 0.327421 0.983545
vt 0.440710 0.983542
vt 0.496958 0.837592
vt 0.239457 0.242608
vt 0.244406 0.230200
vt 0.599342 0.832784
vt 0.197189 0.250860
vt 0.196911 0.236640
vt 0.449013 0.584542
vt 0.915706 0.484248
vt 0.914203 0.470373
vt 0.416558 0.649424
vt 0.415346 0.660898
vt 0.178277 0.995946
vt 0.175981 0.983560
vt 0.190141 0.983557
vt 0.192442 0.995948
vt 0.632645 0.810171
vt 0.634985 0.787529
vt 0.060123 0.308222
vt 0.033197 0.316917
vt 0.533656 0.242534
vt 0.536067 0.253484
vt 0.534757 0.014478
vt 0.534757 0.001749
vt 0.155031 0.767069
vt 0.133146 0.811295
vt 0.089349 0.812316
vt 0.617999 0.584944
vt 0.630718 0.602333
vt 0.936264 0.732886
vt 0.934254 0.734364
vt 0.922865 0.515852
vt 0.918739 0.517195
vt 0.916849 0.495874
vt 0.921198 0.494713
vt 0.625357 0.834127
vt 0.611832 0.831943
vt 0.252297 0.176750
vt 0.251956 0.160969
vt 0.197675 0.265298
vt 0.963522 0.049882
vt 0.961191 0.049867
vt 0.450635 0.994393
vt 0.451996 0.991090
vt 0.475426 0.988192
vt 0.475593 0.990517
vt 0.826341 0.106259
vt 0.955554 0.506955
vt 0.955530 0.487061
vt 0.955953 0.716802
vt 0.917962 0.431209
vt 0.922497 0.430460
vt 0.204313 0.995949
vt 0.202011 0.983556
vt 0.223852 0.983554
vt 0.226134 0.995952
vt 0.884250 0.682672
vt 0.919658 0.687901
vt 0.094725 0.957507
vt 0.105976 0.957476
vt 0.105976 0.959807
vt 0.094727 0.959838
vt 0.003326 0.956946
vt 0.055292 0.957494
vt 0.055291 0.959826
vt 0.001190 0.958323
vt 0.137069 0.957513
vt 0.163776 0.957522
vt 0.163770 0.959853
vt 0.137068 0.959844
vt 0.190664 0.957658
vt 0.190644 0.959989
vt 0.211728 0.958004
vt 0.211691 0.960335
vt 0.229199 0.958393
vt 0.229163 0.960724
vt 0.978457 0.687420
vt 0.976395 0.699267
vt 0.974082 0.698975
vt 0.976175 0.686945
vt 0.876336 0.179799
vt 0.874395 0.181091
vt 0.861329 0.116816
vt 0.859000 0.116742
vt 0.128152 0.010625
vt 0.093550 0.003417
vt 0.094237 0.001189
vt 0.128316 0.008300
vt 0.862538 0.101118
vt 0.860228 0.100806
vt 0.865157 0.085950
vt 0.862901 0.085365
vt 0.869636 0.070960
vt 0.867469 0.070100
vt 0.876323 0.055687
vt 0.874248 0.054625
vt 0.264376 0.958246
vt 0.281828 0.957012
vt 0.282049 0.959332
vt 0.264457 0.960575
vt 0.246627 0.958582
vt 0.246628 0.960913
vt 0.118233 0.957511
vt 0.118230 0.959842
vt 0.081077 0.829831
vt 0.091132 0.831165
vt 0.090846 0.833478
vt 0.080654 0.832123
vt 0.615814 0.868292
vt 0.592789 0.867005
vt 0.592951 0.864680
vt 0.615905 0.865963
vt 0.569654 0.865187
vt 0.569324 0.862879
vt 0.978515 0.722368
vt 0.976191 0.722550
vt 0.980114 0.745382
vt 0.977786 0.745489
vt 0.114383 0.829480
vt 0.114526 0.831806
vt 0.137435 0.828294
vt 0.137509 0.830624
vt 0.670469 0.673662
vt 0.655451 0.656022
vt 0.657250 0.654539
vt 0.672221 0.672124
vt 0.640755 0.638014
vt 0.642196 0.636182
vt 0.980574 0.790879
vt 0.979715 0.813252
vt 0.977386 0.813144
vt 0.978244 0.790813
vt 0.978680 0.835119
vt 0.976351 0.835027
vt 0.182106 0.828451
vt 0.203382 0.829407
vt 0.203275 0.831735
vt 0.182027 0.830780
vt 0.224240 0.830368
vt 0.224164 0.832698
vt 0.735460 0.737138
vt 0.718922 0.722296
vt 0.720509 0.720588
vt 0.737026 0.735411
vt 0.702263 0.706827
vt 0.703893 0.705160
vt 0.703045 0.866238
vt 0.682139 0.867237
vt 0.682032 0.864909
vt 0.702958 0.863909
vt 0.660765 0.868205
vt 0.660694 0.865875
vt 0.977351 0.875483
vt 0.975021 0.875421
vt 0.264309 0.831135
vt 0.264291 0.833466
vt 0.765548 0.764507
vt 0.767123 0.762788
vt 0.743285 0.865334
vt 0.743251 0.863003
vt 0.980782 0.768234
vt 0.978451 0.768248
vt 0.638580 0.868652
vt 0.638582 0.866321
vt 0.160083 0.827986
vt 0.160073 0.830317
vt 0.686068 0.690622
vt 0.687754 0.689013
vt 0.953321 0.199639
vt 0.953875 0.172146
vt 0.956206 0.172196
vt 0.955651 0.199677
vt 0.954480 0.143951
vt 0.956811 0.143998
vt 0.961136 0.077613
vt 0.958834 0.077247
vt 0.953059 0.221680
vt 0.955390 0.221694
vt 0.953083 0.240215
vt 0.955414 0.240195
vt 0.953448 0.258492
vt 0.955778 0.258413
vt 0.954702 0.277886
vt 0.957025 0.277696
vt 0.870807 0.087515
vt 0.873990 0.066716
vt 0.876274 0.067180
vt 0.873118 0.087820
vt 0.869083 0.108606
vt 0.871412 0.108704
vt 0.869096 0.128319
vt 0.871423 0.128185
vt 0.870765 0.146883
vt 0.873068 0.146525
vt 0.873999 0.164830
vt 0.876255 0.164242
vt 0.159949 0.009864
vt 0.159641 0.007553
vt 0.188595 0.003471
vt 0.174347 0.007261
vt 0.173835 0.004987
vt 0.187915 0.001241
vt 0.958323 0.091965
vt 0.956052 0.091440
vt 0.954754 0.121580
vt 0.957085 0.121619
vt 0.903367 0.998234
vt 0.889517 0.998158
vt 0.889514 0.995827
vt 0.903383 0.995903
vt 0.495142 0.651067
vt 0.510401 0.634042
vt 0.512109 0.635627
vt 0.496891 0.652608
vt 0.524719 0.618876
vt 0.536291 0.607117
vt 0.537940 0.608766
vt 0.526394 0.620498
vt 0.954705 0.107476
vt 0.957036 0.107495
vt 0.721009 0.998618
vt 0.699164 0.998604
vt 0.699168 0.996273
vt 0.721009 0.996287
vt 0.482266 0.998460
vt 0.482310 0.996130
vt 0.847091 0.998371
vt 0.847083 0.996040
vt 0.800256 0.998563
vt 0.800250 0.996232
vt 0.976440 0.908912
vt 0.974109 0.908943
vt 0.298128 0.831151
vt 0.298261 0.833478
vt 0.468249 0.684250
vt 0.481229 0.667601
vt 0.483026 0.669086
vt 0.470094 0.685675
vt 0.149811 0.003451
vt 0.138070 0.004893
vt 0.137845 0.002573
vt 0.149526 0.001137
vt 0.125277 0.005828
vt 0.125570 0.003515
vt 0.818824 0.011849
vt 0.826903 0.016364
vt 0.825425 0.018167
vt 0.818487 0.014156
vt 0.835778 0.026727
vt 0.833979 0.028210
vt 0.476611 0.998212
vt 0.476714 0.995883
vt 0.940914 0.949076
vt 0.935539 0.949342
vt 0.935467 0.947012
vt 0.940810 0.946747
vt 0.258806 0.995956
vt 0.256488 0.983551
vt 0.584863 0.490010
vt 0.841342 0.033794
vt 0.839511 0.035236
vt 0.281826 0.389556
vt 0.293795 0.376712
vt 0.602755 0.078911
vt 0.625710 0.081812
vt 0.625542 0.084137
vt 0.609779 0.082163
vt 0.642547 0.082988
vt 0.642436 0.085317
vt 0.665036 0.083444
vt 0.693684 0.082542
vt 0.693855 0.084866
vt 0.665044 0.085774
vt 0.723099 0.078926
vt 0.723429 0.081234
vt 0.031402 0.005935
vt 0.019477 0.006590
vt 0.019759 0.004276
vt 0.031096 0.003624
vt 0.001027 0.025380
vt 0.001377 0.014499
vt 0.003691 0.014782
vt 0.003332 0.025028
vt 0.008219 0.003147
vt 0.009501 0.001200
vt 0.004797 0.036179
vt 0.006692 0.034822
vt 0.003055 0.006937
vt 0.003721 0.004260
vt 0.006005 0.004727
vt 0.005327 0.007458
vt 0.004447 0.001283
vt 0.006679 0.001958
vt 0.739908 0.988121
vt 0.659544 0.986120
vt 0.659582 0.983789
vt 0.740009 0.985793
vt 0.631802 0.985874
vt 0.595384 0.986115
vt 0.595284 0.983786
vt 0.631830 0.983544
vt 0.475523 0.084458
vt 0.446531 0.085261
vt 0.446427 0.082933
vt 0.475505 0.082902
vt 0.437444 0.085987
vt 0.437233 0.083669
vt 0.342472 0.160316
vt 0.341690 0.171544
vt 0.741721 0.873815
vt 0.641294 0.875049
vt 0.641233 0.872719
vt 0.741691 0.871484
vt 0.508940 0.876986
vt 0.509090 0.874660
vt 0.042694 0.003438
vt 0.039796 0.004042
vt 0.039345 0.001755
vt 0.042042 0.001200
vt 0.037507 0.004601
vt 0.036994 0.002327
vt 0.788749 0.873300
vt 0.788791 0.870970
vt 0.600107 0.407930
vt 0.573072 0.420853
vt 0.822757 0.950173
vt 0.752140 0.950500
vt 0.752121 0.948169
vt 0.822751 0.947842
vt 0.719862 0.950467
vt 0.698743 0.950370
vt 0.698784 0.948040
vt 0.719837 0.948137
vt 0.661350 0.949080
vt 0.661553 0.946758
vt 0.460761 0.694356
vt 0.462636 0.695741
vt 0.510989 0.085937
vt 0.510909 0.083607
vt 0.116865 0.002994
vt 0.118348 0.001195
vt 0.524885 0.773381
vt 0.554623 0.765591
vt 0.591432 0.791460
vt 0.546656 0.790510
vt 0.392043 0.785422
vt 0.407666 0.765574
vt 0.438953 0.783812
vt 0.535828 0.086077
vt 0.535855 0.083746
vt 0.925682 0.656082
vt 0.537456 0.293729
vt 0.543288 0.299136
vt 0.549311 0.287227
vt 0.556171 0.275459
vt 0.416900 0.762265
vt 0.568904 0.984156
vt 0.569007 0.986484
vt 0.010500 0.527083
vt 0.051920 0.640802
vt 0.040648 0.652472
vt 0.001396 0.527081
vt 0.001466 0.993605
vt 0.021198 0.971482
vt 0.005503 0.996973
vt 0.882061 0.877733
vt 0.853533 0.875318
vt 0.043586 0.482213
vt 0.067705 0.472174
vt 0.207503 0.697377
vt 0.181170 0.708613
vt 0.882144 0.001198
vt 0.842893 0.017080
vt 0.539613 0.071095
vt 0.560200 0.036189
vt 0.792182 0.193783
vt 0.762940 0.986585
vt 0.762838 0.988913
vt 0.883902 0.994432
vt 0.883841 0.992102
vt 0.520084 0.979685
vt 0.522361 0.965680
vt 0.198385 0.293629
vt 0.444069 0.788637
vt 0.392684 0.787882
vt 0.482239 0.777233
vt 0.497201 0.789588
vt 0.474186 0.758509
vt 0.500146 0.753922
vt 0.196869 0.351454
vt 0.203812 0.339631
vt 0.524835 0.744651
vt 0.557039 0.727665
vt 0.122732 0.749969
vt 0.084392 0.795652
vt 0.955937 0.424920
vt 0.189609 0.298256
vt 0.207454 0.327157
vt 0.257876 0.340793
vt 0.247462 0.353001
vt 0.219106 0.319312
vt 0.229121 0.312038
vt 0.273800 0.470841
vt 0.102204 0.215603
vt 0.102764 0.233613
vt 0.152506 0.211529
vt 0.101621 0.195708
vt 0.152765 0.193340
vt 0.200721 0.190839
vt 0.199457 0.206852
vt 0.152140 0.229146
vt 0.153091 0.180035
vt 0.101099 0.181414
vt 0.099890 0.162067
vt 0.153415 0.161680
vt 0.103162 0.248096
vt 0.173876 0.810559
vt 0.179726 0.776355
vt 0.198295 0.224505
vt 0.202518 0.161326
vt 0.202075 0.178607
vt 0.151662 0.241927
vt 0.166365 0.301701
vt 0.572636 0.186406
vt 0.571794 0.187819
vt 0.569728 0.184367
vt 0.571172 0.183379
vt 0.103727 0.139776
vt 0.056700 0.139727
vt 0.058870 0.136340
vt 0.107339 0.136119
vt 0.149440 0.139670
vt 0.153101 0.136219
vt 0.198428 0.139763
vt 0.202088 0.136311
vt 0.246334 0.136342
vt 0.244162 0.139728
vt 0.152381 0.001021
vt 0.167232 0.001021
vt 0.166691 0.005007
vt 0.151841 0.005007
vt 0.427191 0.182205
vt 0.380659 0.180533
vt 0.378593 0.177082
vt 0.423637 0.178644
vt 0.473309 0.180493
vt 0.476863 0.184054
vt 0.519912 0.182384
vt 0.523466 0.185946
vt 0.302509 0.737827
vt 0.300576 0.738260
vt 0.301488 0.734342
vt 0.303466 0.734630
vt 0.743510 0.795804
vt 0.780113 0.829562
vt 0.776200 0.830496
vt 0.738479 0.795744
vt 0.708021 0.762905
vt 0.702990 0.762845
vt 0.670465 0.727804
vt 0.665434 0.727744
vt 0.631891 0.696343
vt 0.635803 0.695407
vt 0.630927 0.680793
vt 0.627014 0.681729
vt 0.197178 0.627240
vt 0.164351 0.592539
vt 0.165264 0.588621
vt 0.197087 0.622210
vt 0.232855 0.660280
vt 0.232946 0.665310
vt 0.266585 0.696398
vt 0.266676 0.701428
vt 0.311676 0.740469
vt 0.310062 0.739352
vt 0.311022 0.736127
vt 0.312733 0.736588
vt 0.788607 0.866337
vt 0.787003 0.865467
vt 0.787181 0.864399
vt 0.789011 0.864041
vt 0.365512 0.173820
vt 0.350608 0.173421
vt 0.718659 0.145952
vt 0.717652 0.133151
vt 0.327564 0.173569
vt 0.305773 0.174195
vt 0.350631 0.935599
vt 0.341663 0.173426
vt 0.251585 0.178525
vt 0.693869 0.091308
vt 0.246297 0.354601
vt 0.217778 0.321031
vt 0.581364 0.181029
vt 0.579065 0.181575
vt 0.577709 0.178674
vt 0.579401 0.177518
vt 0.798189 0.795895
vt 0.797770 0.794469
vt 0.798553 0.793456
vt 0.799998 0.794425
vt 0.353399 0.208982
vt 0.341254 0.207521
vt 0.244484 0.228169
vt 0.220491 0.389596
vt 0.196001 0.353160
vt 0.731621 0.083649
vt 0.671434 0.134468
vt 0.546038 0.424617
vt 0.557268 0.435533
vt 0.541905 0.421114
vt 0.357335 0.919362
vt 0.358531 0.932413
vt 0.358320 0.936669
vt 0.819844 0.874560
vt 0.819241 0.876809
vt 0.738820 0.374257
vt 0.765149 0.385491
vt 0.757734 0.402863
vt 0.731408 0.391630
vt 0.747491 0.426778
vt 0.721166 0.415627
vt 0.736813 0.451222
vt 0.710475 0.440635
vt 0.728139 0.470106
vt 0.701769 0.460886
vt 0.720737 0.485253
vt 0.694353 0.477872
vt 0.713406 0.499899
vt 0.687053 0.494483
vt 0.706252 0.514816
vt 0.680008 0.511484
vt 0.699794 0.529990
vt 0.673742 0.528939
vt 0.694801 0.545019
vt 0.668848 0.546730
vt 0.691916 0.559600
vt 0.665792 0.564622
vt 0.690921 0.574347
vt 0.664432 0.582249
vt 0.691454 0.589764
vt 0.664569 0.599335
vt 0.669956 0.632696
vt 0.696892 0.618789
vt 0.706599 0.641707
vt 0.680887 0.662304
vt 0.393565 0.886660
vt 0.368958 0.882917
vt 0.367356 0.876918
vt 0.391657 0.881325
vt 0.713104 0.652449
vt 0.721205 0.664366
vt 0.695776 0.687594
vt 0.687816 0.675182
vt 0.729764 0.675971
vt 0.704472 0.699352
vt 0.746255 0.738529
vt 0.723226 0.719919
vt 0.745231 0.693688
vt 0.761613 0.707751
vt 0.479881 0.886301
vt 0.458406 0.888520
vt 0.457249 0.883796
vt 0.473603 0.882444
vt 0.483614 0.880814
vt 0.500965 0.877498
vt 0.502025 0.882369
vt 0.879543 0.201177
vt 0.914640 0.206468
vt 0.914621 0.228297
vt 0.880215 0.221087
vt 0.883595 0.321347
vt 0.914541 0.331876
vt 0.914473 0.445207
vt 0.887255 0.430189
vt 0.914497 0.039614
vt 0.914576 0.082427
vt 0.880756 0.085451
vt 0.883452 0.043843
vt 0.914652 0.127999
vt 0.877388 0.137376
vt 0.823990 0.420799
vt 0.782224 0.412508
vt 0.824460 0.415509
vt 0.265715 0.855215
vt 0.262045 0.843737
vt 0.278541 0.849564
vt 0.281675 0.859367
vt 0.769605 0.474991
vt 0.754241 0.454496
vt 0.777733 0.422824
vt 0.799048 0.445468
vt 0.329981 0.821273
vt 0.316368 0.834588
vt 0.302264 0.834459
vt 0.296133 0.803475
vt 0.432944 0.866124
vt 0.425056 0.881140
vt 0.407016 0.876890
vt 0.414904 0.861874
vt 0.434889 0.888809
vt 0.441107 0.884382
vt 0.655222 0.341025
vt 0.653767 0.364301
vt 0.145435 0.871253
vt 0.137450 0.848737
vt 0.163308 0.842052
vt 0.170252 0.863443
vt 0.294139 0.855453
vt 0.296845 0.863915
vt 0.590972 0.844320
vt 0.594251 0.855321
vt 0.559640 0.862483
vt 0.557954 0.851515
vt 0.189609 0.836467
vt 0.195910 0.856151
vt 0.233108 0.851008
vt 0.227997 0.835027
vt 0.245065 0.838561
vt 0.249441 0.852245
vt 0.340187 0.876266
vt 0.338488 0.870270
vt 0.429086 0.884095
vt 0.325303 0.872215
vt 0.323366 0.865888
vt 0.128648 0.716832
vt 0.104710 0.726712
vt 0.090876 0.692379
vt 0.114331 0.682714
vt 0.618038 0.337107
vt 0.632320 0.340506
vt 0.630362 0.363781
vt 0.614258 0.360113
vt 0.127446 0.877009
vt 0.118893 0.851966
vt 0.210545 0.834123
vt 0.216282 0.852051
vt 0.308789 0.860942
vt 0.311087 0.868169
vt 0.406085 0.887637
vt 0.402641 0.882966
vt 0.415864 0.883532
vt 0.420476 0.888372
vt 0.621718 0.837189
vt 0.625258 0.848236
vt 0.757351 0.125498
vt 0.757351 0.116621
vt 0.763523 0.116621
vt 0.763524 0.125498
vt 0.621803 0.314236
vt 0.634523 0.317400
vt 0.604185 0.332863
vt 0.598660 0.355546
vt 0.609383 0.310234
vt 0.630976 0.247344
vt 0.632729 0.225845
vt 0.643915 0.230064
vt 0.642014 0.251038
vt 0.656554 0.317970
vt 0.657678 0.295329
vt 0.658643 0.273298
vt 0.563203 0.348197
vt 0.551445 0.341670
vt 0.559555 0.319527
vt 0.570835 0.325844
vt 0.539686 0.335145
vt 0.548274 0.313619
vt 0.555084 0.296487
vt 0.566733 0.298386
vt 0.578375 0.303543
vt 0.620343 0.242818
vt 0.622144 0.220865
vt 0.639741 0.272451
vt 0.628644 0.269291
vt 0.659481 0.251990
vt 0.660025 0.231094
vt 0.563011 0.274858
vt 0.572283 0.276261
vt 0.571899 0.246842
vt 0.581056 0.252089
vt 0.592337 0.258994
vt 0.585686 0.281300
vt 0.582684 0.192066
vt 0.591810 0.204441
vt 0.585939 0.225612
vt 0.578543 0.217036
vt 0.602445 0.214461
vt 0.597936 0.236584
vt 0.624103 0.180282
vt 0.635525 0.185544
vt 0.617666 0.265192
vt 0.660048 0.190996
vt 0.587219 0.157188
vt 0.598070 0.165420
vt 0.646842 0.189676
vt 0.737767 0.803683
vt 0.741315 0.814733
vt 0.722836 0.820564
vt 0.719288 0.809515
vt 0.613959 0.287682
vt 0.625473 0.291610
vt 0.608925 0.173647
vt 0.266982 0.668081
vt 0.292508 0.694110
vt 0.284918 0.703074
vt 0.260165 0.678821
vt 0.664255 0.825970
vt 0.690988 0.818220
vt 0.694536 0.829269
vt 0.667803 0.837019
vt 0.541785 0.866195
vt 0.541252 0.855119
vt 0.635900 0.833620
vt 0.639448 0.844669
vt 0.047567 0.446343
vt 0.042043 0.475716
vt 0.018148 0.466265
vt 0.023335 0.433189
vt 0.625524 0.146648
vt 0.637546 0.151760
vt 0.653702 0.840900
vt 0.650154 0.829851
vt 0.660001 0.157163
vt 0.914464 0.006386
vt 0.885708 0.008835
vt 0.951227 0.942565
vt 0.956538 0.900471
vt 0.971969 0.896177
vt 0.972110 0.938990
vt 0.469421 0.866932
vt 0.462683 0.881351
vt 0.443284 0.882531
vt 0.451030 0.867590
vt 0.386469 0.868905
vt 0.394358 0.853889
vt 0.506049 0.861791
vt 0.504192 0.873788
vt 0.483456 0.878005
vt 0.487840 0.864769
vt 0.346702 0.830057
vt 0.336748 0.843818
vt 0.523512 0.869869
vt 0.523909 0.858546
vt 0.972408 0.972217
vt 0.945494 0.955173
vt 0.361715 0.856932
vt 0.369861 0.842073
vt 0.530643 0.418140
vt 0.523108 0.429640
vt 0.508445 0.413280
vt 0.532952 0.407230
vt 0.957687 0.853650
vt 0.971880 0.850605
vt 0.493628 0.616305
vt 0.508086 0.630830
vt 0.649009 0.155042
vt 0.591189 0.126714
vt 0.602854 0.133311
vt 0.638476 0.129337
vt 0.627057 0.125278
vt 0.626689 0.115129
vt 0.638387 0.117874
vt 0.614702 0.140364
vt 0.312964 0.713243
vt 0.306122 0.724761
vt 0.465343 0.650003
vt 0.480165 0.632423
vt 0.493609 0.646004
vt 0.478091 0.662951
vt 0.592090 0.115965
vt 0.603858 0.123084
vt 0.364016 0.318611
vt 0.327234 0.292276
vt 0.340081 0.286090
vt 0.374904 0.309875
vt 0.041832 0.752367
vt 0.011138 0.744836
vt 0.006736 0.611074
vt 0.030942 0.628049
vt 0.638253 0.138465
vt 0.649432 0.141091
vt 0.620638 0.086496
vt 0.622413 0.087189
vt 0.624894 0.114115
vt 0.616225 0.110720
vt 0.616606 0.119581
vt 0.614097 0.119343
vt 0.613684 0.110325
vt 0.387671 0.714376
vt 0.376190 0.706579
vt 0.382129 0.696793
vt 0.394288 0.703379
vt 0.448817 0.359909
vt 0.491632 0.348902
vt 0.508679 0.365356
vt 0.495234 0.394729
vt 0.366728 0.699925
vt 0.349452 0.687346
vt 0.353978 0.679380
vt 0.372214 0.690942
vt 0.785369 0.181583
vt 0.810752 0.162647
vt 0.813532 0.177163
vt 0.809732 0.177760
vt 0.806274 0.154547
vt 0.972408 0.533397
vt 0.959877 0.530197
vt 0.971350 0.527316
vt 0.914594 0.260953
vt 0.881326 0.254016
vt 0.757352 0.138326
vt 0.763524 0.138251
vt 0.763523 0.092586
vt 0.758364 0.084785
vt 0.763523 0.090363
vt 0.763524 0.083255
vt 0.914663 0.180434
vt 0.878689 0.175903
vt 0.530851 0.395253
vt 0.631420 0.676957
vt 0.637730 0.645942
vt 0.731057 0.738195
vt 0.719803 0.765325
vt 0.999047 0.594904
vt 0.996716 0.594904
vt 0.996706 0.580743
vt 0.999037 0.580741
vt 0.998991 0.514398
vt 0.996660 0.514396
vt 0.996610 0.443464
vt 0.998941 0.443462
vt 0.347297 0.691886
vt 0.364273 0.704531
vt 0.267524 0.625602
vt 0.177203 0.554257
vt 0.178717 0.552631
vt 0.268626 0.623250
vt 0.183554 0.547431
vt 0.272881 0.616759
vt 0.359184 0.672749
vt 0.378176 0.682057
vt 0.757351 0.107366
vt 0.763523 0.107366
vt 0.437013 0.712918
vt 0.421774 0.700214
vt 0.429849 0.691118
vt 0.443778 0.704100
vt 0.516376 0.438465
vt 0.499913 0.421658
vt 0.509372 0.447309
vt 0.489293 0.433269
vt 0.413840 0.469047
vt 0.435766 0.492911
vt 0.476081 0.401185
vt 0.403649 0.410647
vt 0.416157 0.397641
vt 0.452032 0.427277
vt 0.439203 0.441468
vt 0.439887 0.373429
vt 0.365430 0.377385
vt 0.389817 0.425015
vt 0.352151 0.389984
vt 0.437661 0.682207
vt 0.450767 0.695224
vt 0.316485 0.357080
vt 0.329020 0.346678
vt 0.279479 0.323568
vt 0.291122 0.314978
vt 0.451270 0.666499
vt 0.463834 0.679305
vt 0.434603 0.649499
vt 0.448885 0.633285
vt 0.378377 0.365310
vt 0.342346 0.399128
vt 0.379956 0.435430
vt 0.449339 0.478435
vt 0.424196 0.457666
vt 0.463542 0.462851
vt 0.477420 0.447050
vt 0.426256 0.387233
vt 0.461729 0.416048
vt 0.971947 0.772136
vt 0.957942 0.774403
vt 0.957985 0.752558
vt 0.971989 0.750308
vt 0.651432 0.118984
vt 0.651197 0.131473
vt 0.649525 0.131969
vt 0.649669 0.119388
vt 0.452100 0.511583
vt 0.002429 0.914948
vt 0.003533 0.905883
vt 0.010411 0.906131
vt 0.008309 0.915408
vt 0.466566 0.496438
vt 0.482071 0.479526
vt 0.277908 0.324753
vt 0.244830 0.295389
vt 0.246420 0.294020
vt 0.496312 0.463198
vt 0.660359 0.120278
vt 0.660410 0.133709
vt 0.658698 0.132611
vt 0.658505 0.119590
vt 0.361708 0.266848
vt 0.303659 0.262752
vt 0.323920 0.242835
vt 0.448413 0.321403
vt 0.412335 0.335256
vt 0.625481 0.123850
vt 0.156224 0.574532
vt 0.157462 0.572560
vt 0.176212 0.586064
vt 0.171415 0.591503
vt 0.657587 0.092045
vt 0.659716 0.092549
vt 0.009433 0.942596
vt 0.008787 0.940356
vt 0.018067 0.938761
vt 0.018381 0.941071
vt 0.294731 0.690323
vt 0.316497 0.709594
vt 0.188566 0.597529
vt 0.183623 0.604891
vt 0.315654 0.298235
vt 0.352289 0.327958
vt 0.802540 0.808798
vt 0.787469 0.833014
vt 0.401110 0.344837
vt 0.205289 0.612525
vt 0.199763 0.620768
vt 0.226751 0.631464
vt 0.248732 0.651281
vt 0.242260 0.661550
vt 0.220637 0.640736
vt 0.323378 0.715590
vt 0.320202 0.719926
vt 0.029423 0.915986
vt 0.036713 0.911826
vt 0.634918 0.089878
vt 0.647086 0.091435
vt 0.281196 0.273710
vt 0.288118 0.264814
vt 0.626672 0.134458
vt 0.614604 0.129116
vt 0.305278 0.304269
vt 0.342660 0.335138
vt 0.616943 0.129208
vt 0.616847 0.141603
vt 0.651139 0.140529
vt 0.650802 0.155470
vt 0.660245 0.142803
vt 0.590112 0.097485
vt 0.584386 0.076970
vt 0.597653 0.085122
vt 0.602875 0.104682
vt 0.312422 0.733367
vt 0.971705 0.054277
vt 0.970764 0.061965
vt 0.968582 0.063646
vt 0.968615 0.054426
vt 0.837566 0.843369
vt 0.820646 0.866199
vt 0.305023 0.140098
vt 0.250124 0.136155
vt 0.250332 0.134471
vt 0.305188 0.138225
vt 0.464376 0.616472
vt 0.478796 0.601404
vt 0.114411 0.316680
vt 0.131230 0.343444
vt 0.112716 0.356414
vt 0.095683 0.329647
vt 0.394567 0.809420
vt 0.394391 0.792490
vt 0.414869 0.794523
vt 0.415219 0.810918
vt 0.968613 0.043385
vt 0.968612 0.031953
vt 0.971696 0.031953
vt 0.971699 0.043384
vt 0.012060 0.891711
vt 0.040575 0.895455
vt 0.965513 0.006923
vt 0.968606 0.008125
vt 0.968608 0.020187
vt 0.965525 0.020189
vt 0.971693 0.008243
vt 0.971694 0.020187
vt 0.965531 0.043384
vt 0.965513 0.054834
vt 0.965528 0.031954
vt 0.831885 0.161870
vt 0.809484 0.153208
vt 0.768669 0.083978
vt 0.802645 0.065777
vt 0.965635 0.064485
vt 0.860468 0.287893
vt 0.819245 0.173965
vt 0.870104 0.287370
vt 0.637113 0.294629
vt 0.769562 0.040503
vt 0.788348 0.018698
vt 0.422615 0.733213
vt 0.416085 0.743520
vt 0.850706 0.856331
vt 0.833135 0.878677
vt 0.012627 0.844670
vt 0.051219 0.847355
vt 0.568800 0.030722
vt 0.555855 0.027834
vt 0.568798 0.001018
vt 0.056084 0.893885
vt 0.058002 0.911309
vt 0.608764 0.083251
vt 0.545647 0.021969
vt 0.004235 0.891891
vt 0.591478 0.105742
vt 0.603712 0.113189
vt 0.004275 0.844877
vt 0.003585 0.744506
vt 0.001038 0.612298
vt 0.965572 0.001075
vt 0.968524 0.001226
vt 0.970717 0.002076
vt 0.972189 0.646728
vt 0.958184 0.648992
vt 0.958403 0.535662
vt 0.357625 0.741989
vt 0.373716 0.711353
vt 0.385006 0.719268
vt 0.367766 0.750687
vt 0.278858 0.274946
vt 0.313637 0.299476
vt 0.421090 0.665719
vt 0.942331 0.194178
vt 0.947202 0.124502
vt 0.950983 0.125735
vt 0.945243 0.195776
vt 0.025815 0.944988
vt 0.025862 0.947319
vt 0.015001 0.947569
vt 0.014900 0.945241
vt 0.971897 0.798170
vt 0.957892 0.800434
vt 0.957919 0.786271
vt 0.971924 0.784003
vt 0.413376 0.705511
vt 0.428894 0.724006
vt 0.527858 0.391219
vt 0.539766 0.012159
vt 0.537147 0.001018
vt 0.413551 0.747858
vt 0.397180 0.775710
vt 0.798110 0.151063
vt 0.785369 0.150497
vt 0.981680 0.882702
vt 0.984007 0.882807
vt 0.982027 0.940185
vt 0.979701 0.940036
vt 0.732909 0.511881
vt 0.718979 0.492672
vt 0.177049 0.558107
vt 0.266271 0.629522
vt 0.323601 0.668136
vt 0.327122 0.661962
vt 0.401618 0.683296
vt 0.412805 0.675187
vt 0.403492 0.293247
vt 0.096308 0.370731
vt 0.080750 0.388673
vt 0.057285 0.366881
vt 0.075797 0.346327
vt 0.004436 0.300310
vt 0.034893 0.327041
vt 0.001029 0.304355
vt 0.757351 0.093723
vt 0.333496 0.721151
vt 0.348585 0.734209
vt 0.176056 0.582806
vt 0.258233 0.654638
vt 0.331249 0.656567
vt 0.914650 0.194601
vt 0.879140 0.189255
vt 0.083694 0.674900
vt 0.107136 0.665245
vt 0.073757 0.650742
vt 0.097185 0.641183
vt 0.063361 0.625519
vt 0.086771 0.616552
vt 0.054845 0.605002
vt 0.078245 0.597443
vt 0.047534 0.587732
vt 0.070920 0.582024
vt 0.040335 0.570899
vt 0.063650 0.567087
vt 0.033422 0.553775
vt 0.056558 0.551885
vt 0.027290 0.536288
vt 0.050172 0.536424
vt 0.022487 0.518550
vt 0.045266 0.521104
vt 0.019460 0.500755
vt 0.042459 0.506266
vt 0.018074 0.483231
vt 0.041502 0.491314
vt 0.057485 0.423183
vt 0.034051 0.403794
vt 0.318380 0.033180
vt 0.343491 0.034771
vt 0.340479 0.039152
vt 0.315371 0.037069
vt 0.064084 0.412368
vt 0.040864 0.390987
vt 0.048705 0.378618
vt 0.072193 0.400379
vt 0.659500 0.073310
vt 0.642930 0.073114
vt 0.643833 0.068569
vt 0.665591 0.069461
vt 0.669725 0.074377
vt 0.688047 0.072052
vt 0.687329 0.076745
vt 0.916712 0.183555
vt 0.916860 0.116207
vt 0.781997 0.884115
vt 0.891472 0.887953
vt 0.906248 0.914449
vt 0.792443 0.914998
vt 0.500169 0.914743
vt 0.504525 0.886998
vt 0.546142 0.884329
vt 0.542990 0.914855
vt 0.599737 0.879310
vt 0.588564 0.914966
vt 0.800699 0.281623
vt 0.797009 0.244792
vt 0.821735 0.261143
vt 0.816491 0.274257
vt 0.447781 0.038519
vt 0.463143 0.031898
vt 0.460869 0.040740
vt 0.445297 0.049020
vt 0.001075 0.380021
vt 0.001277 0.338318
vt 0.030740 0.337495
vt 0.024812 0.376483
vt 0.802941 0.394424
vt 0.805895 0.375904
vt 0.821090 0.374160
vt 0.818179 0.392430
vt 0.626617 0.073317
vt 0.620109 0.069640
vt 0.578420 0.140368
vt 0.554089 0.142071
vt 0.325547 0.040836
vt 0.351279 0.044824
vt 0.347836 0.065527
vt 0.321273 0.062804
vt 0.432136 0.038776
vt 0.416050 0.038848
vt 0.421143 0.032909
vt 0.437999 0.031777
vt 0.992210 0.457656
vt 0.992146 0.491136
vt 0.982837 0.491605
vt 0.982497 0.456794
vt 0.377811 0.048170
vt 0.374664 0.067094
vt 0.415717 0.047655
vt 0.431913 0.043959
vt 0.429199 0.056692
vt 0.412817 0.062746
vt 0.370365 0.039583
vt 0.373626 0.035348
vt 0.614444 0.074280
vt 0.385970 0.039341
vt 0.389605 0.034934
vt 0.577665 0.111233
vt 0.553268 0.114044
vt 0.549286 0.099372
vt 0.573148 0.094662
vt 0.306893 0.037850
vt 0.302440 0.062401
vt 0.398712 0.049155
vt 0.395697 0.066262
vt 0.400951 0.039087
vt 0.405251 0.034061
vt 0.591274 0.072454
vt 0.605665 0.070913
vt 0.601249 0.075733
vt 0.588306 0.076822
vt 0.302847 0.035161
vt 0.306901 0.031777
vt 0.992242 0.426369
vt 0.982398 0.425460
vt 0.159890 0.016440
vt 0.159725 0.011442
vt 0.167497 0.011264
vt 0.167475 0.016294
vt 0.529626 0.117020
vt 0.525935 0.103943
vt 0.544442 0.085170
vt 0.568058 0.078542
vt 0.521386 0.091200
vt 0.440209 0.129396
vt 0.435480 0.117880
vt 0.457573 0.115392
vt 0.461756 0.126758
vt 0.530491 0.143597
vt 0.484785 0.146046
vt 0.507334 0.144906
vt 0.531639 0.050640
vt 0.524866 0.039456
vt 0.536136 0.034860
vt 0.503832 0.047413
vt 0.502192 0.037460
vt 0.519242 0.030027
vt 0.509474 0.058976
vt 0.429985 0.107000
vt 0.452542 0.104461
vt 0.480051 0.112325
vt 0.483687 0.123752
vt 0.441449 0.147759
vt 0.462937 0.147053
vt 0.481805 0.053824
vt 0.480687 0.046290
vt 0.452723 0.056387
vt 0.457847 0.063608
vt 0.465282 0.074695
vt 0.487419 0.067142
vt 0.397846 0.069677
vt 0.422890 0.064355
vt 0.431401 0.069601
vt 0.410347 0.076414
vt 0.420925 0.086679
vt 0.442989 0.081218
vt 0.394045 0.122084
vt 0.388251 0.110376
vt 0.475450 0.101046
vt 0.400208 0.148106
vt 0.371329 0.084486
vt 0.362888 0.075880
vt 0.398679 0.133720
vt 0.984910 0.306044
vt 0.994748 0.306311
vt 0.994148 0.329082
vt 0.984315 0.328720
vt 0.498407 0.096575
vt 0.502849 0.108395
vt 0.380103 0.095046
vt 0.640965 0.317494
vt 0.651409 0.320201
vt 0.651312 0.354940
vt 0.642780 0.354051
vt 0.982995 0.382007
vt 0.983637 0.354534
vt 0.993476 0.355030
vt 0.992833 0.382683
vt 0.991911 0.508101
vt 0.982733 0.509606
vt 0.992363 0.411864
vt 0.982515 0.411036
vt 0.778566 0.179087
vt 0.780855 0.179528
vt 0.772911 0.203403
vt 0.770755 0.202517
vt 0.359360 0.125305
vt 0.353595 0.113032
vt 0.992566 0.397220
vt 0.982723 0.396468
vt 0.365304 0.148354
vt 0.468221 0.914989
vt 0.470618 0.888974
vt 0.960804 0.111629
vt 0.980033 0.115237
vt 0.979816 0.158058
vt 0.966031 0.153738
vt 0.992565 0.580623
vt 0.994705 0.598966
vt 0.982769 0.608557
vt 0.981057 0.589310
vt 0.806338 0.353694
vt 0.821512 0.352144
vt 0.991774 0.543730
vt 0.991832 0.562107
vt 0.981210 0.568430
vt 0.982046 0.547493
vt 0.797399 0.411872
vt 0.812564 0.409765
vt 0.802448 0.300439
vt 0.817244 0.296625
vt 0.991808 0.525679
vt 0.982546 0.528018
vt 0.804738 0.326460
vt 0.819859 0.324708
vt 0.011275 0.024295
vt 0.017090 0.015335
vt 0.028939 0.035996
vt 0.008488 0.037561
vt 0.979644 0.203631
vt 0.967082 0.200559
vt 0.480458 0.816476
vt 0.480380 0.797539
vt 0.362972 0.137156
vt 0.339189 0.090789
vt 0.332261 0.081330
vt 0.346751 0.102423
vt 0.652041 0.385442
vt 0.642157 0.382141
vt 0.436755 0.812641
vt 0.436495 0.796020
vt 0.459431 0.797040
vt 0.459599 0.814596
vt 0.328576 0.092412
vt 0.320749 0.082951
vt 0.327503 0.106550
vt 0.317312 0.106538
vt 0.316285 0.104179
vt 0.325957 0.104400
vt 0.522605 0.923623
vt 0.647504 0.934650
vt 0.663983 0.958030
vt 0.529984 0.954786
vt 0.349099 0.139604
vt 0.348466 0.137865
vt 0.363716 0.138890
vt 0.296746 0.103654
vt 0.296031 0.101007
vt 0.087741 0.004134
vt 0.064354 0.001948
vt 0.085923 0.001050
vt 0.120907 0.460905
vt 0.130162 0.452865
vt 0.139448 0.464260
vt 0.131384 0.471382
vt 0.537819 0.236615
vt 0.562891 0.240822
vt 0.565050 0.242073
vt 0.562411 0.256860
vt 0.558444 0.264021
vt 0.980591 0.521312
vt 0.980037 0.526806
vt 0.968631 0.523904
vt 0.721528 0.915002
vt 0.714687 0.881806
vt 0.147592 0.016982
vt 0.146996 0.011492
vt 0.190701 0.011690
vt 0.192687 0.011264
vt 0.199677 0.011600
vt 0.197588 0.016524
vt 0.636577 0.879159
vt 0.640999 0.915015
vt 0.026415 0.008881
vt 0.051451 0.032108
vt 0.648715 0.549084
vt 0.560764 0.638665
vt 0.549357 0.611734
vt 0.642468 0.519030
vt 0.187590 0.514145
vt 0.191818 0.509170
vt 0.246116 0.561322
vt 0.241325 0.565971
vt 0.916947 0.051422
vt 0.916944 0.038053
vt 0.953612 0.045505
vt 0.952291 0.059312
vt 0.140352 0.479968
vt 0.147609 0.473440
vt 0.163543 0.489956
vt 0.157169 0.495299
vt 0.239890 0.566580
vt 0.310238 0.630504
vt 0.309566 0.632149
vt 0.313839 0.625966
vt 0.155177 0.465892
vt 0.168838 0.483629
vt 0.175681 0.011480
vt 0.175486 0.016503
vt 0.372243 0.789660
vt 0.383198 0.791140
vt 0.382785 0.808633
vt 0.370719 0.807913
vt 0.030452 0.048184
vt 0.007009 0.048555
vt 0.029516 0.059773
vt 0.005713 0.059797
vt 0.056744 0.050724
vt 0.057932 0.071403
vt 0.054647 0.142799
vt 0.024900 0.145932
vt 0.108976 0.040220
vt 0.102016 0.056605
vt 0.436971 0.836083
vt 0.415501 0.834709
vt 0.055279 0.127422
vt 0.025257 0.125052
vt 0.054515 0.105355
vt 0.026146 0.102115
vt 0.056899 0.086219
vt 0.027550 0.080431
vt 0.661860 0.880006
vt 0.681744 0.880681
vt 0.688857 0.915007
vt 0.667035 0.915010
vt 0.340165 0.140019
vt 0.326670 0.140370
vt 0.326452 0.138615
vt 0.339556 0.138297
vt 0.001022 0.146142
vt 0.345526 0.126571
vt 0.001388 0.125111
vt 0.002300 0.102080
vt 0.303295 0.126572
vt 0.246939 0.120481
vt 0.003732 0.080365
vt 0.335478 0.103893
vt 0.236070 0.038673
vt 0.278393 0.049163
vt 0.278511 0.076895
vt 0.237538 0.065897
vt 0.779582 0.472894
vt 0.836828 0.450789
vt 0.799256 0.494201
vt 0.331946 0.115785
vt 0.321130 0.116386
vt 0.320417 0.114472
vt 0.331297 0.113867
vt 0.305996 0.148835
vt 0.327495 0.149137
vt 0.658518 0.141664
vt 0.658204 0.156918
vt 0.639745 0.352974
vt 0.638271 0.382143
vt 0.653906 0.195580
vt 0.654187 0.213675
vt 0.647396 0.211753
vt 0.648505 0.194891
vt 0.493694 0.706945
vt 0.478410 0.682889
vt 0.152189 0.048696
vt 0.149617 0.063792
vt 0.653528 0.236292
vt 0.645694 0.234253
vt 0.643490 0.262931
vt 0.652460 0.265210
vt 0.651779 0.295266
vt 0.641870 0.292619
vt 0.641804 0.392080
vt 0.637617 0.391362
vt 0.360172 0.938094
vt 0.364415 0.930463
vt 0.368497 0.955438
vt 0.358827 0.957436
vt 0.324355 0.127640
vt 0.246241 0.103003
vt 0.300333 0.114334
vt 0.340964 0.114969
vt 0.336868 0.105874
vt 0.347964 0.104171
vt 0.299370 0.112351
vt 0.245499 0.101479
vt 0.318473 0.092865
vt 0.309099 0.092702
vt 0.336549 0.127166
vt 0.350370 0.148959
vt 0.300497 0.082187
vt 0.288440 0.088836
vt 0.654094 0.396571
vt 0.109579 0.084625
vt 0.109874 0.081516
vt 0.118749 0.081961
vt 0.116996 0.084119
vt 0.460816 0.740406
vt 0.443637 0.717739
vt 0.798758 0.858620
vt 0.798789 0.859715
vt 0.797067 0.860465
vt 0.796969 0.858136
vt 0.480514 0.837485
vt 0.459732 0.837024
vt 0.875377 0.040294
vt 0.877453 0.041356
vt 0.868083 0.062015
vt 0.867374 0.057941
vt 0.264191 0.819495
vt 0.263869 0.820774
vt 0.261805 0.821244
vt 0.261809 0.818913
vt 0.099497 0.081014
vt 0.099386 0.084122
vt 0.088975 0.083930
vt 0.088978 0.080803
vt 0.379353 0.926180
vt 0.383055 0.953962
vt 0.064810 0.079200
vt 0.078033 0.079066
vt 0.078107 0.081018
vt 0.066643 0.081535
vt 0.078206 0.084111
vt 0.066912 0.084625
vt 0.099574 0.079083
vt 0.110760 0.079139
vt 0.088975 0.078806
vt 0.781932 0.680485
vt 0.726297 0.613074
vt 0.761917 0.602563
vt 0.119778 0.079331
vt 0.836315 0.418735
vt 0.840966 0.441881
vt 0.506359 0.120374
vt 0.338510 0.822604
vt 0.337401 0.783208
vt 0.348461 0.785664
vt 0.349737 0.825376
vt 0.449215 0.751192
vt 0.431211 0.729899
vt 0.427606 0.914077
vt 0.430081 0.953421
vt 0.779278 0.200127
vt 0.799596 0.220450
vt 0.771545 0.210890
vt 0.365319 0.907893
vt 0.381059 0.909173
vt 0.768404 0.221275
vt 0.382779 0.960993
vt 0.368536 0.961347
vt 0.309417 0.082947
vt 0.429851 0.961062
vt 0.530305 0.961369
vt 0.662365 0.963413
vt 0.059225 0.079190
vt 0.060047 0.081786
vt 0.060971 0.083989
vt 0.979584 0.407510
vt 0.967160 0.518499
vt 0.967163 0.405210
vt 0.238279 0.079519
vt 0.243408 0.091855
vt 0.394574 0.832784
vt 0.195824 0.086101
vt 0.195897 0.071878
vt 0.182954 0.518126
vt 0.958267 0.046665
vt 0.956764 0.060540
vt 0.149287 0.441770
vt 0.150499 0.453244
vt 0.979563 0.256067
vt 0.979565 0.270231
vt 0.967175 0.267930
vt 0.967178 0.253770
vt 0.358931 0.787529
vt 0.361271 0.810171
vt 0.058017 0.016501
vt 0.030969 0.008195
vt 0.770732 0.231525
vt 0.776769 0.240973
vt 0.551241 0.266945
vt 0.538512 0.266945
vt 0.773308 0.539886
vt 0.694870 0.554336
vt 0.726561 0.524089
vt 0.001029 0.433850
vt 0.022318 0.430547
vt 0.936207 0.309178
vt 0.938217 0.310655
vt 0.949605 0.092144
vt 0.951272 0.071005
vt 0.955622 0.072166
vt 0.953731 0.093486
vt 0.368559 0.834127
vt 0.382084 0.831943
vt 0.252069 0.145185
vt 0.196175 0.057434
vt 0.859731 0.086449
vt 0.857479 0.085847
vt 0.974518 0.974711
vt 0.978394 0.949753
vt 0.980719 0.949920
vt 0.977821 0.973349
vt 0.188665 0.017115
vt 0.916917 0.083246
vt 0.916941 0.063353
vt 0.916517 0.293093
vt 0.954509 0.007500
vt 0.949973 0.006751
vt 0.979567 0.282103
vt 0.979570 0.303924
vt 0.967172 0.301642
vt 0.967174 0.279800
vt 0.649935 0.879605
vt 0.655164 0.915012
vt 0.998395 0.200727
vt 0.996064 0.200726
vt 0.996095 0.189477
vt 0.998426 0.189477
vt 0.998956 0.292127
vt 0.997579 0.294263
vt 0.996077 0.240162
vt 0.998408 0.240161
vt 0.998390 0.158384
vt 0.996059 0.158385
vt 0.996050 0.131682
vt 0.998380 0.131676
vt 0.995913 0.104809
vt 0.998244 0.104789
vt 0.995568 0.083762
vt 0.997898 0.083725
vt 0.995178 0.066289
vt 0.997509 0.066254
vt 0.375753 0.842602
vt 0.375279 0.840320
vt 0.387309 0.838227
vt 0.387600 0.840540
vt 0.767924 0.213837
vt 0.765983 0.212545
vt 0.780994 0.149563
vt 0.783324 0.149489
vt 0.859740 0.188093
vt 0.861948 0.187345
vt 0.877453 0.218516
vt 0.875471 0.219744
vt 0.779786 0.133865
vt 0.782096 0.133553
vt 0.777168 0.118697
vt 0.779425 0.118111
vt 0.772690 0.103706
vt 0.774857 0.102847
vt 0.766005 0.088433
vt 0.768080 0.087371
vt 0.997656 0.031077
vt 0.995326 0.030996
vt 0.996569 0.013404
vt 0.998890 0.013626
vt 0.997319 0.048825
vt 0.994988 0.048825
vt 0.996060 0.177222
vt 0.998391 0.177220
vt 0.001622 0.954449
vt 0.001198 0.952156
vt 0.011390 0.950801
vt 0.011676 0.953115
vt 0.635009 0.854953
vt 0.635100 0.857282
vt 0.612145 0.858565
vt 0.611984 0.856240
vt 0.588519 0.860366
vt 0.588848 0.858059
vt 0.410883 0.840336
vt 0.410701 0.842660
vt 0.433823 0.841930
vt 0.433715 0.844258
vt 0.035070 0.952473
vt 0.034927 0.954800
vt 0.058054 0.953656
vt 0.057979 0.955986
vt 0.097118 0.814622
vt 0.097269 0.816948
vt 0.074249 0.818797
vt 0.074026 0.816476
vt 0.050623 0.821134
vt 0.050900 0.818819
vt 0.479213 0.844719
vt 0.479146 0.842388
vt 0.501478 0.841531
vt 0.501586 0.843859
vt 0.523361 0.840495
vt 0.523453 0.842824
vt 0.102650 0.955829
vt 0.102572 0.953499
vt 0.123819 0.952544
vt 0.123927 0.954873
vt 0.144708 0.951581
vt 0.144785 0.953911
vt 0.187958 0.815688
vt 0.187844 0.818017
vt 0.165683 0.816820
vt 0.165769 0.814491
vt 0.143025 0.815981
vt 0.143050 0.813650
vt 0.722239 0.857008
vt 0.722153 0.859337
vt 0.701227 0.858337
vt 0.701334 0.856008
vt 0.679889 0.857371
vt 0.679960 0.855041
vt 0.563755 0.839165
vt 0.563817 0.841496
vt 0.184835 0.950814
vt 0.184853 0.953145
vt 0.228587 0.817609
vt 0.228484 0.819938
vt 0.762480 0.857913
vt 0.762446 0.860244
vt 0.456582 0.842595
vt 0.456568 0.844926
vt 0.657777 0.856924
vt 0.657775 0.854593
vt 0.080618 0.953962
vt 0.080628 0.956293
vt 0.120195 0.815988
vt 0.120141 0.813658
vt 0.571581 0.069079
vt 0.571858 0.071394
vt 0.544579 0.074761
vt 0.544290 0.072448
vt 0.516591 0.078253
vt 0.516305 0.075939
vt 0.854763 0.113477
vt 0.852446 0.113222
vt 0.593480 0.066560
vt 0.593733 0.068878
vt 0.611919 0.064685
vt 0.612138 0.067006
vt 0.630138 0.063175
vt 0.630298 0.065501
vt 0.649558 0.062436
vt 0.649607 0.064766
vt 0.670591 0.063010
vt 0.670479 0.065338
vt 0.691651 0.065072
vt 0.691333 0.067381
vt 0.711047 0.068597
vt 0.710500 0.070864
vt 0.729015 0.073548
vt 0.728253 0.075751
vt 0.746099 0.079929
vt 0.745118 0.082043
vt 0.852428 0.157138
vt 0.854741 0.156852
vt 0.851362 0.127807
vt 0.853691 0.127900
vt 0.853631 0.142470
vt 0.851302 0.142551
vt 0.494357 0.080818
vt 0.494079 0.078503
vt 0.998652 0.751233
vt 0.996321 0.751250
vt 0.996245 0.737380
vt 0.998576 0.737383
vt 0.580241 0.565968
vt 0.581782 0.567717
vt 0.564802 0.582935
vt 0.563216 0.581227
vt 0.548051 0.595545
vt 0.549672 0.597220
vt 0.480303 0.082217
vt 0.480044 0.079900
vt 0.999029 0.568873
vt 0.996698 0.568873
vt 0.996682 0.547032
vt 0.999014 0.547028
vt 0.996530 0.330177
vt 0.998861 0.330133
vt 0.996456 0.694949
vt 0.998787 0.694956
vt 0.996646 0.648115
vt 0.998977 0.648120
vt 0.597276 0.838253
vt 0.597245 0.840584
vt 0.218805 0.950801
vt 0.218672 0.953128
vt 0.613424 0.539075
vt 0.614849 0.540920
vt 0.598260 0.553852
vt 0.596775 0.552055
vt 0.582068 0.013103
vt 0.583905 0.011667
vt 0.591154 0.020939
vt 0.589354 0.022421
vt 0.599171 0.030281
vt 0.597744 0.032124
vt 0.479903 0.037105
vt 0.479566 0.034798
vt 0.486504 0.030787
vt 0.487982 0.032590
vt 0.495059 0.020744
vt 0.496857 0.022227
vt 0.996283 0.324581
vt 0.998612 0.324478
vt 0.280678 0.946075
vt 0.280574 0.948404
vt 0.275231 0.948139
vt 0.275303 0.945809
vt 0.979574 0.336595
vt 0.967169 0.334278
vt 0.390731 0.684141
vt 0.500591 0.013718
vt 0.502422 0.015160
vt 0.306639 0.364743
vt 0.579645 0.480279
vt 0.577481 0.487712
vt 0.568611 0.500891
vt 0.566748 0.499490
vt 0.558399 0.514401
vt 0.556571 0.512954
vt 0.542136 0.530206
vt 0.543888 0.531744
vt 0.524272 0.552865
vt 0.522631 0.551209
vt 0.502100 0.572771
vt 0.500577 0.571006
vt 0.575253 0.024790
vt 0.572942 0.024483
vt 0.573594 0.013147
vt 0.575908 0.012865
vt 0.581076 0.025387
vt 0.578772 0.025034
vt 0.578412 0.014788
vt 0.580726 0.014505
vt 0.570518 0.002889
vt 0.572465 0.001607
vt 0.577307 0.036186
vt 0.575411 0.034829
vt 0.579048 0.006944
vt 0.576775 0.007464
vt 0.576097 0.004733
vt 0.578381 0.004266
vt 0.575424 0.001964
vt 0.577655 0.001289
vt 0.980797 0.685439
vt 0.983125 0.685338
vt 0.985126 0.765765
vt 0.982796 0.765803
vt 0.983041 0.793545
vt 0.985371 0.793517
vt 0.985128 0.830063
vt 0.982799 0.829963
vt 0.455520 0.611121
vt 0.456510 0.612321
vt 0.434261 0.631044
vt 0.432840 0.629196
vt 0.426758 0.636408
vt 0.425425 0.634499
vt 0.341528 0.149100
vt 0.079391 0.941361
vt 0.079421 0.939031
vt 0.179880 0.940265
vt 0.179819 0.942595
vt 0.312022 0.942206
vt 0.312172 0.944532
vt 0.572756 0.036082
vt 0.570518 0.035429
vt 0.571073 0.032733
vt 0.573360 0.033184
vt 0.571645 0.030382
vt 0.573919 0.030895
vt 0.032321 0.938516
vt 0.032362 0.940847
vt 0.321574 0.672351
vt 0.308651 0.699385
vt 0.162519 0.944983
vt 0.162513 0.947314
vt 0.091882 0.946989
vt 0.091902 0.944658
vt 0.059624 0.944693
vt 0.059599 0.947023
vt 0.038546 0.947121
vt 0.038505 0.944791
vt 0.001315 0.948404
vt 0.001112 0.946082
vt 0.623530 0.531587
vt 0.624915 0.533462
vt 0.481679 0.587126
vt 0.483120 0.588959
vt 0.605921 0.033744
vt 0.605698 0.036065
vt 0.716446 0.019119
vt 0.738216 0.001990
vt 0.782992 0.001040
vt 0.746184 0.026909
vt 0.583603 0.007078
vt 0.630514 0.008688
vt 0.599226 0.026926
vt 0.650341 0.179146
vt 0.535510 0.024102
vt 0.541264 0.018611
vt 0.547457 0.030432
vt 0.554487 0.042099
vt 0.608460 0.030235
vt 0.982430 0.856340
vt 0.984758 0.856443
vt 0.840805 0.811781
vt 0.834369 0.818220
vt 0.773459 0.701799
vt 0.789682 0.702082
vt 0.977223 0.079256
vt 0.980591 0.083293
vt 0.955099 0.098987
vt 0.914311 0.001108
vt 0.885784 0.003524
vt 0.107006 0.731442
vt 0.131160 0.721486
vt 0.780161 0.350319
vt 0.753829 0.339083
vt 0.091023 0.888664
vt 0.106905 0.849413
vt 0.290973 0.066723
vt 0.270388 0.031816
vt 0.290989 0.804663
vt 0.980006 0.662509
vt 0.982333 0.662407
vt 0.974489 0.541443
vt 0.976820 0.541505
vt 0.972053 0.717651
vt 0.958047 0.719928
vt 0.196475 0.029096
vt 0.584245 0.004618
vt 0.635629 0.003863
vt 0.673799 0.015266
vt 0.688761 0.002912
vt 0.691706 0.038578
vt 0.665747 0.033991
vt 0.256714 0.286729
vt 0.268537 0.279786
vt 0.716396 0.047849
vt 0.748599 0.064834
vt 0.703148 0.569625
vt 0.762560 0.574817
vt 0.916533 0.001211
vt 0.780113 0.720540
vt 0.762268 0.749441
vt 0.236395 0.302023
vt 0.270084 0.330380
vt 0.387924 0.356717
vt 0.101431 0.108502
vt 0.101731 0.090487
vt 0.151787 0.111850
vt 0.152308 0.130033
vt 0.101136 0.128404
vt 0.198801 0.115848
vt 0.200295 0.131842
vt 0.151166 0.094240
vt 0.152826 0.143332
vt 0.100819 0.142704
vt 0.101919 0.076000
vt 0.755881 0.495809
vt 0.784204 0.515859
vt 0.197383 0.098214
vt 0.201825 0.144053
vt 0.150503 0.081468
vt 0.164343 0.021488
vt 0.078530 0.824721
vt 0.080431 0.827494
vt 0.078857 0.828257
vt 0.076886 0.824750
vt 0.134539 0.821091
vt 0.138047 0.824849
vt 0.089604 0.823259
vt 0.087529 0.819812
vt 0.180232 0.822488
vt 0.183793 0.826041
vt 0.229202 0.823779
vt 0.232764 0.827332
vt 0.274917 0.825106
vt 0.276993 0.828552
vt 0.985774 0.618921
vt 0.982298 0.616896
vt 0.991428 0.605184
vt 0.994904 0.607208
vt 0.988010 0.665429
vt 0.984406 0.661918
vt 0.990460 0.715074
vt 0.986856 0.711564
vt 0.992917 0.761652
vt 0.989313 0.758141
vt 0.995375 0.809954
vt 0.991898 0.807930
vt 0.945884 0.932897
vt 0.948668 0.931058
vt 0.949515 0.932869
vt 0.946027 0.934872
vt 0.942341 0.875117
vt 0.945829 0.871491
vt 0.944119 0.922751
vt 0.940707 0.924883
vt 0.943806 0.826746
vt 0.947293 0.823120
vt 0.945151 0.775358
vt 0.948639 0.771732
vt 0.946393 0.727930
vt 0.949805 0.725799
vt 0.571788 0.131388
vt 0.573865 0.127943
vt 0.586315 0.137018
vt 0.584238 0.140463
vt 0.524062 0.133382
vt 0.527633 0.129839
vt 0.471878 0.135741
vt 0.475450 0.132198
vt 0.422516 0.138120
vt 0.426088 0.134578
vt 0.372535 0.140893
vt 0.374613 0.137448
vt 0.945053 0.924256
vt 0.942243 0.926106
vt 0.807802 0.856910
vt 0.808206 0.859206
vt 0.806376 0.858848
vt 0.806198 0.857780
vt 0.350418 0.147095
vt 0.365314 0.146480
vt 0.625216 0.133151
vt 0.624209 0.145952
vt 0.305576 0.146968
vt 0.327374 0.147279
vt 0.359132 0.962205
vt 0.341474 0.147219
vt 0.251332 0.143420
vt 0.648999 0.091308
vt 0.238114 0.300695
vt 0.271683 0.329214
vt 0.087760 0.824154
vt 0.085915 0.821537
vt 0.273861 0.818492
vt 0.274101 0.820811
vt 0.272395 0.820475
vt 0.272557 0.819205
vt 0.340573 0.113133
vt 0.352696 0.111497
vt 0.243515 0.093885
vt 0.270243 0.278919
vt 0.306679 0.303408
vt 0.611247 0.083649
vt 0.022244 0.923356
vt 0.006584 0.923134
vt 0.001185 0.922689
vt 0.352429 0.945967
vt 0.351232 0.959019
vt 0.351443 0.963274
vt 0.001870 0.944355
vt 0.001267 0.942107
s 1
f 479/1/1 41/2/2 44/3/3
f 479/1/1 44/3/3 482/4/4
f 44/3/3 41/2/2 443/5/5
f 44/3/3 443/5/5 446/6/6
f 443/5/5 45/7/7 48/8/8
f 443/5/5 48/8/8 446/6/6
f 48/8/8 45/7/7 449/9/9
f 48/8/8 449/9/9 448/10/10
f 449/9/9 49/11/11 72/12/12
f 449/9/9 72/12/12 448/10/10
f 49/11/11 451/13/13 474/14/14
f 49/11/11 474/14/14 72/12/12
f 451/13/13 51/15/15 70/16/16
f 451/13/13 70/16/16 474/14/14
f 51/15/15 453/17/17 472/18/18
f 51/15/15 472/18/18 70/16/16
f 453/17/17 53/19/19 68/20/20
f 453/17/17 68/20/20 472/18/18
f 53/19/19 455/21/21 470/22/22
f 53/19/19 470/22/22 68/20/20
f 455/21/21 55/23/23 66/24/24
f 455/21/21 66/24/24 470/22/22
f 55/23/23 457/25/25 468/26/26
f 55/23/23 468/26/26 66/24/24
f 459/27/27 506/28/28 464/29/29
f 459/27/27 464/29/29 466/30/30
f 463/31/31 491/32/32 493/33/33
f 463/31/31 493/33/33 465/34/34
f 124/35/35 121/36/36 461/37/37
f 124/35/35 461/37/37 509/38/38
f 461/37/37 57/39/39 64/40/40
f 461/37/37 64/40/40 509/38/38
f 39/41/41 38/42/42 62/43/43
f 39/41/41 62/43/43 59/44/44
f 37/45/45 100/46/46 107/47/47
f 37/45/45 107/47/47 61/48/48
f 37/45/45 2/49/49 10/50/49
f 37/45/45 10/50/49 134/51/50
f 1377/52/51 1431/53/52 1423/54/53
f 1377/52/51 1423/54/53 1387/55/54
f 624/56/55 77/57/56 73/58/56
f 624/56/55 73/58/56 475/59/57
f 95/60/58 94/61/59 484/62/60
f 95/60/58 484/62/60 477/63/61
f 484/62/60 82/64/62 84/65/63
f 484/62/60 84/65/63 477/63/61
f 1343/66/64 1346/67/65 87/68/66
f 69/69/67 471/70/68 499/71/69
f 69/69/67 499/71/69 117/72/70
f 483/73/71 93/74/72 97/75/73
f 483/73/71 97/75/73 485/76/74
f 480/77/75 1339/78/76 665/79/77
f 480/77/75 665/79/77 568/80/78
f 50/81/79 450/82/80 552/83/81
f 50/81/79 552/83/81 188/84/82
f 61/48/48 107/47/47 130/85/83
f 61/48/48 130/85/83 63/86/84
f 518/87/85 135/88/86 11/89/87
f 518/87/85 11/89/87 31/90/88
f 43/91/89 445/92/90 487/93/91
f 43/91/89 487/93/91 103/94/92
f 471/70/68 67/95/93 115/96/94
f 471/70/68 115/96/94 499/71/69
f 460/97/95 458/98/96 561/99/97
f 460/97/95 561/99/97 563/100/98
f 445/92/90 47/101/99 105/102/100
f 445/92/90 105/102/100 487/93/91
f 71/103/101 473/104/102 502/105/103
f 71/103/101 502/105/103 119/106/104
f 467/107/105 465/34/34 493/33/33
f 467/107/105 493/33/33 495/108/106
f 130/85/83 110/109/107 63/86/84
f 65/110/108 467/107/105 495/108/106
f 65/110/108 495/108/106 113/111/109
f 473/104/102 69/69/67 117/72/70
f 473/104/102 117/72/70 502/105/103
f 1355/112/110 1138/113/111 1137/114/112
f 1355/112/110 1137/114/112 1354/115/113
f 515/116/114 108/117/115 101/118/116
f 515/116/114 101/118/116 514/119/117
s 0
f 481/120/118 43/91/119 103/94/119
s 1
f 481/120/118 103/94/120 504/121/121
f 105/102/100 47/101/99 447/122/122
f 105/102/100 447/122/122 489/123/123
f 115/96/94 67/95/93 469/124/124
f 115/96/94 469/124/124 497/125/125
f 447/122/122 71/103/101 119/106/104
f 447/122/122 119/106/104 489/123/123
f 469/124/124 65/110/108 113/111/109
f 469/124/124 113/111/109 497/125/125
f 123/126/126 508/127/127 510/128/128
f 123/126/126 510/128/128 125/129/129
f 463/31/31 123/126/126 125/129/129
f 463/31/31 125/129/129 491/32/32
f 507/130/130 460/97/95 563/100/98
f 507/130/130 563/100/98 570/131/131
f 508/127/127 63/86/84 110/109/107
f 508/127/127 110/109/107 510/128/128
f 506/28/28 121/36/36 124/35/35
f 506/28/28 124/35/35 464/29/29
f 247/132/132 238/133/133 435/134/134
f 247/132/132 435/134/134 438/135/134
f 100/46/46 37/45/45 134/51/50
f 514/119/117 138/136/135 139/137/136
f 514/119/117 139/137/136 515/116/114
f 516/138/137 131/139/138 108/117/115
f 516/138/137 108/117/115 515/116/114
f 515/116/114 139/137/136 144/140/139
f 515/116/114 144/140/139 516/138/137
f 530/141/140 538/142/141 160/143/142
f 530/141/140 160/143/142 161/144/143
f 31/90/88 12/145/144 146/146/145
f 31/90/88 146/146/145 518/87/85
f 545/147/146 33/148/147 13/149/148
f 545/147/146 13/149/148 157/150/149
f 111/151/150 521/152/151 636/153/152
f 111/151/150 636/153/152 511/154/153
f 511/154/153 636/153/152 522/155/154
f 511/154/153 522/155/154 127/156/155
f 636/153/152 512/157/156 142/158/157
f 636/153/152 142/158/157 522/155/154
f 521/152/151 141/159/158 512/157/156
f 521/152/151 512/157/156 636/153/152
f 531/160/159 530/141/140 161/144/143
f 531/160/159 161/144/143 166/161/160
f 149/162/161 538/142/141 530/141/140
f 149/162/161 530/141/140 150/163/162
f 533/164/163 32/165/164 14/166/165
f 533/164/163 14/166/165 168/167/166
f 146/146/145 12/145/144 33/148/147
f 146/146/145 33/148/147 545/147/146
f 142/158/157 512/157/156 637/168/167
f 142/158/157 637/168/167 525/169/168
f 153/170/169 525/169/168 637/168/167
f 153/170/169 637/168/167 524/171/170
f 152/172/171 524/171/170 637/168/167
f 152/172/171 637/168/167 548/173/172
f 141/159/158 548/173/172 637/168/167
f 141/159/158 637/168/167 512/157/156
f 164/174/173 527/175/174 638/176/175
f 164/174/173 638/176/175 529/177/176
f 163/178/177 529/177/176 638/176/175
f 163/178/177 638/176/175 536/179/178
f 152/172/171 536/179/178 638/176/175
f 152/172/171 638/176/175 524/171/170
f 153/170/169 524/171/170 638/176/175
f 153/170/169 638/176/175 527/175/174
f 166/161/160 161/144/143 172/180/179
f 166/161/160 172/180/179 177/181/180
f 150/163/162 530/141/140 531/160/159
f 150/163/162 531/160/159 155/182/181
f 168/167/166 14/166/165 15/183/182
f 168/167/166 15/183/182 179/184/183
f 157/150/149 13/149/148 32/165/164
f 157/150/149 32/165/164 533/164/163
f 164/174/173 529/177/176 539/185/184
f 164/174/173 539/185/184 175/186/185
f 160/143/142 171/187/186 172/180/179
f 160/143/142 172/180/179 161/144/143
f 8/188/187 40/189/188 182/190/189
f 8/188/187 182/190/189 19/191/187
f 541/192/190 540/193/191 150/163/162
f 541/192/190 150/163/162 155/182/181
f 529/177/176 163/178/177 174/194/192
f 529/177/176 174/194/192 539/185/184
f 329/195/193 165/196/194 176/197/195
f 329/195/193 176/197/195 331/198/196
f 58/199/197 197/200/198 199/201/199
f 58/199/197 199/201/199 60/202/200
f 139/137/136 540/193/191 541/192/190
f 139/137/136 541/192/190 144/140/139
f 40/189/188 60/202/200 199/201/199
f 40/189/188 199/201/199 182/190/189
f 458/98/96 56/203/201 195/204/202
f 458/98/96 195/204/202 561/99/97
f 122/205/203 507/130/130 570/131/131
f 122/205/203 570/131/131 203/206/204
f 1121/207/205 1116/208/206 1114/209/207
f 1121/207/205 1114/209/207 1123/210/208
f 177/181/180 172/180/179 212/211/209
f 177/181/180 212/211/209 219/212/210
f 197/200/198 58/199/197 462/213/211
f 197/200/198 462/213/211 566/214/212
f 179/184/183 15/183/182 20/215/213
f 179/184/183 20/215/213 223/216/214
f 462/213/211 122/205/203 203/206/204
f 462/213/211 203/206/204 566/214/212
f 1340/217/215 1344/218/216 94/61/59
f 1340/217/215 94/61/59 95/60/58
f 201/219/217 96/220/218 478/221/219
f 201/219/217 478/221/219 574/222/220
f 52/223/221 452/224/222 554/225/223
f 52/223/221 554/225/223 191/226/224
f 450/82/80 46/227/225 186/228/226
f 450/82/80 186/228/226 552/83/81
f 54/229/227 454/230/228 556/231/229
f 54/229/227 556/231/229 193/232/230
f 452/224/222 50/81/79 188/84/82
f 452/224/222 188/84/82 554/225/223
f 42/233/231 480/77/75 568/80/78
f 42/233/231 568/80/78 184/234/232
f 454/230/228 52/223/221 191/226/224
f 454/230/228 191/226/224 556/231/229
f 195/204/202 56/203/201 456/235/233
f 195/204/202 456/235/233 558/236/234
f 1341/237/235 96/220/218 201/219/217
f 1341/237/235 201/219/217 664/238/77
f 186/228/226 46/227/225 444/239/236
f 186/228/226 444/239/236 550/240/237
f 456/235/233 54/229/227 193/232/230
f 456/235/233 193/232/230 558/236/234
f 444/239/236 42/233/231 184/234/232
f 444/239/236 184/234/232 550/240/237
f 429/241/238 633/242/239 578/243/240
f 429/241/238 578/243/240 261/244/241
f 478/221/219 85/245/242 207/246/243
f 478/221/219 207/246/243 574/222/220
f 642/247/244 297/248/245 24/249/246
f 642/247/244 24/249/246 35/250/247
f 171/187/186 210/251/248 212/211/209
f 171/187/186 212/211/209 172/180/179
f 175/186/185 539/185/184 575/252/249
f 175/186/185 575/252/249 217/253/250
f 1589/254/251 342/255/252 355/256/253
f 1589/254/251 355/256/253 1600/257/254
f 539/185/184 174/194/192 215/258/255
f 539/185/184 215/258/255 575/252/249
f 331/198/196 176/197/195 218/259/256
f 331/198/196 218/259/256 333/260/257
f 648/261/258 301/262/259 299/263/260
f 648/261/258 299/263/260 649/264/261
f 217/253/250 575/252/249 1621/265/262
f 217/253/250 1621/265/262 1597/266/263
f 1481/267/264 1471/268/265 419/269/266
f 1481/267/264 419/269/266 632/270/267
f 612/271/268 310/272/269 307/273/270
f 612/271/268 307/273/270 603/274/271
f 210/251/248 1586/275/272 1590/276/273
f 210/251/248 1590/276/273 212/211/209
f 1564/277/274 1565/278/275 356/256/276
f 1564/277/274 356/256/276 354/279/277
f 1566/280/278 347/281/279 1593/282/280
f 1566/280/278 1593/282/280 1672/283/281
f 649/264/261 299/263/260 297/248/245
f 649/264/261 297/248/245 642/247/244
f 433/284/282 635/285/283 1395/286/284
f 433/284/282 1395/286/284 1394/287/285
f 263/288/286 260/289/287 81/290/288
f 263/288/286 81/290/288 90/291/289
f 1393/292/290 1396/293/291 1441/294/292
f 1393/292/290 1441/294/292 1436/295/293
f 78/296/294 666/297/295 229/298/296
f 78/296/294 229/298/296 235/299/297
f 78/296/294 235/299/297 434/300/298
f 75/301/299 233/302/300 241/303/301
f 1425/304/302 1433/305/303 624/56/55
f 1425/304/302 624/56/55 475/59/57
f 234/306/300 76/307/304 238/133/133
f 234/306/300 238/133/133 247/132/132
f 231/308/305 577/309/306 259/310/307
f 577/309/306 254/311/308 259/310/307
f 84/65/63 82/64/62 248/312/309
f 84/65/63 248/312/309 227/313/310
f 633/242/239 431/314/311 260/289/287
f 633/242/239 260/289/287 578/243/240
f 308/315/312 611/316/313 613/317/314
f 308/315/312 613/317/314 314/318/312
f 250/319/315 1391/320/316 1412/321/317
f 250/319/315 1412/321/317 917/322/318
f 1427/323/319 571/324/320 1231/325/320
f 1427/323/319 1231/325/320 1452/326/319
f 1444/327/321 1398/328/322 1393/292/290
f 1444/327/321 1393/292/290 1436/295/293
f 626/329/323 639/330/324 576/331/306
f 626/329/323 576/331/306 230/332/305
f 639/330/324 628/333/325 253/334/308
f 639/330/324 253/334/308 576/331/306
f 1396/293/291 1384/335/326 1438/336/327
f 1396/293/291 1438/336/327 1441/294/292
f 435/134/134 236/337/328 245/338/329
f 435/134/134 245/338/329 438/135/134
f 262/339/330 587/340/331 643/341/332
f 262/339/330 643/341/332 646/342/333
f 261/244/241 578/243/240 640/343/334
f 261/244/241 640/343/334 586/344/335
f 586/344/335 640/343/334 583/345/336
f 586/344/335 583/345/336 294/346/337
f 34/347/338 579/348/339 281/349/340
f 34/347/338 281/349/340 25/350/341
f 578/243/240 260/289/287 588/351/342
f 578/243/240 588/351/342 640/343/334
f 289/352/343 658/353/344 1474/354/345
f 289/352/343 1474/354/345 287/355/346
f 588/351/342 260/289/287 263/288/286
f 588/351/342 263/288/286 589/356/347
f 653/357/348 655/358/349 291/359/350
f 653/357/348 291/359/350 289/352/343
f 587/340/331 295/360/351 645/361/352
f 587/340/331 645/361/352 643/341/332
f 653/357/348 1482/362/353 1484/363/354
f 653/357/348 1484/363/354 655/358/349
f 1484/363/354 1482/362/353 420/364/355
f 1484/363/354 420/364/355 424/365/356
f 647/366/357 303/367/358 301/262/259
f 647/366/357 301/262/259 648/261/258
f 648/261/258 275/368/359 277/369/360
f 648/261/258 277/369/360 647/366/357
f 651/370/361 653/357/348 289/352/343
f 651/370/361 289/352/343 287/355/346
f 656/371/362 36/372/363 26/373/364
f 656/371/362 26/373/364 292/374/365
f 580/375/366 581/376/367 658/353/344
f 580/375/366 658/353/344 285/377/368
f 581/376/367 582/378/369 1474/354/345
f 581/376/367 1474/354/345 658/353/344
f 1494/379/370 279/380/371 588/351/342
f 1494/379/370 588/351/342 589/356/347
s 0
f 1388/381/372 1424/382/372 1430/383/372
f 1388/381/373 1430/383/373 1390/384/373
s 1
f 1540/385/374 338/386/375 1587/387/376
f 1540/385/374 1587/387/376 1664/388/377
f 23/389/378 296/390/379 579/348/339
f 23/389/378 579/348/339 34/347/338
f 1615/391/380 1608/392/381 363/393/382
f 1615/391/380 363/393/382 405/394/383
f 296/390/379 298/395/384 580/375/366
f 296/390/379 580/375/366 579/348/339
f 579/348/339 580/375/366 285/377/368
f 579/348/339 285/377/368 281/349/340
f 298/395/384 300/396/385 581/376/367
f 298/395/384 581/376/367 580/375/366
f 1543/397/386 422/365/387 334/398/388
f 1543/397/386 334/398/388 1535/399/389
f 300/396/385 302/400/390 582/378/369
f 300/396/385 582/378/369 581/376/367
f 362/401/391 1539/402/392 1661/403/393
f 362/401/391 1661/403/393 1605/404/394
f 302/400/390 294/346/337 583/345/336
f 302/400/390 583/345/336 582/378/369
f 382/405/395 311/406/396 264/407/397
f 382/405/395 264/407/397 419/269/266
f 659/408/398 650/409/399 263/288/286
f 659/408/398 263/288/286 90/291/289
f 356/256/276 1565/278/275 1669/410/400
f 356/256/276 1669/410/400 1601/257/401
f 128/411/402 523/412/403 593/413/404
f 128/411/402 593/413/404 322/414/402
f 1538/415/405 1539/402/392 362/401/391
f 1538/415/405 362/401/391 360/416/406
f 358/416/407 361/401/408 29/417/409
f 358/416/407 29/417/409 28/418/410
f 1614/419/411 404/420/412 1056/421/413
f 1614/419/411 1056/421/413 1657/422/414
f 401/423/415 330/198/416 332/260/417
f 401/423/415 332/260/417 403/424/418
f 523/412/403 143/425/419 324/426/420
f 523/412/403 324/426/420 593/413/404
f 414/427/421 1490/428/422 1481/267/264
f 414/427/421 1481/267/264 632/270/267
f 611/316/313 390/429/423 392/430/424
f 611/316/313 392/430/424 613/317/314
f 650/409/399 661/431/425 589/356/347
f 650/409/399 589/356/347 263/288/286
f 324/426/420 143/425/419 526/432/426
f 324/426/420 526/432/426 597/433/427
f 328/195/428 330/198/416 401/423/415
f 326/434/429 154/435/430 528/436/431
f 326/434/429 528/436/431 600/437/432
f 526/432/426 154/435/430 326/434/429
f 526/432/426 326/434/429 597/433/427
f 403/424/418 332/260/417 1611/438/433
f 403/424/418 1611/438/433 1619/439/434
f 528/436/431 165/196/194 329/195/193
f 528/436/431 329/195/193 600/437/432
f 1596/440/435 350/441/436 364/393/437
f 1596/440/435 364/393/437 1609/392/438
f 342/255/252 339/386/439 337/442/440
f 342/255/252 337/442/440 341/443/441
f 345/444/442 414/427/421 632/270/267
f 345/444/442 632/270/267 584/445/443
f 212/211/209 1590/276/273 1602/446/444
f 212/211/209 1602/446/444 219/212/210
f 355/256/253 342/255/252 341/443/441
f 355/256/253 341/443/441 352/279/445
f 575/252/249 215/258/255 1592/447/446
f 575/252/249 1592/447/446 1621/265/262
f 1482/362/353 1487/448/447 416/449/448
f 1482/362/353 416/449/448 420/364/355
f 214/258/449 1557/450/450 1671/451/451
f 214/258/449 1671/451/451 1591/447/452
f 209/251/453 1531/452/454 1663/453/455
f 209/251/453 1663/453/455 1585/275/456
f 223/216/214 20/215/213 1584/454/457
f 223/216/214 1584/454/457 1606/455/458
f 349/456/459 601/457/460 585/458/443
f 349/456/459 585/458/443 265/459/461
f 333/260/257 218/259/256 1599/460/462
f 333/260/257 1599/460/462 1613/438/463
f 374/461/464 608/462/465 610/463/466
f 374/461/464 610/463/466 389/464/467
f 390/429/423 590/465/468 594/466/469
f 390/429/423 594/466/469 392/430/424
f 291/359/350 285/377/368 658/353/344
f 291/359/350 658/353/344 289/352/343
f 1549/467/470 995/468/471 1064/469/472
f 1549/467/470 1064/469/472 1556/470/473
f 642/247/244 271/471/474 273/472/475
f 642/247/244 273/472/475 649/264/261
f 677/473/476 708/474/477 705/475/478
f 677/473/476 705/475/478 675/476/476
f 1304/477/479 1306/478/480 965/479/481
f 1304/477/479 965/479/481 957/480/482
f 604/481/483 378/482/484 381/483/485
f 604/481/483 381/483/485 605/484/485
f 350/441/436 617/485/486 616/486/487
f 350/441/436 616/486/487 364/393/437
f 306/487/488 368/488/489 606/489/490
f 306/487/488 606/489/490 607/490/491
f 606/489/490 376/491/492 366/492/493
f 606/489/490 366/492/493 607/490/491
f 370/493/494 316/494/495 608/462/465
f 370/493/494 608/462/465 604/481/483
f 605/484/485 381/483/485 376/491/492
f 605/484/485 376/491/492 606/489/490
f 372/495/496 370/493/494 604/481/483
f 372/495/496 604/481/483 605/484/485
f 608/462/465 374/461/464 378/482/484
f 608/462/465 378/482/484 604/481/483
f 614/496/497 393/497/498 1364/498/499
f 614/496/497 1364/498/499 1370/499/500
f 608/462/465 316/494/495 386/500/501
f 608/462/465 386/500/501 610/463/466
f 387/501/502 317/502/503 614/496/497
f 387/501/502 614/496/497 1372/503/504
f 540/193/191 544/504/505 149/162/161
f 540/193/191 149/162/161 150/163/162
f 1479/505/506 393/497/498 595/506/507
f 433/284/282 432/507/508 634/508/509
f 433/284/282 634/508/509 635/285/283
f 590/465/468 266/509/510 312/510/510
f 590/465/468 312/510/510 594/466/469
f 617/485/486 391/511/511 395/512/512
f 617/485/486 395/512/512 616/486/487
f 304/513/513 309/514/514 367/515/515
f 350/441/436 267/516/516 591/517/517
f 350/441/436 591/517/517 617/485/486
f 601/457/460 348/281/518 346/518/519
f 601/457/460 346/518/519 585/458/443
f 391/511/511 617/485/486 591/517/517
f 367/515/515 309/514/514 371/519/520
f 363/393/382 615/486/521 623/520/522
f 363/393/382 623/520/522 405/394/383
f 1595/521/523 1620/522/524 601/457/460
f 1595/521/523 601/457/460 349/456/459
f 615/486/521 394/512/525 410/523/526
f 615/486/521 410/523/526 623/520/522
f 410/523/526 394/512/525 602/274/527
f 410/523/526 602/274/527 619/524/528
f 602/274/527 305/273/529 398/525/530
f 602/274/527 398/525/530 619/524/528
f 399/526/530 306/487/488 607/490/491
f 399/526/530 607/490/491 621/527/531
f 607/490/491 366/492/493 408/528/532
f 607/490/491 408/528/532 621/527/531
f 476/529/372 75/301/299 205/530/533
f 476/529/372 205/530/533 572/531/372
f 1380/532/534 249/533/535 670/534/536
f 1380/532/534 670/534/536 1397/535/537
f 35/250/247 22/536/538 271/471/474
f 35/250/247 271/471/474 642/247/244
f 264/407/397 584/445/443 632/270/267
f 264/407/397 632/270/267 419/269/266
f 1561/537/539 1569/538/540 412/427/541
f 1561/537/539 412/427/541 343/444/542
f 647/366/357 277/369/360 269/539/543
f 647/366/357 269/539/543 645/361/352
f 1320/540/544 1285/541/545 1460/542/546
f 1320/540/544 1460/542/546 1468/543/547
f 1397/535/537 670/534/536 433/284/282
f 1397/535/537 433/284/282 1394/287/285
f 1381/544/548 255/545/549 921/546/550
f 1381/544/548 921/546/550 1405/547/551
f 228/548/552 1386/549/373 1392/550/373
f 228/548/552 1392/550/373 251/551/553
f 634/508/509 430/552/554 644/553/555
f 634/508/509 644/553/555 635/285/283
f 431/314/311 668/554/556 260/289/287
f 668/554/556 81/290/288 260/289/287
f 207/246/243 85/245/242 228/548/552
f 207/246/243 228/548/552 251/551/553
f 649/264/261 273/472/475 275/368/359
f 649/264/261 275/368/359 648/261/258
f 138/136/135 544/504/505 540/193/191
f 138/136/135 540/193/191 139/137/136
f 371/519/520 309/514/514 369/555/557
f 309/514/514 315/556/558 369/555/557
f 669/557/559 670/534/536 249/533/535
f 669/557/559 249/533/535 83/558/560
f 368/488/489 372/495/496 605/484/485
f 368/488/489 605/484/485 606/489/490
f 237/559/561 74/560/562 78/296/294
f 78/296/294 434/300/298 237/559/561
f 395/512/512 391/511/511 612/271/268
f 395/512/512 612/271/268 603/274/271
f 1325/561/563 439/562/564 1095/563/565
f 1325/561/563 1095/563/565 1334/564/566
f 80/565/567 483/73/71 485/76/74
f 80/565/567 485/76/74 89/566/567
f 667/567/568 671/568/569 626/329/323
f 667/567/568 626/329/323 230/332/305
f 1435/569/570 1442/570/571 639/330/324
f 1435/569/570 639/330/324 626/329/323
f 256/571/572 635/285/283 644/553/555
f 256/571/572 644/553/555 646/342/333
f 644/553/555 430/552/554 262/339/330
f 644/553/555 262/339/330 646/342/333
f 643/341/332 631/572/573 256/571/572
f 643/341/332 256/571/572 646/342/333
f 645/361/352 269/539/543 631/572/573
f 645/361/352 631/572/573 643/341/332
f 645/361/352 295/360/351 303/367/358
f 645/361/352 303/367/358 647/366/357
f 1472/573/574 1471/268/265 650/409/399
f 1472/573/574 650/409/399 659/408/398
f 729/574/575 728/575/576 726/576/577
f 729/574/575 726/576/577 731/577/578
f 1356/578/579 1360/579/580 756/580/581
f 205/530/533 75/301/299 241/303/301
f 243/581/582 231/308/305 259/310/307
f 236/337/328 231/308/305 243/581/582
f 236/337/328 243/581/582 245/338/329
f 1432/582/583 1378/583/584 1398/328/322
f 1432/582/583 1398/328/322 1444/327/321
f 79/584/585 625/585/586 671/568/569
f 79/584/585 671/568/569 667/567/568
f 432/507/508 433/284/282 670/534/536
f 432/507/508 670/534/536 669/557/559
f 1442/570/571 1440/586/587 628/333/325
f 1442/570/571 628/333/325 639/330/324
f 227/313/310 248/312/309 1379/587/588
f 227/313/310 1379/587/588 1385/588/589
f 1137/114/112 1138/113/111 711/589/590
f 1137/114/112 711/589/590 710/590/591
f 711/589/590 1100/591/592 1099/592/593
f 711/589/590 1099/592/593 710/590/591
f 1099/592/593 1100/591/592 715/593/594
f 1099/592/593 715/593/594 714/594/595
f 715/593/594 1102/595/596 1105/596/597
f 715/593/594 1105/596/597 714/594/595
f 1105/596/597 1102/595/596 739/597/598
f 1105/596/597 739/597/598 718/598/599
f 718/598/599 739/597/598 1130/599/600
f 718/598/599 1130/599/600 1108/600/601
f 1108/600/601 1130/599/600 737/601/602
f 1108/600/601 737/601/602 720/602/603
f 720/602/603 737/601/602 1127/603/604
f 720/602/603 1127/603/604 1110/604/605
f 1110/604/605 1127/603/604 735/605/606
f 1110/604/605 735/605/606 722/606/607
f 722/606/607 735/605/606 1125/607/608
f 722/606/607 1125/607/608 1112/608/609
f 1112/608/609 1125/607/608 733/609/610
f 1112/608/609 733/609/610 724/610/611
f 724/610/611 733/609/610 1123/210/208
f 724/610/611 1123/210/208 1114/209/207
f 1119/611/612 1165/612/613 1116/208/206
f 1119/611/612 1116/208/206 1121/207/205
f 1149/613/614 1120/614/615 1122/615/616
f 1149/613/614 1122/615/616 1151/616/617
f 792/617/618 1166/618/619 1118/619/620
f 792/617/618 1118/619/620 791/620/621
f 1118/619/620 1166/618/619 731/577/578
f 1118/619/620 731/577/578 726/576/577
f 705/475/478 708/474/477 728/575/576
f 705/475/478 728/575/576 729/574/575
f 771/621/622 706/622/623 730/623/624
f 771/621/622 730/623/624 777/624/625
f 800/625/626 681/626/627 673/627/627
f 800/625/626 673/627/627 706/622/623
f 1282/628/628 1320/540/544 1468/543/547
f 1282/628/628 1468/543/547 1453/629/629
f 1283/630/630 1133/631/631 744/632/632
f 1283/630/630 744/632/632 747/633/633
f 765/634/634 1135/635/635 1140/636/636
f 765/634/634 1140/636/636 762/637/637
f 1140/636/636 1135/635/635 753/638/638
f 1140/636/636 753/638/638 749/639/639
f 1136/640/640 1226/641/641 1312/642/642
f 1136/640/640 1312/642/642 1353/643/643
f 738/644/644 787/645/645 1159/646/646
f 738/644/644 1159/646/646 1129/647/647
f 1141/648/648 1143/649/649 767/650/650
f 1141/648/648 767/650/650 763/651/651
f 717/652/652 852/653/653 1209/654/654
f 717/652/652 1209/654/654 1104/655/655
f 777/624/625 730/623/624 732/656/656
f 777/624/625 732/656/656 796/657/657
f 799/658/658 1176/659/659 700/660/660
f 799/658/658 700/660/660 680/661/661
f 712/662/662 773/663/662 1145/664/663
f 712/662/662 1145/664/663 1101/665/664
f 1128/666/647 1158/667/646 785/668/665
f 1128/666/647 785/668/665 736/669/666
f 1115/670/667 1221/671/668 1218/672/669
f 1115/670/667 1218/672/669 1113/673/670
f 1101/665/664 1145/664/663 775/674/671
f 1101/665/664 775/674/671 716/675/672
f 740/676/673 789/677/674 1161/678/675
f 740/676/673 1161/678/675 1131/679/676
f 1124/680/677 1153/681/678 1151/616/617
f 1124/680/677 1151/616/617 1122/615/616
f 796/657/657 732/656/656 781/682/679
f 734/683/680 783/684/681 1153/681/678
f 734/683/680 1153/681/678 1124/680/677
f 1131/679/676 1161/678/675 787/645/645
f 1131/679/676 787/645/645 738/644/644
f 770/685/682 776/686/683 1173/687/684
f 770/685/682 1173/687/684 1172/688/685
f 1139/689/686 1163/690/687 773/663/662
f 1139/689/686 773/663/662 712/662/662
f 775/674/671 1147/691/688 1103/692/689
f 775/674/671 1103/692/689 716/675/672
f 785/668/665 1155/693/690 1126/694/691
f 785/668/665 1126/694/691 736/669/666
f 1103/692/689 1147/691/688 789/677/674
f 1103/692/689 789/677/674 740/676/673
f 1126/694/691 1155/693/690 783/684/681
f 1126/694/691 783/684/681 734/683/680
f 793/695/692 321/696/693 1169/697/694
f 793/695/692 1169/697/694 1167/698/695
f 1120/614/615 1149/613/614 321/696/693
f 1120/614/615 321/696/693 793/695/692
f 1164/699/696 1228/700/697 1221/671/668
f 1164/699/696 1221/671/668 1115/670/667
f 1167/698/695 1169/697/694 781/682/679
f 1167/698/695 781/682/679 732/656/656
f 1165/612/613 1119/611/612 792/617/618
f 1165/612/613 792/617/618 791/620/621
f 912/701/698 1091/702/699 1089/703/700
f 912/701/698 1089/703/700 903/704/701
f 771/621/622 800/625/626 706/622/623
f 1172/688/685 1173/687/684 804/705/702
f 1172/688/685 804/705/702 803/706/703
f 776/686/683 795/707/704 1174/708/705
f 776/686/683 1174/708/705 1173/687/684
f 1173/687/684 1174/708/705 809/709/706
f 1173/687/684 809/709/706 804/705/702
f 825/710/707 1196/711/708 1188/712/709
f 825/710/707 1188/712/709 826/713/710
f 700/660/660 1176/659/659 811/714/711
f 700/660/660 811/714/711 683/715/712
f 822/716/713 684/717/714 702/718/715
f 822/716/713 702/718/715 1203/719/716
f 1179/720/717 1321/721/718 1296/722/719
f 1296/722/719 1181/723/720 808/724/721
f 1296/722/719 808/724/721 1170/725/722
f 1179/720/717 1296/722/719 1170/725/722
f 1179/720/717 1170/725/722 806/726/723
f 826/713/710 1188/712/709 1189/727/724
f 826/713/710 1189/727/724 831/728/725
f 1188/712/709 1196/711/708 814/729/726
f 1188/712/709 814/729/726 815/730/727
f 833/731/728 685/732/729 701/733/730
f 833/731/728 701/733/730 1191/734/731
f 1203/719/716 702/718/715 683/715/712
f 1203/719/716 683/715/712 811/714/711
f 808/724/721 1184/735/732 1297/736/733
f 808/724/721 1297/736/733 1170/725/722
f 819/737/734 1182/738/735 1297/736/733
f 819/737/734 1297/736/733 1184/735/732
f 817/739/736 1206/740/737 1297/736/733
f 817/739/736 1297/736/733 1182/738/735
f 806/726/723 1170/725/722 1297/736/733
f 806/726/723 1297/736/733 1206/740/737
f 830/741/738 1187/742/739 1298/743/740
f 830/741/738 1298/743/740 1186/744/741
f 828/745/742 1194/746/743 1298/743/740
f 828/745/742 1298/743/740 1187/742/739
f 817/739/736 1182/738/735 1298/743/740
f 817/739/736 1298/743/740 1194/746/743
f 819/737/734 1186/744/741 1298/743/740
f 819/737/734 1298/743/740 1182/738/735
f 831/728/725 842/747/744 837/748/745
f 831/728/725 837/748/745 826/713/710
f 1189/727/724 1188/712/709 815/730/727
f 1189/727/724 815/730/727 820/749/746
f 833/731/728 844/750/747 686/751/748
f 833/731/728 686/751/748 685/732/729
f 1191/734/731 701/733/730 684/717/714
f 1191/734/731 684/717/714 822/716/713
f 830/741/738 841/752/749 1197/753/750
f 830/741/738 1197/753/750 1187/742/739
f 836/754/751 825/710/707 826/713/710
f 836/754/751 826/713/710 837/748/745
f 690/755/752 846/756/753 707/757/754
f 690/755/752 707/757/754 679/758/755
f 815/730/727 1198/759/756 1199/760/757
f 815/730/727 1199/760/757 820/749/746
f 1187/742/739 1197/753/750 839/761/758
f 1187/742/739 839/761/758 828/745/742
f 988/762/759 991/763/760 840/764/761
f 988/762/759 840/764/761 829/765/762
f 861/766/763 725/767/764 727/768/765
f 861/766/763 727/768/765 863/769/766
f 1199/760/757 1198/759/756 804/705/702
f 1199/760/757 804/705/702 809/709/706
f 846/756/753 863/769/766 727/768/765
f 846/756/753 727/768/765 707/757/754
f 1113/673/670 1218/672/669 859/770/767
f 1113/673/670 859/770/767 723/771/768
f 790/772/769 867/773/770 1228/700/697
f 790/772/769 1228/700/697 1164/699/696
f 494/774/771 492/775/772 1148/776/773
f 494/774/771 1148/776/773 1150/777/774
f 842/747/744 884/778/775 877/779/776
f 842/747/744 877/779/776 837/748/745
f 861/766/763 1223/780/777 1117/781/778
f 861/766/763 1117/781/778 725/767/764
f 888/782/779 691/783/780 686/751/748
f 888/782/779 686/751/748 844/750/747
f 1117/781/778 1223/780/777 867/773/770
f 1117/781/778 867/773/770 790/772/769
f 1351/784/781 765/634/634 762/637/637
f 1351/784/781 762/637/637 1359/785/782
f 865/786/783 1232/787/784 1134/788/785
f 865/786/783 1134/788/785 764/789/786
f 719/790/787 854/791/788 1212/792/789
f 719/790/787 1212/792/789 1107/793/790
f 1104/655/655 1209/654/654 850/794/791
f 1104/655/655 850/794/791 713/795/792
f 721/796/793 857/797/794 1214/798/795
f 721/796/793 1214/798/795 1109/799/796
f 1106/800/790 1211/801/789 852/653/653
f 1106/800/790 852/653/653 717/652/652
f 709/802/797 848/803/798 1226/641/641
f 709/802/797 1226/641/641 1136/640/640
f 1109/799/796 1214/798/795 854/791/788
f 1109/799/796 854/791/788 719/790/787
f 859/770/767 1216/804/799 1111/805/800
f 859/770/767 1111/805/800 723/771/768
f 850/794/791 1207/806/801 1098/807/802
f 850/794/791 1098/807/802 713/795/792
f 1111/805/800 1216/804/799 857/797/794
f 1111/805/800 857/797/794 721/796/793
f 1098/807/802 1207/806/801 848/803/798
f 1098/807/802 848/803/798 709/802/797
f 1082/808/803 929/809/804 1237/810/805
f 1082/808/803 1237/810/805 1293/811/806
f 1134/788/785 1232/787/784 871/812/785
s 0
f 1134/788/807 871/812/807 752/813/808
s 1
f 1301/814/809 704/815/810 694/816/811
f 1301/814/809 694/816/811 959/817/812
f 875/818/813 836/754/751 837/748/745
f 875/818/813 837/748/745 877/779/776
f 841/752/749 883/819/814 1234/820/815
f 841/752/749 1234/820/815 1197/753/750
f 1197/753/750 1234/820/815 881/821/816
f 1197/753/750 881/821/816 839/761/758
f 991/763/760 993/822/817 882/823/818
f 991/763/760 882/823/818 840/764/761
f 1307/824/819 1308/825/820 961/826/821
f 1307/824/819 961/826/821 963/827/822
f 883/819/814 1636/828/823 1659/829/824
f 883/819/814 1659/829/824 1234/820/815
f 1675/830/825 1630/831/826 1003/832/827
f 1675/830/825 1003/832/827 1578/833/828
f 1269/834/829 1260/835/830 967/836/831
f 1269/834/829 967/836/831 971/837/831
f 1668/838/832 1545/839/833 874/818/834
f 1668/838/832 874/818/834 1626/840/835
f 1578/833/828 1003/832/827 1001/841/836
f 1578/833/828 1001/841/836 1575/842/837
f 1308/825/820 1301/814/809 959/817/812
f 1308/825/820 959/817/812 961/826/821
f 1324/843/838 759/844/839 750/845/840
f 1086/846/841 1415/847/842 1420/848/843
f 1086/846/841 1420/848/843 1294/849/844
f 746/850/845 902/851/846 897/852/847
f 746/850/845 897/852/847 1316/853/848
f 746/850/845 1090/854/849 902/851/846
f 741/855/850 905/856/851 898/857/852
f 1446/858/853 1133/631/631 1283/630/630
f 1446/858/853 1283/630/630 1454/859/854
f 899/860/852 912/701/698 903/704/701
f 899/860/852 903/704/701 742/861/850
f 896/862/855 926/863/856 920/864/857
f 896/862/855 920/864/857 1236/865/858
f 753/638/638 893/866/859 915/867/860
f 753/638/638 915/867/860 749/639/639
f 1293/811/806 1237/810/805 927/868/861
f 1293/811/806 927/868/861 1085/869/862
f 973/870/863 980/871/863 1272/872/864
f 973/870/863 1272/872/864 1270/873/865
f 1465/874/866 1299/875/867 1287/876/868
f 1465/874/866 1287/876/868 1462/877/869
f 1399/878/870 1422/879/871 1319/880/872
f 1399/878/870 1319/880/872 914/881/873
f 1417/882/874 1457/883/875 1466/884/876
f 1417/882/874 1466/884/876 1419/885/877
f 1284/886/878 895/887/855 1235/888/858
f 1284/886/878 1235/888/858 1299/875/867
f 1299/875/867 1235/888/858 919/889/857
f 1299/875/867 919/889/857 1287/876/868
f 1419/885/877 1466/884/876 1464/890/879
f 1419/885/877 1464/890/879 1404/891/880
f 1089/703/700 1091/702/699 910/892/881
f 1089/703/700 910/892/881 901/893/882
f 928/894/883 1305/895/884 1302/896/885
f 928/894/883 1302/896/885 1244/897/886
f 929/809/804 1245/898/887 1300/899/888
f 929/809/804 1300/899/888 1237/810/805
f 1245/898/887 958/900/889 1242/901/890
f 1245/898/887 1242/901/890 1300/899/888
f 1300/899/888 1242/901/890 946/902/891
f 1300/899/888 946/902/891 1246/903/892
f 1237/810/805 1300/899/888 1246/903/892
f 1237/810/805 1246/903/892 927/868/861
f 955/904/893 1238/905/894 703/906/895
f 955/904/893 703/906/895 696/907/896
f 1246/903/892 1247/908/897 930/909/898
f 1246/903/892 930/909/898 927/868/861
f 1244/897/886 1302/896/885 1304/477/479
f 1244/897/886 1304/477/479 957/480/482
f 1306/478/480 1307/824/819 963/827/822
f 1306/478/480 963/827/822 965/479/481
f 1307/824/819 1306/478/480 942/910/899
f 1307/824/819 942/910/899 940/911/900
f 953/912/901 1239/913/902 1238/905/894
f 953/912/901 1238/905/894 955/904/893
f 950/914/903 1240/915/904 1239/913/902
f 950/914/903 1239/913/902 953/912/901
f 946/902/891 1242/901/890 1241/916/905
f 946/902/891 1241/916/905 948/917/906
f 1402/918/907 1408/919/908 1448/920/909
f 1402/918/907 1448/920/909 1456/921/910
f 1667/922/911 1624/923/912 997/924/913
f 1667/922/911 997/924/913 1552/925/914
f 703/906/895 1238/905/894 960/926/915
f 703/906/895 960/926/915 695/927/916
f 1627/840/917 875/818/813 877/779/776
f 1627/840/917 877/779/776 1628/928/918
f 1238/905/894 1239/913/902 962/929/919
f 1238/905/894 962/929/919 960/926/915
f 948/917/906 1241/916/905 1240/915/904
f 948/917/906 1240/915/904 950/914/903
f 1239/913/902 1240/915/904 964/930/920
f 1239/913/902 964/930/920 962/929/919
f 999/931/921 1076/932/922 1066/469/923
f 999/931/921 1066/469/923 996/468/924
f 1240/915/904 1241/916/905 966/933/925
f 1240/915/904 966/933/925 964/930/920
f 1234/820/815 1659/829/824 1633/934/926
f 1234/820/815 1633/934/926 881/821/816
f 1241/916/905 1242/901/890 958/900/889
f 1241/916/905 958/900/889 966/933/925
f 1035/935/927 1071/936/928 933/937/929
f 1035/935/927 933/937/929 976/938/930
f 1500/939/931 1333/940/932 1094/941/933
f 1642/942/934 1674/943/935 1577/944/936
f 1642/942/934 1577/944/936 1010/945/937
f 1552/925/914 997/924/913 995/468/471
f 1552/925/914 995/468/471 1549/467/470
f 698/946/938 1013/947/939 1011/948/940
f 698/946/938 1011/948/940 697/949/941
f 1531/452/454 1534/950/942 1662/951/943
f 1531/452/454 1662/951/943 1663/453/455
f 1053/952/944 1055/953/945 994/822/946
f 1053/952/944 994/822/946 992/763/947
f 1180/954/948 1250/955/949 984/956/950
f 1180/954/948 984/956/950 807/957/951
f 1270/873/865 1272/872/864 1045/958/952
f 1270/873/865 1045/958/952 1043/959/953
f 1309/960/954 930/909/898 1247/908/897
f 1309/960/954 1247/908/897 1310/961/955
f 984/956/950 1254/962/956 1183/963/957
f 984/956/950 1183/963/957 807/957/951
f 989/762/958 1053/952/944 992/763/947
f 986/964/959 1256/965/960 1185/966/961
f 986/964/959 1185/966/961 818/967/962
f 1183/963/957 1254/962/956 986/964/959
f 1183/963/957 986/964/959 818/967/962
f 1055/953/945 1656/968/963 1650/969/964
f 1055/953/945 1650/969/964 994/822/946
f 1185/966/961 1256/965/960 988/762/759
f 1185/966/961 988/762/759 829/765/762
f 1637/970/965 1651/971/966 1015/972/967
f 1637/970/965 1015/972/967 1005/973/968
f 1000/974/969 999/931/921 996/468/924
f 1000/974/969 996/468/924 998/924/970
f 1078/975/971 1076/932/922 999/931/921
f 1078/975/971 999/931/921 1007/976/972
f 1628/928/918 877/779/776 884/778/775
f 1628/928/918 884/778/775 1639/977/973
f 1007/976/972 999/931/921 1000/974/969
f 1007/976/972 1000/974/969 1009/945/974
f 1676/978/975 1571/979/976 879/821/977
f 1676/978/975 879/821/977 1632/934/978
f 1576/980/979 1580/981/980 1079/975/981
f 1576/980/979 1079/975/981 1008/976/982
f 1660/982/983 1259/983/984 1004/832/985
f 1660/982/983 1004/832/985 1631/831/986
f 1629/984/987 1000/974/969 998/924/970
f 1629/984/987 998/924/970 1625/923/988
f 1622/985/989 691/783/780 888/782/779
f 1622/985/989 888/782/779 1643/986/990
f 1006/987/991 933/937/929 1243/988/992
f 1006/987/991 1243/988/992 1259/983/984
f 993/822/817 1648/969/993 1635/989/994
f 993/822/817 1635/989/994 882/823/818
f 1025/990/995 1040/991/996 1267/992/997
f 1025/990/995 1267/992/997 1266/993/998
f 1043/959/953 1045/958/952 1253/994/999
f 1043/959/953 1253/994/999 1249/995/1000
f 1532/996/1001 211/997/1002 876/998/1002
f 1532/996/1001 876/998/1002 1546/999/1003
f 1301/814/809 1308/825/820 938/1000/1004
f 1301/814/809 938/1000/1004 936/1001/1005
f 17/1002/1006 181/1003/1007 847/1004/1008
f 17/1002/1006 847/1004/1008 688/1005/1006
f 1558/1006/1009 216/1007/1010 880/1008/1010
f 1558/1006/1009 880/1008/1010 1572/1009/1011
f 1262/1010/1012 1263/1011/1013 1031/1012/1014
f 1262/1010/1012 1031/1012/1014 1029/1013/1015
f 1005/973/968 1015/972/967 1273/1014/1016
f 1005/973/968 1273/1014/1016 1275/1015/1017
f 970/1016/1018 1265/1017/1019 1264/1018/1020
f 970/1016/1018 1264/1018/1020 1019/1019/1021
f 1264/1018/1020 1265/1017/1019 1018/1020/1022
f 1264/1018/1020 1018/1020/1022 1027/1021/1023
f 1021/1022/1024 1262/1010/1012 1266/993/998
f 1021/1022/1024 1266/993/998 978/1023/1025
f 1263/1011/1013 1264/1018/1020 1027/1021/1023
f 1263/1011/1013 1027/1021/1023 1031/1012/1014
f 1023/1024/1026 1263/1011/1013 1262/1010/1012
f 1023/1024/1026 1262/1010/1012 1021/1022/1024
f 1266/993/998 1262/1010/1012 1029/1013/1015
f 1266/993/998 1029/1013/1015 1025/990/995
f 1375/1025/1027 1365/1026/1028 1044/1027/1029
f 1266/993/998 1267/992/997 1037/1028/1030
f 1266/993/998 1037/1028/1030 978/1023/1025
f 1322/1029/1031 1500/939/931 1094/941/933
f 1322/1029/1031 1094/941/933 1096/1030/1031
f 814/729/726 1202/1031/1032 1198/759/756
f 814/729/726 1198/759/756 815/730/727
f 1087/1032/841 1295/1033/844 1292/1034/1033
f 1087/1032/841 1292/1034/1033 1083/1035/1034
f 1249/995/1000 1253/994/999 975/1036/1035
f 1249/995/1000 975/1036/1035 932/1037/1035
f 1275/1015/1017 1273/1014/1016 1046/1038/1036
f 1275/1015/1017 1046/1038/1036 1042/1039/1037
f 968/1040/1038 1020/1041/1039 972/1042/1040
f 1005/973/968 1275/1015/1017 1248/1043/1041
f 1005/973/968 1248/1043/1041 931/1044/1042
f 1259/983/984 1243/988/992 1002/841/1043
f 1259/983/984 1002/841/1043 1004/832/985
f 1042/1039/1037 1248/1043/1041 1275/1015/1017
f 1020/1041/1039 1024/1045/1044 972/1042/1040
f 1016/972/1045 1057/1046/1046 1281/1047/1047
f 1016/972/1045 1281/1047/1047 1274/1014/1048
f 1638/1048/1049 1006/987/991 1259/983/984
f 1638/1048/1049 1259/983/984 1660/982/983
f 1274/1014/1048 1281/1047/1047 1062/1049/1050
f 1274/1014/1048 1062/1049/1050 1047/1038/1051
f 1062/1049/1050 1277/1050/1052 1261/835/1053
f 1062/1049/1050 1261/835/1053 1047/1038/1051
f 1261/835/1053 1277/1050/1052 1050/1051/1054
f 1261/835/1053 1050/1051/1054 969/836/1055
f 1051/1052/1056 1279/1053/1057 1265/1017/1019
f 1051/1052/1056 1265/1017/1019 970/1016/1018
f 1265/1017/1019 1279/1053/1057 1060/1054/1058
f 1265/1017/1019 1060/1054/1058 1018/1020/1022
f 1132/1055/1059 1230/1056/1060 869/1057/1061
f 1132/1055/1059 869/1057/1061 741/855/850
f 704/815/810 1301/814/809 936/1001/1005
f 704/815/810 936/1001/1005 693/1058/1062
f 933/937/929 1071/936/928 1291/1059/1063
f 933/937/929 1291/1059/1063 1243/988/992
f 1243/988/992 1291/1059/1063 1070/1060/1064
f 1243/988/992 1070/1060/1064 1002/841/1043
f 1306/478/480 1304/477/479 934/1061/1065
f 1306/478/480 934/1061/1065 942/910/899
f 1070/1060/1064 1291/1059/1063 1517/1062/1066
f 1070/1060/1064 1517/1062/1066 1526/1063/1067
f 1459/1064/546 1284/886/878 1299/875/867
f 1459/1064/546 1299/875/867 1465/874/866
f 1422/879/871 1416/1065/842 1088/1066/1068
f 1422/879/871 1088/1066/1068 1319/880/872
f 1294/849/844 1420/848/843 1406/1067/1069
f 1294/849/844 1406/1067/1069 922/1068/1070
f 892/1069/1071 916/1070/1072 1411/1071/1073
f 892/1069/1071 1411/1071/1073 1409/1072/1074
f 1292/1034/1033 1295/1033/844 1303/1073/1075
f 1292/1034/1033 1303/1073/1075 1081/1074/1076
f 1480/1075/1077 1318/1076/1078 1085/869/862
f 1480/1075/1077 1085/869/862 927/868/861
f 871/812/1079 916/1070/1072 892/1069/1071
f 871/812/1079 892/1069/1071 752/813/1080
f 1308/825/820 1307/824/819 940/911/900
f 1308/825/820 940/911/900 938/1000/1004
f 1198/759/756 1202/1031/1032 803/706/703
f 1198/759/756 803/706/703 804/705/702
f 1024/1045/1044 1022/1077/1081 972/1042/1040
f 972/1042/1040 1022/1077/1081 979/1078/1082
f 1019/1019/1021 1264/1018/1020 1263/1011/1013
f 1019/1019/1021 1263/1011/1013 1023/1024/1026
f 904/1079/1083 746/850/845 743/1080/1084
f 746/850/845 904/1079/1083 1090/854/849
f 1046/1038/1036 1260/835/830 1269/834/829
f 1046/1038/1036 1269/834/829 1042/1039/1037
f 1331/1081/1085 1034/1082/1086 974/1083/1087
f 751/1084/1088 761/1085/1088 1143/649/649
f 751/1084/1088 1143/649/649 1141/648/648
f 1315/1086/1089 894/1087/1090 1285/541/545
f 1315/1086/1089 1285/541/545 1320/540/544
f 1467/1088/1091 1458/1089/1092 1418/1090/1093
f 1467/1088/1091 1418/1090/1093 1421/1091/1094
f 923/1092/1095 1305/895/884 1303/1073/1075
f 923/1092/1095 1303/1073/1075 1295/1033/844
f 1303/1073/1075 1305/895/884 928/894/883
f 1303/1073/1075 928/894/883 1081/1074/1076
f 1302/896/885 1305/895/884 923/1092/1095
f 1302/896/885 923/1092/1095 1288/1093/1096
f 1304/477/479 1302/896/885 1288/1093/1096
f 1304/477/479 1288/1093/1096 934/1061/1065
f 1009/945/974 1000/974/969 1629/984/987
f 1009/945/974 1629/984/987 1641/942/1097
f 1073/1094/1098 699/1095/1099 697/949/941
f 1073/1094/1098 697/949/941 1011/948/940
f 1495/1096/1100 1309/960/954 1310/961/955
f 1495/1096/1100 1310/961/955 1517/1062/1066
f 181/1003/1007 198/1097/1101 864/1098/1101
f 181/1003/1007 864/1098/1101 847/1004/1008
f 757/1099/1102 1323/1100/1102 1097/1101/1103
f 757/1099/1102 1097/1101/1103 441/1102/1104
f 1360/579/580 763/651/651 767/650/650
f 1360/579/580 767/650/650 756/580/581
f 869/1057/1061 905/856/851 741/855/850
f 909/1103/1105 926/863/856 896/862/855
f 901/893/882 910/892/881 909/1103/1105
f 901/893/882 909/1103/1105 896/862/855
f 1455/1104/1106 1467/1088/1091 1421/1091/1094
f 1455/1104/1106 1421/1091/1094 1401/1105/1107
f 745/1106/1108 1315/1086/1089 1320/540/544
f 745/1106/1108 1320/540/544 1282/628/628
f 1084/1107/1109 1317/1108/1110 1319/880/872
f 1084/1107/1109 1319/880/872 1088/1066/1068
s 0
f 1407/1109/1111 1413/1110/1112 1449/1111/1113
f 1407/1109/1114 1449/1111/1115 1447/1112/1115
s 1
f 893/866/859 1410/1113/1116 1400/1114/1117
f 893/866/859 1400/1114/1117 915/867/860
f 98/1115/1118 88/1116/1119 754/1117/1119
f 98/1115/1118 754/1117/1119 766/1118/1120
f 91/1119/1121 486/1120/1122 1142/1121/1123
f 91/1119/1121 1142/1121/1123 758/1122/1124
f 486/1120/1122 98/1115/1118 766/1118/1120
f 486/1120/1122 766/1118/1120 1142/1121/1123
f 104/1123/1125 488/1124/1126 1144/1125/1127
f 104/1123/1125 1144/1125/1127 772/1126/1125
f 488/1124/1126 106/1127/1128 774/1128/1129
f 488/1124/1126 774/1128/1129 1144/1125/1127
f 106/1127/1128 490/1129/1130 1146/1130/1131
f 106/1127/1128 1146/1130/1131 774/1128/1129
f 490/1129/1130 120/1131/1132 788/1132/1133
f 490/1129/1130 788/1132/1133 1146/1130/1131
f 112/1133/1134 129/1134/1135 794/1135/1135
f 112/1133/1134 794/1135/1135 779/1136/1136
f 492/775/772 126/1137/1137 318/1138/1137
f 492/775/772 318/1138/1137 1148/776/773
f 496/1139/1138 494/774/771 1150/777/774
f 496/1139/1138 1150/777/774 1152/1140/1139
f 562/1141/1140 559/1142/1141 1219/1143/1142
f 562/1141/1140 1219/1143/1142 1222/1144/1143
f 114/1145/1144 496/1139/1138 1152/1140/1139
f 114/1145/1144 1152/1140/1139 782/1146/1145
f 498/1147/1146 114/1145/1144 782/1146/1145
f 498/1147/1146 782/1146/1145 1154/1148/1147
f 116/1149/1148 498/1147/1146 1154/1148/1147
f 116/1149/1148 1154/1148/1147 784/1150/1149
f 501/1151/1150 116/1149/1148 784/1150/1149
f 501/1151/1150 784/1150/1149 1157/1152/1151
f 118/1153/1152 500/1154/1150 1156/1155/1151
f 118/1153/1152 1156/1155/1151 786/1156/1153
f 503/1157/1154 118/1153/1152 786/1156/1153
f 503/1157/1154 786/1156/1153 1160/1158/1155
f 120/1131/1132 503/1157/1154 1160/1158/1155
f 120/1131/1132 1160/1158/1155 788/1132/1133
f 88/1116/1119 505/1159/1156 1162/1160/1157
f 88/1116/1119 1162/1160/1157 754/1117/1119
f 505/1159/1156 104/1123/1125 772/1126/1125
f 505/1159/1156 772/1126/1125 1162/1160/1157
f 102/1161/1158 133/1162/1159 798/1163/1159
f 102/1161/1158 798/1163/1159 769/1164/1158
f 137/1165/1160 513/1166/1161 1171/1167/1162
f 137/1165/1160 1171/1167/1162 802/1168/1163
f 513/1166/1161 99/1169/1164 768/1170/1164
f 513/1166/1161 768/1170/1164 1171/1167/1162
f 132/1134/1165 517/1171/1166 1175/1172/1166
f 132/1134/1165 1175/1172/1166 797/1135/1165
f 517/1171/1166 145/1173/1167 810/1174/1167
f 517/1171/1166 810/1174/1167 1175/1172/1166
f 136/1162/1168 519/1175/1169 1177/1176/1169
f 136/1162/1168 1177/1176/1169 801/1163/1168
f 519/1175/1169 147/1177/1170 812/1178/1171
f 519/1175/1169 812/1178/1171 1177/1176/1169
f 140/1179/1172 520/1180/1173 1178/1181/1173
f 140/1179/1172 1178/1181/1173 805/1182/1174
f 520/1180/1173 109/1183/1175 778/1184/1175
f 520/1180/1173 778/1184/1175 1178/1181/1173
f 156/1185/1176 532/1186/1177 1190/1187/1178
f 156/1185/1176 1190/1187/1178 821/1188/1179
f 532/1186/1177 167/1189/1180 832/1190/1181
f 532/1186/1177 832/1190/1181 1190/1187/1178
f 158/1191/1182 534/1192/1183 1192/1193/1184
f 158/1191/1182 1192/1193/1184 823/1194/1185
f 534/1192/1183 169/1195/1186 834/1196/1186
f 534/1192/1183 834/1196/1186 1192/1193/1184
f 162/1197/1187 535/1198/1188 1193/1199/1189
f 162/1197/1187 1193/1199/1189 827/1200/1190
f 535/1198/1188 151/1201/1191 816/1202/1192
f 535/1198/1188 816/1202/1192 1193/1199/1189
f 159/1203/1193 537/1204/1194 1195/1205/1194
f 159/1203/1193 1195/1205/1194 824/1206/1195
f 537/1204/1194 148/1207/1196 813/1208/1196
f 537/1204/1194 813/1208/1196 1195/1205/1194
f 167/1189/1180 178/1209/1197 843/1210/1198
f 167/1189/1180 843/1210/1198 832/1190/1181
f 169/1195/1186 180/1211/1199 845/1212/1200
f 169/1195/1186 845/1212/1200 834/1196/1186
f 173/1213/1201 162/1197/1187 827/1200/1190
f 173/1213/1201 827/1200/1190 838/1214/1201
f 170/1215/1202 159/1203/1193 824/1206/1195
f 170/1215/1202 824/1206/1195 835/1216/1203
f 145/1173/1167 542/1217/1204 1200/1218/1205
f 145/1173/1167 1200/1218/1205 810/1174/1167
f 542/1217/1204 156/1185/1176 821/1188/1179
f 542/1217/1204 821/1188/1179 1200/1218/1205
f 148/1207/1196 543/1219/1206 1201/1220/1207
f 148/1207/1196 1201/1220/1207 813/1208/1196
f 543/1219/1206 137/1165/1160 802/1168/1163
f 543/1219/1206 802/1168/1163 1201/1220/1207
f 147/1177/1170 546/1221/1208 1204/1222/1209
f 147/1177/1170 1204/1222/1209 812/1178/1171
f 546/1221/1208 158/1191/1182 823/1194/1185
f 546/1221/1208 823/1194/1185 1204/1222/1209
f 151/1201/1191 547/1223/1210 1205/1224/1211
f 151/1201/1191 1205/1224/1211 816/1202/1192
f 547/1223/1210 140/1179/1172 805/1182/1174
f 547/1223/1210 805/1182/1174 1205/1224/1211
f 185/1225/1212 549/1226/1213 1208/1227/1213
f 185/1225/1212 1208/1227/1213 851/1228/1212
f 549/1226/1213 183/1229/1214 849/1230/1215
f 549/1226/1213 849/1230/1215 1208/1227/1213
f 198/1097/1101 196/1231/1216 862/1232/1217
f 198/1097/1101 862/1232/1217 864/1098/1101
f 551/1233/1218 185/1225/1212 851/1228/1212
f 551/1233/1218 851/1228/1212 1210/1234/1219
f 187/1235/1220 551/1233/1218 1210/1234/1219
f 187/1235/1220 1210/1234/1219 853/1236/1221
f 553/1237/1222 187/1235/1220 853/1236/1221
f 553/1237/1222 853/1236/1221 1213/1238/1223
f 190/1239/1224 553/1237/1222 1213/1238/1223
f 190/1239/1224 1213/1238/1223 856/1240/1225
f 555/1241/1226 189/1242/1227 855/1243/1225
f 555/1241/1226 855/1243/1225 1215/1244/1228
f 192/1245/1229 555/1241/1226 1215/1244/1228
f 192/1245/1229 1215/1244/1228 858/1246/1230
f 557/1247/1231 192/1245/1229 858/1246/1230
f 557/1247/1231 858/1246/1230 1217/1248/1232
f 194/1249/1233 557/1247/1231 1217/1248/1232
f 194/1249/1233 1217/1248/1232 860/1250/1234
f 560/1251/1141 194/1249/1233 860/1250/1234
f 560/1251/1141 860/1250/1234 1220/1252/1142
f 569/1253/1235 562/1141/1140 1222/1144/1143
f 569/1253/1235 1222/1144/1143 1229/1254/1236
f 564/1255/1237 202/1256/1238 868/1257/1239
f 564/1255/1237 868/1257/1239 1224/1258/1237
f 196/1231/1216 565/1259/1237 1225/1260/1237
f 196/1231/1216 1225/1260/1237 862/1232/1217
f 183/1229/1214 567/1261/1240 1227/1262/1241
f 183/1229/1214 1227/1262/1241 849/1230/1215
f 662/1263/1242 200/1264/1243 866/1265/1244
f 662/1263/1242 866/1265/1244 1313/1266/1245
f 202/1256/1238 569/1253/1235 1229/1254/1236
f 202/1256/1238 1229/1254/1236 868/1257/1239
f 274/1267/1246 272/1268/1247 939/1269/1248
f 274/1267/1246 939/1269/1248 941/1270/1249
f 270/1271/1250 21/1272/1251 692/1273/1252
f 270/1271/1250 692/1273/1252 937/1274/1253
f 567/1261/1240 663/1275/1254 1314/1276/1255
f 567/1261/1240 1314/1276/1255 1227/1262/1241
f 1389/1277/319 1429/1278/319 1450/1279/319
s 0
f 1389/1277/319 1450/1279/319 1414/1280/319
s 1
f 571/324/320 204/1281/1256 870/1282/1257
f 571/324/320 870/1282/1257 1231/325/320
f 200/1264/1243 573/1283/1258 1233/1284/1259
f 200/1264/1243 1233/1284/1259 866/1265/1244
f 573/1283/1258 206/1285/1260 872/1286/1260
f 573/1283/1258 872/1286/1260 1233/1284/1259
f 178/1209/1197 222/1287/1261 887/1288/1262
f 178/1209/1197 887/1288/1262 843/1210/1198
f 180/1211/1199 226/1289/1263 891/1290/1263
f 180/1211/1199 891/1290/1263 845/1212/1200
f 213/1007/1264 173/1213/1201 838/1214/1201
f 213/1007/1264 838/1214/1201 878/1008/1264
f 208/997/1265 170/1215/1202 835/1216/1203
f 208/997/1265 835/1216/1203 873/998/1265
f 268/1291/1266 276/1292/1267 943/1293/1268
f 268/1291/1266 943/1293/1268 935/1294/1269
f 272/1268/1247 270/1271/1250 937/1274/1253
f 272/1268/1247 937/1274/1253 939/1269/1248
f 239/1295/1270 232/1296/1271 900/1297/1272
f 239/1295/1270 900/1297/1272 906/1298/1270
f 232/1296/1271 246/1299/1273 913/1300/1274
f 232/1296/1271 913/1300/1274 900/1297/1272
f 437/1301/1275 244/1302/1276 911/1303/1277
f 437/1301/1275 911/1303/1277 1093/1304/1278
f 244/1302/1276 242/1305/1279 908/1306/1280
f 244/1302/1276 908/1306/1280 911/1303/1277
f 204/1281/1256 240/1307/1281 907/1308/1281
f 204/1281/1256 907/1308/1281 870/1282/1257
f 206/1285/1260 250/319/315 917/322/318
f 206/1285/1260 917/322/318 872/1286/1260
f 257/1309/1282 252/1310/1283 918/1311/1284
f 257/1309/1282 918/1311/1284 924/1312/1282
f 1445/1313/1285 1451/1314/1286 1230/1056/1060
f 1445/1313/1285 1230/1056/1060 1132/1055/1059
f 635/285/283 256/571/572 1382/1315/1287
f 635/285/283 1382/1315/1287 1395/286/284
f 242/1305/1279 258/1316/1288 925/1317/1289
f 242/1305/1279 925/1317/1289 908/1306/1280
f 656/371/362 1485/1318/1290 1470/1319/1291
f 656/371/362 1470/1319/1291 36/372/363
f 276/1292/1267 274/1267/1246 941/1270/1249
f 276/1292/1267 941/1270/1249 943/1293/1268
f 320/1320/1292 592/1321/1293 1251/1322/1294
f 320/1320/1292 1251/1322/1294 983/1323/1295
f 592/1321/1293 323/1324/1296 985/1325/1297
f 592/1321/1293 985/1325/1297 1251/1322/1294
f 596/1326/1298 325/1327/1299 987/1328/1299
f 596/1326/1298 987/1328/1299 1255/1329/1300
f 325/1327/1299 599/1330/1301 1258/1331/1302
f 325/1327/1299 1258/1331/1302 987/1328/1299
f 365/1332/1303 375/1333/1304 1028/1334/1305
f 365/1332/1303 1028/1334/1305 1017/1335/1306
f 377/1336/1307 373/1337/1308 1026/1338/1309
f 377/1336/1307 1026/1338/1309 1030/1339/1310
s 0
f 375/1333/1305 380/1340/1305 1033/1341/1305
s 1
f 375/1333/1304 1033/1341/1311 1028/1334/1305
f 379/1342/1305 377/1336/1307 1030/1339/1310
f 379/1342/1305 1030/1339/1310 1032/1343/1305
f 388/1344/1312 609/1345/1313 1268/1346/1314
f 388/1344/1312 1268/1346/1314 1041/1347/1315
f 609/1345/1313 384/1348/1316 1038/1349/1317
f 609/1345/1313 1038/1349/1317 1268/1346/1314
f 373/1337/1308 388/1344/1312 1041/1347/1315
f 373/1337/1308 1041/1347/1315 1026/1338/1309
f 1369/1350/1318 1363/1351/1319 1366/1352/1320
f 1369/1350/1318 1366/1352/1320 1376/1353/1321
f 1361/1354/1322 1327/1355/1323 1332/1356/1324
f 1361/1354/1322 1332/1356/1324 1368/1357/1325
f 400/1358/415 402/1359/1326 1054/1360/1326
f 400/1358/415 1054/1360/1326 1052/1361/1327
f 402/1359/1326 1616/1362/1328 1653/1363/1329
f 402/1359/1326 1653/1363/1329 1054/1360/1326
f 1623/1364/1330 1645/1365/1331 1013/947/939
f 1623/1364/1330 1013/947/939 698/946/938
f 409/1366/1332 618/1367/1333 1276/1368/1334
f 409/1366/1332 1276/1368/1334 1061/1369/1332
f 618/1367/1333 397/1370/1335 1049/1371/1336
f 618/1367/1333 1049/1371/1336 1276/1368/1334
f 396/1372/1337 620/1373/1338 1278/1374/1339
f 396/1372/1337 1278/1374/1339 1048/1375/1336
f 620/1373/1338 406/1376/1340 1058/1377/1340
f 620/1373/1338 1058/1377/1340 1278/1374/1339
f 404/420/412 622/1378/1341 1280/1379/1342
f 404/420/412 1280/1379/1342 1056/421/413
f 622/1378/1341 409/1366/1332 1061/1369/1332
f 622/1378/1341 1061/1369/1332 1280/1379/1342
f 407/1376/1343 365/1332/1303 1017/1335/1306
f 407/1376/1343 1017/1335/1306 1059/1377/1343
f 625/585/586 1434/1380/1344 1443/1381/1345
f 625/585/586 1443/1381/1345 671/568/569
f 627/1382/1346 1439/1383/1347 1461/1384/1348
f 627/1382/1346 1461/1384/1348 1286/1385/1349
f 252/1310/1283 627/1382/1346 1286/1385/1349
f 252/1310/1283 1286/1385/1349 918/1311/1284
f 1437/1386/1350 1383/1387/1351 1403/1388/1352
f 1437/1386/1350 1403/1388/1352 1463/1389/1353
f 255/545/549 630/1390/1354 1290/1391/1355
f 255/545/549 1290/1391/1355 921/546/550
f 629/1392/1356 268/1291/1266 935/1294/1269
f 629/1392/1356 935/1294/1269 1289/1393/1355
f 327/1394/1357 400/1358/415 1052/1361/1327
f 327/1394/1357 1052/1361/1327 990/1395/1358
f 246/1299/1273 436/1396/1278 1092/1397/1278
f 246/1299/1273 1092/1397/1278 913/1300/1274
f 641/1398/1359 1478/1399/1360 313/1400/1361
f 641/1398/1359 313/1400/1361 383/1401/1362
f 439/562/564 441/1102/1104 1097/1101/1103
f 439/562/564 1097/1101/1103 1095/563/565
f 760/1402/1363 442/1403/1364 1469/1404/1365
f 323/1324/1296 596/1326/1298 1255/1329/1300
f 323/1324/1296 1255/1329/1300 985/1325/1297
f 598/1405/1366 327/1394/1357 990/1395/1358
f 598/1405/1366 990/1395/1358 1257/1406/1302
f 981/1407/1367 1250/955/949 1180/954/948
f 982/1408/1368 1181/723/720 1296/722/719
f 982/1408/1368 1296/722/719 1321/721/718
f 319/1409/1369 982/1408/1368 1321/721/718
f 319/1409/1369 1321/721/718 1168/1410/1370
f 780/1411/1371 1168/1410/1370 1321/721/718
f 780/1411/1371 1321/721/718 1179/720/717
f 442/1403/1364 440/1412/1372 1469/1404/1365
f 1325/561/563 1334/564/566 1336/1413/1373
f 1325/561/563 1336/1413/1373 1329/1414/1374
f 1329/1414/1374 1336/1413/1373 1332/1356/1324
f 1329/1414/1374 1332/1356/1324 1327/1355/1323
f 1036/1415/1375 1373/1416/1376 1271/1417/1377
f 1036/1415/1375 1271/1417/1377 977/1418/1025
f 1352/1419/643 1311/1420/642 1349/1421/1378
f 93/74/72 1343/66/64 87/68/66
f 93/74/72 87/68/66 97/75/73
f 764/789/786 1349/1421/1378 1311/1420/642
f 764/789/786 1311/1420/642 865/786/783
f 1338/1422/1379 1348/1423/1380 1344/218/216
f 1338/1422/1379 1344/218/216 1340/217/215
f 1350/1424/1381 1358/1425/1382 1355/112/110
f 1350/1424/1381 1355/112/110 1354/115/113
f 1347/1426/1383 1337/1427/1384 479/1/1
f 1347/1426/1383 479/1/1 482/4/4
f 1345/1428/1385 481/120/118 504/121/121
f 1345/1428/1385 504/121/121 86/1429/92
f 1139/689/686 1357/1430/1386 755/1431/1387
f 1139/689/686 755/1431/1387 1163/690/687
f 1339/78/76 1342/1432/1388 665/79/77
f 1361/1354/1322 1368/1357/1325 1366/1352/1320
f 1361/1354/1322 1366/1352/1320 1363/1351/1319
f 1370/499/500 1372/503/504 614/496/497
f 1373/1416/1376 1375/1025/1027 1271/1417/1377
f 1369/1350/1318 1376/1353/1321 1374/1433/1389
f 1369/1350/1318 1374/1433/1389 1371/1434/1390
f 385/1435/1316 1371/1434/1390 1374/1433/1389
f 385/1435/1316 1374/1433/1389 1039/1436/1317
f 1398/328/322 1378/583/584 1380/532/534
f 1398/328/322 1380/532/534 1397/535/537
s 0
f 1392/550/373 1386/549/373 1388/381/373
f 1392/550/372 1388/381/372 1390/384/372
s 1
f 1377/52/51 1387/55/54 1385/588/589
f 1377/52/51 1385/588/589 1379/587/588
f 1394/287/285 1395/286/284 1396/293/291
f 1394/287/285 1396/293/291 1393/292/290
f 1384/335/326 1396/293/291 1395/286/284
f 1384/335/326 1395/286/284 1382/1315/1287
f 1393/292/290 1398/328/322 1397/535/537
f 1393/292/290 1397/535/537 1394/287/285
f 1422/879/871 1399/878/870 1401/1105/1107
f 1422/879/871 1401/1105/1107 1421/1091/1094
s 0
f 1413/1110/1391 1407/1109/1391 1409/1072/1392
f 1413/1110/1393 1409/1072/1393 1411/1071/1393
s 1
f 1400/1114/1117 1410/1113/1116 1408/919/908
f 1400/1114/1117 1408/919/908 1402/918/907
f 1417/882/874 1419/885/877 1420/848/843
f 1417/882/874 1420/848/843 1415/847/842
f 1406/1067/1069 1420/848/843 1419/885/877
f 1406/1067/1069 1419/885/877 1404/891/880
f 1416/1065/842 1422/879/871 1421/1091/1094
f 1416/1065/842 1421/1091/1094 1418/1090/1093
f 1381/544/548 1405/547/551 1403/1388/1352
f 1381/544/548 1403/1388/1352 1383/1387/1351
f 1389/1277/319 1414/1280/319 1412/321/317
f 1389/1277/319 1412/321/317 1391/320/316
f 671/568/569 1443/1381/1345 1435/569/570
f 671/568/569 1435/569/570 626/329/323
f 1436/295/293 1441/294/292 1442/570/571
f 1436/295/293 1442/570/571 1435/569/570
f 1441/294/292 1438/336/327 1440/586/587
f 1441/294/292 1440/586/587 1442/570/571
f 1426/1437/372 1428/1438/372 1430/383/372
s 0
f 1426/1437/372 1430/383/372 1424/382/372
s 1
f 1444/327/321 1436/295/293 1435/569/570
f 1444/327/321 1435/569/570 1443/1381/1345
f 1423/54/53 1431/53/52 1433/305/303
f 1423/54/53 1433/305/303 1425/304/302
f 1432/582/583 1444/327/321 1443/1381/1345
f 1432/582/583 1443/1381/1345 1434/1380/1344
f 1459/1064/546 1465/874/866 1466/884/876
f 1459/1064/546 1466/884/876 1457/883/875
f 1465/874/866 1462/877/869 1464/890/879
f 1465/874/866 1464/890/879 1466/884/876
f 1447/1112/1394 1449/1111/1395 1451/1314/1286
f 1447/1112/1394 1451/1314/1286 1445/1313/1285
f 1468/543/547 1460/542/546 1458/1089/1092
f 1468/543/547 1458/1089/1092 1467/1088/1091
f 1446/858/853 1454/859/854 1456/921/910
f 1446/858/853 1456/921/910 1448/920/909
f 1453/629/629 1468/543/547 1467/1088/1091
f 1453/629/629 1467/1088/1091 1455/1104/1106
s 0
f 1427/323/319 1452/326/319 1450/1279/319
s 1
f 1427/323/319 1450/1279/319 1429/1278/319
f 1437/1386/1350 1463/1389/1353 1461/1384/1348
f 1437/1386/1350 1461/1384/1348 1439/1383/1347
s 0
f 1426/1437/372 476/529/372 572/531/372
f 1426/1437/372 572/531/372 1428/1438/372
s 1
f 1035/935/927 1499/1439/1396 1495/1096/1100
f 1035/935/927 1495/1096/1100 1071/936/928
f 760/1402/1363 1469/1404/1365 660/1440/1397
f 760/1402/1363 660/1440/1397 92/1441/1398
f 1477/1442/1399 641/1398/1359 383/1401/1362
f 1477/1442/1399 383/1401/1362 1473/1443/1400
f 1477/1442/1399 1326/1444/1401 1330/1445/1402
f 1477/1442/1399 1330/1445/1402 641/1398/1359
f 1469/1404/1365 1477/1442/1399 1473/1443/1400
f 1469/1404/1365 1473/1443/1400 660/1440/1397
f 382/405/395 419/269/266 1471/268/265
f 382/405/395 1471/268/265 1472/573/574
f 583/345/336 640/343/334 588/351/342
f 583/345/336 588/351/342 279/380/371
f 420/364/355 416/449/448 351/1446/1403
f 420/364/355 351/1446/1403 340/1447/1404
f 1469/1404/1365 440/1412/1372 1326/1444/1401
f 1469/1404/1365 1326/1444/1401 1477/1442/1399
f 1478/1399/1360 1479/505/506 595/506/507
f 1478/1399/1360 595/506/507 313/1400/1361
f 1328/1448/1405 1362/1449/1406 1479/505/506
f 1328/1448/1405 1479/505/506 1478/1399/1360
f 1330/1445/1402 1328/1448/1405 1478/1399/1360
f 1330/1445/1402 1478/1399/1360 641/1398/1359
f 1362/1449/1406 1364/498/499 393/497/498
f 1362/1449/1406 393/497/498 1479/505/506
f 1044/1027/1029 1365/1026/1028 1367/1450/1407
f 1044/1027/1029 1367/1450/1407 1252/1451/1408
f 1271/1417/1377 1375/1025/1027 1044/1027/1029
f 930/909/898 1324/843/838 750/845/840
f 930/909/898 750/845/840 1480/1075/1077
f 1367/1450/1407 1331/1081/1085 974/1083/1087
f 1367/1450/1407 974/1083/1087 1252/1451/1408
f 914/881/873 1319/880/872 1317/1108/1110
f 914/881/873 1317/1108/1110 748/1452/1409
f 1318/1076/1078 1480/1075/1077 750/845/840
f 38/42/42 39/41/41 5/1453/1410
f 38/42/42 5/1453/1410 3/1454/1410
f 57/39/39 59/44/44 62/43/43
f 57/39/39 62/43/43 64/40/40
f 457/25/25 459/27/27 466/30/30
f 457/25/25 466/30/30 468/26/26
f 651/370/361 1487/448/447 1482/362/353
f 651/370/361 1482/362/353 653/357/348
f 30/1455/1411 426/1456/1412 357/1457/407
f 30/1455/1411 357/1457/407 27/1458/1413
f 1471/268/265 1481/267/264 661/431/425
f 1471/268/265 661/431/425 650/409/399
f 26/373/364 25/350/341 281/349/340
f 26/373/364 281/349/340 292/374/365
f 582/378/369 583/345/336 279/380/371
f 582/378/369 279/380/371 1474/354/345
f 661/431/425 1492/1459/1414 1494/379/370
f 661/431/425 1494/379/370 589/356/347
f 1481/267/264 1490/428/422 1492/1459/1414
f 1481/267/264 1492/1459/1414 661/431/425
f 1470/1319/1291 1485/1318/1290 426/1456/1412
f 1470/1319/1291 426/1456/1412 30/1455/1411
f 424/365/356 420/364/355 340/1447/1404
f 424/365/356 340/1447/1404 336/398/1415
f 1504/1460/1416 1502/1461/1417 948/917/906
f 1504/1460/1416 948/917/906 950/914/903
f 1511/1462/1418 1504/1460/1416 1506/1463/1419
f 1511/1462/1418 1506/1463/1419 1513/1464/1420
f 1511/1462/1418 1513/1464/1420 1520/1465/1421
f 1511/1462/1418 1520/1465/1421 1518/1466/1422
f 1520/1465/1421 1066/469/923 1076/932/922
f 1520/1465/1421 1076/932/922 1518/1466/1422
f 1509/1467/1423 1502/1461/1417 1504/1460/1416
f 1509/1467/1423 1504/1460/1416 1511/1462/1418
f 1514/1468/1424 1507/1469/1425 1496/1470/1426
f 1514/1468/1424 1496/1470/1426 1497/1471/1427
f 1530/1472/1428 1247/908/897 1246/903/892
f 1530/1472/1428 1246/903/892 946/902/891
f 1498/1473/1429 1034/1082/1086 1331/1081/1085
f 1498/1473/1429 1331/1081/1085 1335/1474/1430
f 1518/1466/1422 1076/932/922 1078/975/971
f 1518/1466/1422 1078/975/971 1523/1475/1431
f 1506/1463/1419 1504/1460/1416 950/914/903
f 1506/1463/1419 950/914/903 953/912/901
f 1514/1468/1424 1497/1471/1427 1516/1476/1432
f 1514/1468/1424 1516/1476/1432 1521/1477/1433
f 1509/1467/1423 1511/1462/1418 1518/1466/1422
f 1509/1467/1423 1518/1466/1422 1523/1475/1431
f 1496/1470/1426 1507/1469/1425 955/904/893
f 1496/1470/1426 955/904/893 696/907/896
f 1310/961/955 1247/908/897 1530/1472/1428
f 1310/961/955 1530/1472/1428 1528/1478/1434
f 1071/936/928 1495/1096/1100 1517/1062/1066
f 1071/936/928 1517/1062/1066 1291/1059/1063
f 1516/1476/1432 699/1095/1099 1073/1094/1098
f 1516/1476/1432 1073/1094/1098 1521/1477/1433
f 1526/1063/1067 1517/1062/1066 1310/961/955
f 1526/1063/1067 1310/961/955 1528/1478/1434
f 1500/939/931 1498/1473/1429 1335/1474/1430
f 1500/939/931 1335/1474/1430 1333/940/932
f 1499/1439/1396 1501/1479/1435 1309/960/954
f 1499/1439/1396 1309/960/954 1495/1096/1100
f 1501/1479/1435 1324/843/838 930/909/898
f 1501/1479/1435 930/909/898 1309/960/954
f 1567/1480/1436 415/1481/1437 1077/1482/1438
f 1567/1480/1436 1077/1482/1438 1579/1483/1439
f 1489/1484/1440 411/1485/1441 1067/1486/1441
f 1489/1484/1440 1067/1486/1441 1525/1487/1442
f 1491/1488/1443 1489/1484/1440 1525/1487/1442
f 1491/1488/1443 1525/1487/1442 1527/1489/1444
f 1493/1490/1445 1491/1488/1443 1527/1489/1444
f 1493/1490/1445 1527/1489/1444 1529/1491/1446
f 1493/1490/1445 1529/1491/1446 944/1492/1447
f 1493/1490/1445 944/1492/1447 278/1493/1447
s 0
f 1475/1494/1448 280/1495/1448 945/1496/1448
f 1475/1494/1448 945/1496/1448 947/1497/1448
s 1
f 288/1498/1449 1476/1499/1450 949/1500/1450
f 288/1498/1449 949/1500/1450 1503/1501/1451
f 288/1498/1449 1503/1501/1451 1510/1502/1452
f 288/1498/1449 1510/1502/1452 652/1503/1453
f 652/1503/1453 1510/1502/1452 1524/1504/1454
f 652/1503/1453 1524/1504/1454 1488/1505/1455
f 418/1481/1456 1488/1505/1455 1524/1504/1454
f 418/1481/1456 1524/1504/1454 1080/1482/1456
f 1541/1506/1457 425/1507/1458 1072/1508/1459
f 1541/1506/1457 1072/1508/1459 1553/1509/1460
f 1483/1510/1461 421/1511/1462 1063/1512/1462
f 1483/1510/1461 1063/1512/1462 1519/1513/1463
f 654/1514/1464 1483/1510/1461 1519/1513/1463
f 654/1514/1464 1519/1513/1463 1512/1515/1465
f 290/1516/1466 654/1514/1464 1512/1515/1465
f 290/1516/1466 1512/1515/1465 1505/1517/1467
f 290/1516/1466 1505/1517/1467 951/1518/1468
f 290/1516/1466 951/1518/1468 284/1519/1468
s 0
f 282/1520/1469 286/1519/1469 952/1518/1469
f 282/1520/1469 952/1518/1469 954/1521/1469
s 1
f 293/1522/1470 283/1523/1471 956/1524/1471
f 293/1522/1470 956/1524/1471 1508/1525/1472
f 293/1522/1470 1508/1525/1472 1515/1526/1473
f 293/1522/1470 1515/1526/1473 657/1527/1474
f 657/1527/1474 1515/1526/1473 1522/1528/1475
f 657/1527/1474 1522/1528/1475 1486/1529/1476
f 428/1507/1477 1486/1529/1476 1522/1528/1475
f 428/1507/1477 1522/1528/1475 1075/1508/1477
f 423/1530/1478 1544/1531/1479 1555/1532/1480
f 423/1530/1478 1555/1532/1480 1065/1533/1478
f 1544/1531/1479 1541/1506/1457 1553/1509/1460
f 1544/1531/1479 1553/1509/1460 1555/1532/1480
f 224/1534/1481 1533/1535/1482 1547/1536/1483
f 224/1534/1481 1547/1536/1483 889/1537/1481
f 1533/1535/1482 1532/996/1001 1546/999/1003
f 1533/1535/1482 1546/999/1003 1547/1536/1483
f 1644/986/1484 890/782/1485 1548/1538/1486
f 1644/986/1484 1548/1538/1486 1665/1539/1487
f 1557/450/450 1559/1540/1488 1670/1541/1489
f 1557/450/450 1670/1541/1489 1671/451/451
f 1014/947/1490 1551/1542/1491 1550/1543/1492
f 1014/947/1490 1550/1543/1492 1012/948/1493
f 1551/1542/1491 1552/925/914 1549/467/470
f 1551/1542/1491 1549/467/470 1550/1543/1492
f 1658/1544/1494 1057/1046/1046 1016/972/1045
f 1658/1544/1494 1016/972/1045 1652/971/1495
f 1666/1545/1496 1667/922/911 1552/925/914
f 1666/1545/1496 1552/925/914 1551/1542/1491
f 1012/948/1493 1550/1543/1492 1554/1546/1497
f 1012/948/1493 1554/1546/1497 1074/1094/1498
f 1550/1543/1492 1549/467/470 1556/470/473
f 1550/1543/1492 1556/470/473 1554/1546/1497
f 1534/950/942 225/216/1499 1607/455/1500
f 1534/950/942 1607/455/1500 1662/951/943
f 1665/1539/1487 1548/1538/1486 1545/839/833
f 1665/1539/1487 1545/839/833 1668/838/832
f 335/442/388 338/386/375 1540/385/374
f 335/442/388 1540/385/374 1536/1547/1501
f 1536/1547/1501 1540/385/374 1539/402/392
f 1536/1547/1501 1539/402/392 1538/415/405
f 427/1456/1502 1542/1548/1503 1537/1549/405
f 427/1456/1502 1537/1549/405 359/1457/406
f 1542/1548/1503 1543/397/386 1535/399/389
f 1542/1548/1503 1535/399/389 1537/1549/405
f 1589/254/251 1588/387/1504 339/386/439
f 1589/254/251 339/386/439 342/255/252
f 1539/402/392 1540/385/374 1664/388/377
f 1539/402/392 1664/388/377 1661/403/393
f 413/1550/1505 1570/1551/1506 1581/1552/1507
f 413/1550/1505 1581/1552/1507 1068/1553/1508
f 1570/1551/1506 1567/1480/1436 1579/1483/1439
f 1570/1551/1506 1579/1483/1439 1581/1552/1507
f 221/1554/1509 1560/1555/1510 1573/1556/1511
f 221/1554/1509 1573/1556/1511 885/1557/1509
f 1560/1555/1510 1558/1006/1009 1572/1009/1011
f 1560/1555/1510 1572/1009/1011 1573/1556/1511
f 1640/977/1512 886/778/1513 1574/1558/1514
f 1640/977/1512 1574/1558/1514 1673/1559/1515
f 1001/841/836 1069/1060/1516 1582/1560/1517
f 1001/841/836 1582/1560/1517 1575/842/837
f 1575/842/837 1582/1560/1517 1580/981/980
f 1575/842/837 1580/981/980 1576/980/979
f 1646/1365/1518 1666/1545/1496 1551/1542/1491
f 1646/1365/1518 1551/1542/1491 1014/947/1490
f 1674/943/935 1675/830/825 1578/833/828
f 1674/943/935 1578/833/828 1577/944/936
f 1010/945/937 1577/944/936 1576/980/979
f 1010/945/937 1576/980/979 1008/976/982
f 1577/944/936 1578/833/828 1575/842/837
f 1577/944/936 1575/842/837 1576/980/979
f 353/1446/277 417/449/1519 1568/1561/1520
f 353/1446/277 1568/1561/1520 1563/1562/1521
f 1563/1562/1521 1568/1561/1520 1569/538/540
f 1563/1562/1521 1569/538/540 1561/537/539
f 1559/1540/1488 220/212/1522 1603/446/1523
f 1559/1540/1488 1603/446/1523 1670/1541/1489
f 1673/1559/1515 1574/1558/1514 1571/979/976
f 1673/1559/1515 1571/979/976 1676/978/975
f 1620/522/524 1594/282/1524 348/281/518
f 1620/522/524 348/281/518 601/457/460
f 1565/278/275 1566/280/278 1672/283/281
f 1565/278/275 1672/283/281 1669/410/400
f 344/518/1525 347/281/279 1566/280/278
f 344/518/1525 1566/280/278 1562/1563/1526
f 1562/1563/1526 1566/280/278 1565/278/275
f 1562/1563/1526 1565/278/275 1564/277/274
f 1588/387/1504 1589/254/251 1590/276/273
f 1588/387/1504 1590/276/273 1586/275/272
f 1594/282/1524 1620/522/524 1621/265/262
f 1594/282/1524 1621/265/262 1592/447/446
f 1620/522/524 1595/521/523 1597/266/263
f 1620/522/524 1597/266/263 1621/265/262
f 1589/254/251 1600/257/254 1602/446/444
f 1589/254/251 1602/446/444 1590/276/273
f 1672/283/281 1593/282/280 1591/447/452
f 1672/283/281 1591/447/452 1671/451/451
f 1664/388/377 1587/387/376 1585/275/456
f 1664/388/377 1585/275/456 1663/453/455
f 1583/1564/1527 1604/404/1528 1606/455/458
f 1583/1564/1527 1606/455/458 1584/454/457
f 1596/440/435 1609/392/438 1612/1565/463
f 1596/440/435 1612/1565/463 1598/1566/462
f 1618/1567/434 1610/1565/433 1608/392/381
f 1618/1567/434 1608/392/381 1615/391/380
f 1627/840/917 1628/928/918 1629/984/987
f 1627/840/917 1629/984/987 1625/923/988
f 1633/934/926 1659/829/824 1660/982/983
f 1633/934/926 1660/982/983 1631/831/986
f 1659/829/824 1636/828/823 1638/1048/1049
f 1659/829/824 1638/1048/1049 1660/982/983
f 1628/928/918 1639/977/973 1641/942/1097
f 1628/928/918 1641/942/1097 1629/984/987
f 1676/978/975 1632/934/978 1630/831/826
f 1676/978/975 1630/831/826 1675/830/825
f 1668/838/832 1626/840/835 1624/923/912
f 1668/838/832 1624/923/912 1667/922/911
f 1622/985/989 1643/986/990 1645/1365/1331
f 1622/985/989 1645/1365/1331 1623/1364/1330
f 1634/1568/994 1647/1569/1529 1651/971/966
f 1634/1568/994 1651/971/966 1637/970/965
f 1658/1544/1494 1652/971/1495 1649/1569/1530
f 1658/1544/1494 1649/1569/1530 1655/1570/963
f 1614/419/411 1657/422/414 1654/1571/1531
f 1614/419/411 1654/1571/1531 1617/1572/1328
f 1605/404/394 1661/403/393 1662/951/943
f 1605/404/394 1662/951/943 1607/455/1500
f 1661/403/393 1664/388/377 1663/453/455
f 1661/403/393 1663/453/455 1662/951/943
f 1644/986/1484 1665/1539/1487 1666/1545/1496
f 1644/986/1484 1666/1545/1496 1646/1365/1518
f 1665/1539/1487 1668/838/832 1667/922/911
f 1665/1539/1487 1667/922/911 1666/1545/1496
f 1601/257/401 1669/410/400 1670/1541/1489
f 1601/257/401 1670/1541/1489 1603/446/1523
f 1669/410/400 1672/283/281 1671/451/451
f 1669/410/400 1671/451/451 1670/1541/1489
f 1640/977/1512 1673/1559/1515 1674/943/935
f 1640/977/1512 1674/943/935 1642/942/934
f 1673/1559/1515 1676/978/975 1675/830/825
f 1673/1559/1515 1675/830/825 1674/943/935
f 29/417/409 361/401/408 1604/404/1528
f 29/417/409 1604/404/1528 1583/1564/1527
f 927/868/861 930/909/898 1480/1075/1077
f 2120/1573/1532 2121/1574/1533 1683/1575/1534
f 2120/1573/1532 1683/1575/1534 1682/1576/1535
f 1683/1575/1534 2085/1577/1536 2084/1578/1537
f 1683/1575/1534 2084/1578/1537 1682/1576/1535
f 2084/1578/1537 2085/1577/1536 1687/1579/1538
f 2084/1578/1537 1687/1579/1538 1686/1580/1539
f 1687/1579/1538 2087/1581/1540 2090/1582/1541
f 1687/1579/1538 2090/1582/1541 1686/1580/1539
f 2090/1582/1541 2087/1581/1540 1711/1583/1542
f 2090/1582/1541 1711/1583/1542 1690/1584/1543
f 1690/1584/1543 1711/1583/1542 2113/1585/1544
f 1690/1584/1543 2113/1585/1544 2092/1586/1545
f 2092/1586/1545 2113/1585/1544 1709/1587/1546
f 2092/1586/1545 1709/1587/1546 1692/1588/1547
f 1692/1588/1547 1709/1587/1546 2111/1589/1548
f 1692/1588/1547 2111/1589/1548 2094/1590/1549
f 2094/1590/1549 2111/1589/1548 1707/1591/1550
f 2094/1590/1549 1707/1591/1550 1694/1592/1551
f 1694/1592/1551 1707/1591/1550 2109/1593/1552
f 1694/1592/1551 2109/1593/1552 2096/1594/1553
f 2096/1594/1553 2109/1593/1552 1705/1595/1554
f 2096/1594/1553 1705/1595/1554 1696/1596/1555
f 1696/1596/1555 1705/1595/1554 2107/1597/1556
f 1696/1596/1555 2107/1597/1556 2098/1598/1557
f 2100/1599/1558 2105/1600/1559 2103/1601/1560
f 2100/1599/1558 2103/1601/1560 2147/1602/1561
f 2104/1603/1562 2106/1604/1563 2134/1605/1564
f 2104/1603/1562 2134/1605/1564 2132/1606/1565
f 1763/1607/1566 2148/1608/1567 2102/1609/1568
f 1763/1607/1566 2102/1609/1568 1762/1610/1569
f 2102/1609/1568 2148/1608/1567 1703/1611/1570
f 2102/1609/1568 1703/1611/1570 1698/1612/1571
f 1680/1613/1572 1700/1614/1573 1701/1615/1574
f 1680/1613/1572 1701/1615/1574 1677/1616/1575
f 1678/1617/1576 1702/1618/1577 1748/1619/1578
f 1678/1617/1576 1748/1619/1578 1741/1620/1579
f 1678/1617/1576 1775/1621/1580 9/1622/49
f 1678/1617/1576 9/1622/49 1/1623/49
f 2981/1624/1581 2991/1625/1582 3027/1626/1583
f 2981/1624/1581 3027/1626/1583 3035/1627/1584
f 2263/1628/1585 2116/1629/1586 1716/1630/1587
f 2263/1628/1585 1716/1630/1587 1719/1631/1587
f 1736/1632/1588 2118/1633/1589 2123/1634/1590
f 1736/1632/1588 2123/1634/1590 1733/1635/1591
f 2123/1634/1590 2118/1633/1589 1725/1636/1592
f 2123/1634/1590 1725/1636/1592 1721/1637/1593
f 2947/1638/1594 1728/1639/1595 2951/1640/1596
f 1710/1641/1597 1758/1642/1598 2141/1643/1599
f 1710/1641/1597 2141/1643/1599 2112/1644/1600
f 2124/1645/1601 2126/1646/1602 1738/1647/1603
f 2124/1645/1601 1738/1647/1603 1734/1648/1604
f 2119/1649/1605 2206/1650/1606 2300/1651/1607
f 2119/1649/1605 2300/1651/1607 2940/1652/1608
f 1689/1653/1609 1827/1654/1610 2191/1655/1611
f 1689/1653/1609 2191/1655/1611 2089/1656/1612
f 1702/1618/1577 1704/1657/1613 1771/1658/1614
f 1702/1618/1577 1771/1658/1614 1748/1619/1578
f 2159/1659/1615 31/90/88 11/89/87
f 2159/1659/1615 11/89/87 1774/1660/1616
f 1684/1661/1617 1744/1662/1618 2128/1663/1619
f 1684/1661/1617 2128/1663/1619 2086/1664/1620
f 2112/1644/1600 2141/1643/1599 1756/1665/1621
f 2112/1644/1600 1756/1665/1621 1708/1666/1622
f 2099/1667/1623 2202/1668/1624 2199/1669/1625
f 2099/1667/1623 2199/1669/1625 2097/1670/1626
f 2086/1664/1620 2128/1663/1619 1746/1671/1627
f 2086/1664/1620 1746/1671/1627 1688/1672/1628
f 1712/1673/1629 1760/1674/1630 2143/1675/1631
f 1712/1673/1629 2143/1675/1631 2114/1676/1632
f 2108/1677/1633 2136/1678/1634 2134/1605/1564
f 2108/1677/1633 2134/1605/1564 2106/1604/1563
f 1771/1658/1614 1704/1657/1613 1751/1679/1635
f 1706/1680/1636 1754/1681/1637 2136/1678/1634
f 1706/1680/1636 2136/1678/1634 2108/1677/1633
f 2114/1676/1632 2143/1675/1631 1758/1642/1598
f 2114/1676/1632 1758/1642/1598 1710/1641/1597
f 2960/1682/1638 2955/1683/1639 2741/1684/1640
f 2960/1682/1638 2741/1684/1640 2744/1685/1641
f 2155/1686/1642 2153/1687/1643 1740/1688/1644
f 2155/1686/1642 1740/1688/1644 1747/1689/1645
f 2122/1690/1646 2145/1691/1647 1744/1662/1648
s 0
f 2122/1690/1649 1744/1662/1649 1684/1661/1649
s 1
f 1746/1671/1627 2130/1692/1650 2088/1693/1651
f 1746/1671/1627 2088/1693/1651 1688/1672/1628
f 1756/1665/1621 2138/1694/1652 2110/1695/1653
f 1756/1665/1621 2110/1695/1653 1708/1666/1622
f 2088/1693/1651 2130/1692/1650 1760/1674/1630
f 2088/1693/1651 1760/1674/1630 1712/1673/1629
f 2110/1695/1653 2138/1694/1652 1754/1681/1637
f 2110/1695/1653 1754/1681/1637 1706/1680/1636
f 1764/1696/1654 1768/1697/1655 2151/1698/1656
f 1764/1696/1654 2151/1698/1656 2149/1699/1657
f 2104/1603/1562 2132/1606/1565 1768/1697/1655
f 2104/1603/1562 1768/1697/1655 1764/1696/1654
f 2146/1700/1658 2208/1701/1659 2202/1668/1624
f 2146/1700/1658 2202/1668/1624 2099/1667/1623
f 2149/1699/1657 2151/1698/1656 1751/1679/1635
f 2149/1699/1657 1751/1679/1635 1704/1657/1613
f 2147/1602/1561 2103/1601/1560 1763/1607/1566
f 2147/1602/1561 1763/1607/1566 1762/1610/1569
f 1885/1702/1660 2076/1703/1661 2074/1704/1661
f 1885/1702/1660 2074/1704/1661 1876/1705/1662
f 1741/1620/1579 1775/1621/1580 1678/1617/1576
f 2153/1687/1643 2155/1686/1642 1779/1706/1663
f 2153/1687/1643 1779/1706/1663 1777/1707/1664
f 2157/1708/1665 2155/1686/1642 1747/1689/1645
f 2157/1708/1665 1747/1689/1645 1770/1709/1666
f 2155/1686/1642 2157/1708/1665 1785/1710/1667
f 2155/1686/1642 1785/1710/1667 1779/1706/1663
f 2170/1711/1668 1801/1712/1669 1799/1713/1670
f 2170/1711/1668 1799/1713/1670 2177/1714/1671
f 31/90/88 2159/1659/1615 1787/1715/1672
f 31/90/88 1787/1715/1672 12/145/144
f 2186/1716/1673 1798/1717/1674 13/149/148
f 2186/1716/1673 13/149/148 33/148/147
f 1750/1718/1675 2150/1719/1676 2274/1720/1677
f 1750/1718/1675 2274/1720/1677 2160/1721/1678
f 2150/1719/1676 1766/1722/1679 2163/1723/1680
f 2150/1719/1676 2163/1723/1680 2274/1720/1677
f 2274/1720/1677 2163/1723/1680 1783/1724/1681
f 2274/1720/1677 1783/1724/1681 2152/1725/1682
f 2160/1721/1678 2274/1720/1677 2152/1725/1682
f 2160/1721/1678 2152/1725/1682 1780/1726/1683
f 2172/1727/1684 1807/1728/1685 1801/1712/1669
f 2172/1727/1684 1801/1712/1669 2170/1711/1668
f 1788/1729/1686 1790/1730/1687 2170/1711/1668
f 1788/1729/1686 2170/1711/1668 2177/1714/1671
f 2174/1731/1688 1809/1732/1689 14/166/165
f 2174/1731/1688 14/166/165 32/165/164
f 1787/1715/1672 2186/1716/1673 33/148/147
f 1787/1715/1672 33/148/147 12/145/144
f 1783/1724/1681 2166/1733/1690 2275/1734/1691
f 1783/1724/1681 2275/1734/1691 2152/1725/1682
f 1794/1735/1692 2164/1736/1693 2275/1734/1691
f 1794/1735/1692 2275/1734/1691 2166/1733/1690
f 1791/1737/1694 2187/1738/1695 2275/1734/1691
f 1791/1737/1694 2275/1734/1691 2164/1736/1693
f 1780/1726/1683 2152/1725/1682 2275/1734/1691
f 1780/1726/1683 2275/1734/1691 2187/1738/1695
f 1805/1739/1696 2169/1740/1697 2276/1741/1698
f 1805/1739/1696 2276/1741/1698 2168/1742/1699
f 1802/1743/1700 2175/1744/1701 2276/1741/1698
f 1802/1743/1700 2276/1741/1698 2169/1740/1697
f 1791/1737/1694 2164/1736/1693 2276/1741/1698
f 1791/1737/1694 2276/1741/1698 2175/1744/1701
f 1794/1735/1692 2168/1742/1699 2276/1741/1698
f 1794/1735/1692 2276/1741/1698 2164/1736/1693
f 1807/1728/1685 1818/1745/1702 1812/1746/1703
f 1807/1728/1685 1812/1746/1703 1801/1712/1669
f 1790/1730/1687 1796/1747/1704 2172/1727/1684
f 1790/1730/1687 2172/1727/1684 2170/1711/1668
f 1809/1732/1689 1820/1748/1705 15/183/182
f 1809/1732/1689 15/183/182 14/166/165
f 1798/1717/1674 2174/1731/1688 32/165/164
f 1798/1717/1674 32/165/164 13/149/148
f 1805/1739/1696 1816/1749/1706 2179/1750/1707
f 1805/1739/1696 2179/1750/1707 2169/1740/1697
f 1799/1713/1670 1801/1712/1669 1812/1746/1703
f 1799/1713/1670 1812/1746/1703 1810/1751/1708
f 7/1752/187 18/1753/187 1821/1754/1709
f 7/1752/187 1821/1754/1709 1679/1755/1710
f 2182/1756/1711 1796/1747/1704 1790/1730/1687
f 2182/1756/1711 1790/1730/1687 2180/1757/1712
f 2169/1740/1697 2179/1750/1707 1813/1758/1713
f 2169/1740/1697 1813/1758/1713 1802/1743/1700
f 1967/1759/1714 1970/1760/1715 1815/1761/1716
f 1967/1759/1714 1815/1761/1716 1804/1762/1717
f 1697/1763/1718 1699/1764/1719 1837/1765/1720
f 1697/1763/1718 1837/1765/1720 1835/1766/1721
f 1779/1706/1663 1785/1710/1667 2182/1756/1711
f 1779/1706/1663 2182/1756/1711 2180/1757/1712
f 1679/1755/1710 1821/1754/1709 1837/1765/1720
f 1679/1755/1710 1837/1765/1720 1699/1764/1719
f 2097/1670/1626 2199/1669/1625 1833/1767/1722
f 2097/1670/1626 1833/1767/1722 1695/1768/1723
f 1761/1769/1724 1841/1770/1725 2208/1701/1659
f 1761/1769/1724 2208/1701/1659 2146/1700/1658
f 2727/1771/1726 2729/1772/1727 2718/1773/1728
f 2727/1771/1726 2718/1773/1728 2720/1774/1729
f 1818/1745/1702 1861/1775/1730 1851/1776/1731
f 1818/1745/1702 1851/1776/1731 1812/1746/1703
f 1835/1766/1721 2204/1777/1732 2101/1778/1733
f 1835/1766/1721 2101/1778/1733 1697/1763/1718
f 1820/1748/1705 1865/1779/1734 20/215/213
f 1820/1748/1705 20/215/213 15/183/182
f 2101/1778/1733 2204/1777/1732 1841/1770/1725
f 2101/1778/1733 1841/1770/1725 1761/1769/1724
f 2945/1780/1735 1736/1632/1588 1733/1635/1591
f 2945/1780/1735 1733/1635/1591 2946/1781/1736
f 1839/1782/1737 2212/1783/1738 2117/1784/1739
f 1839/1782/1737 2117/1784/1739 1735/1785/1740
f 1691/1786/1741 1829/1787/1742 2193/1788/1743
f 1691/1786/1741 2193/1788/1743 2091/1789/1744
f 2089/1656/1612 2191/1655/1611 1825/1790/1745
f 2089/1656/1612 1825/1790/1745 1685/1791/1746
f 1693/1792/1747 1831/1793/1748 2195/1794/1749
f 1693/1792/1747 2195/1794/1749 2093/1795/1750
f 2091/1789/1744 2193/1788/1743 1827/1654/1610
f 2091/1789/1744 1827/1654/1610 1689/1653/1609
f 1681/1796/1751 1823/1797/1752 2206/1650/1606
f 1681/1796/1751 2206/1650/1606 2119/1649/1605
f 2093/1795/1750 2195/1794/1749 1829/1787/1742
f 2093/1795/1750 1829/1787/1742 1691/1786/1741
f 1833/1767/1722 2197/1798/1753 2095/1799/1754
f 1833/1767/1722 2095/1799/1754 1695/1768/1723
f 2944/1800/1755 2301/1801/1607 1839/1782/1737
f 2944/1800/1755 1839/1782/1737 1735/1785/1740
f 1825/1790/1745 2189/1802/1756 2083/1803/1757
f 1825/1790/1745 2083/1803/1757 1685/1791/1746
f 2095/1799/1754 2197/1798/1753 1831/1793/1748
f 2095/1799/1754 1831/1793/1748 1693/1792/1747
f 2083/1803/1757 2189/1802/1756 1823/1797/1752
f 2083/1803/1757 1823/1797/1752 1681/1796/1751
f 2070/1804/1758 1901/1805/1759 2217/1806/1760
f 2070/1804/1758 2217/1806/1760 2272/1807/1761
f 2117/1784/1739 2212/1783/1738 1845/1808/1762
f 2117/1784/1739 1845/1808/1762 1724/1809/1763
f 2280/1810/1764 35/250/247 24/249/246
f 2280/1810/1764 24/249/246 1935/1811/1765
f 1810/1751/1708 1812/1746/1703 1851/1776/1731
f 1810/1751/1708 1851/1776/1731 1848/1812/1766
f 1816/1749/1706 1857/1813/1767 2214/1814/1768
f 1816/1749/1706 2214/1814/1768 2179/1750/1707
f 3186/1815/1769 3198/1816/1770 1996/1817/1771
f 3186/1815/1769 1996/1817/1771 1982/1818/1772
f 2179/1750/1707 2214/1814/1768 1853/1819/1773
f 2179/1750/1707 1853/1819/1773 1813/1758/1713
f 1970/1760/1715 1972/1820/1774 1856/1821/1775
f 1970/1760/1715 1856/1821/1775 1815/1761/1716
f 2286/1822/1776 2287/1823/1777 1937/1824/1778
f 2286/1822/1776 1937/1824/1778 1939/1825/1779
f 1857/1813/1767 3196/1826/1780 3218/1827/1781
f 1857/1813/1767 3218/1827/1781 2214/1814/1768
f 3083/1828/1782 2270/1829/1783 2059/1830/1784
f 3083/1828/1782 2059/1830/1784 3073/1831/1785
f 2249/1832/1786 2240/1833/1787 1943/1834/1788
f 2249/1832/1786 1943/1834/1788 1947/1835/1789
f 1848/1812/1766 1851/1776/1731 3187/1836/1790
f 1848/1812/1766 3187/1836/1790 3182/1837/1791
f 3163/1838/1792 1992/1839/1793 1995/1817/1794
f 3163/1838/1792 1995/1817/1794 3164/1840/1795
f 3165/1841/1796 3267/1842/1797 3191/1843/1798
f 3165/1841/1796 3191/1843/1798 1988/1844/1799
f 2287/1823/1777 2280/1810/1764 1935/1811/1765
f 2287/1823/1777 1935/1811/1765 1937/1824/1778
f 2073/1845/1800 2997/1846/1801 2998/1847/1802
f 2073/1845/1800 2998/1847/1802 2273/1848/1803
f 1902/1849/1804 1731/1850/1805 1722/1851/1806
f 1902/1849/1804 1722/1851/1806 1899/1852/1807
f 2996/1853/1808 3039/1854/1809 3044/1855/1810
f 2996/1853/1808 3044/1855/1810 2999/1856/1811
f 1718/1857/1812 1875/1858/1813 1870/1859/1814
f 1718/1857/1812 1870/1859/1814 2305/1860/1815
f 1718/1857/1812 2075/1861/1816 1875/1858/1813
f 1714/1862/1817 1878/1863/1818 1872/1864/1819
f 3029/1865/1820 2116/1629/1586 2263/1628/1585
f 3029/1865/1820 2263/1628/1585 3037/1866/1821
f 1871/1867/1819 1885/1702/1660 1876/1705/1662
f 1871/1867/1819 1876/1705/1662 1713/1868/1822
f 1869/1869/1823 1896/1870/307 2216/1871/1824
f 1896/1870/307 1892/1872/1825 2216/1871/1824
f 1725/1636/1592 1867/1873/1826 1888/1874/1827
f 1725/1636/1592 1888/1874/1827 1721/1637/1593
f 2272/1807/1761 2217/1806/1760 1899/1852/1807
f 2272/1807/1761 1899/1852/1807 2072/1875/1828
f 1949/1876/1829 1956/1877/1829 2252/1878/1830
f 1949/1876/1829 2252/1878/1830 2250/1879/1831
f 1890/1880/1832 2521/1881/1833 3014/1882/1834
f 1890/1880/1832 3014/1882/1834 2995/1883/1835
f 3031/1884/1836 3054/1885/1836 2834/1886/1837
f 3031/1884/1836 2834/1886/1837 2211/1887/1838
f 3047/1888/1839 3039/1854/1809 2996/1853/1808
f 3047/1888/1839 2996/1853/1808 3001/1889/1840
f 2264/1890/1841 1868/1891/1823 2215/1892/1824
f 2264/1890/1841 2215/1892/1824 2277/1893/1842
f 2277/1893/1842 2215/1892/1824 1891/1894/1825
f 2277/1893/1842 1891/1894/1825 2265/1895/1843
f 2999/1856/1811 3044/1855/1810 3040/1896/1844
f 2999/1856/1811 3040/1896/1844 2986/1897/1845
f 2074/1704/1661 2076/1703/1661 1883/1898/1846
f 2074/1704/1661 1883/1898/1846 1874/1899/1846
f 1900/1900/1847 2284/1901/1848 2281/1902/1849
f 1900/1900/1847 2281/1902/1849 2225/1903/1850
f 1901/1805/1759 2226/1904/1851 2278/1905/1852
f 1901/1805/1759 2278/1905/1852 2217/1806/1760
f 2226/1904/1851 1934/1906/1853 2222/1907/1854
f 2226/1904/1851 2222/1907/1854 2278/1905/1852
f 34/347/338 25/350/341 1922/1908/1855
f 34/347/338 1922/1908/1855 2218/1909/1856
f 2217/1806/1760 2278/1905/1852 2227/1910/1857
f 2217/1806/1760 2227/1910/1857 1899/1852/1807
f 1928/1911/1858 1927/1912/1859 3078/1913/1860
f 1928/1911/1858 3078/1913/1860 2296/1914/1861
f 2227/1910/1857 2228/1915/1862 1902/1849/1804
f 2227/1910/1857 1902/1849/1804 1899/1852/1807
f 2291/1916/1863 1928/1911/1858 1929/1917/1864
f 2291/1916/1863 1929/1917/1864 2292/1918/1865
f 2225/1903/1850 2281/1902/1849 2283/1919/1866
f 2225/1903/1850 2283/1919/1866 1933/1920/1867
f 2291/1916/1863 2292/1918/1865 3085/1921/1868
f 2291/1916/1863 3085/1921/1868 3084/1922/1869
f 3085/1921/1868 2061/1923/1870 2060/1924/1871
f 3085/1921/1868 2060/1924/1871 3084/1922/1869
f 2285/1925/1872 2286/1822/1776 1939/1825/1779
f 2285/1925/1872 1939/1825/1779 1941/1926/1873
f 2286/1822/1776 2285/1925/1872 1915/1927/1874
f 2286/1822/1776 1915/1927/1874 1913/1928/1875
f 2290/1929/1876 1927/1912/1859 1928/1911/1858
f 2290/1929/1876 1928/1911/1858 2291/1916/1863
f 2295/1930/1877 1932/1931/1878 26/373/364
f 2295/1930/1877 26/373/364 36/372/363
f 2219/1932/1879 1924/1933/1880 2296/1914/1861
f 2219/1932/1879 2296/1914/1861 2220/1934/1881
f 2220/1934/1881 2296/1914/1861 3078/1913/1860
f 2220/1934/1881 3078/1913/1860 2221/1935/1882
f 3095/1936/1883 2228/1915/1862 2227/1910/1857
f 3095/1936/1883 2227/1910/1857 1918/1937/1884
s 0
f 2990/1938/1885 2992/1939/1885 3032/1940/1885
f 2990/1938/1886 3032/1940/1886 3026/1941/1886
s 1
f 3139/1942/1887 3259/1943/1888 3185/1944/1889
f 3139/1942/1887 3185/1944/1889 1979/1945/1890
f 23/389/378 34/347/338 2218/1909/1856
f 23/389/378 2218/1909/1856 1936/1946/1891
f 3211/1947/1892 2044/1948/1893 2004/1949/1894
f 3211/1947/1892 2004/1949/1894 3206/1950/1895
f 1936/1946/1891 2218/1909/1856 2219/1932/1879
f 1936/1946/1891 2219/1932/1879 1938/1951/1896
f 2218/1909/1856 1922/1908/1855 1924/1933/1880
f 2218/1909/1856 1924/1933/1880 2219/1932/1879
f 1938/1951/1896 2219/1932/1879 2220/1934/1881
f 1938/1951/1896 2220/1934/1881 1940/1952/1897
f 3143/1953/1898 3134/1954/1899 1976/1955/1900
f 3143/1953/1898 1976/1955/1900 2063/1923/1901
f 1940/1952/1897 2220/1934/1881 2221/1935/1882
f 1940/1952/1897 2221/1935/1882 1942/1956/1902
f 2001/1957/1903 3201/1958/1904 3256/1959/1905
f 2001/1957/1903 3256/1959/1905 3138/1960/1906
f 1942/1956/1902 2221/1935/1882 2222/1907/1854
f 1942/1956/1902 2222/1907/1854 1934/1906/1853
f 2023/1961/1907 2059/1830/1784 1905/1962/1908
f 2023/1961/1907 1905/1962/1908 1952/1963/1909
f 2298/1964/1910 1731/1850/1805 1902/1849/1804
f 2298/1964/1910 1902/1849/1804 2288/1965/1911
f 1995/1817/1794 3197/1816/1912 3264/1966/1913
f 1995/1817/1794 3264/1966/1913 3164/1840/1795
f 1765/1967/1914 1957/1968/1914 2231/1969/1915
f 1765/1967/1914 2231/1969/1915 2162/1970/1916
f 3137/1971/1917 1998/1972/1918 2001/1957/1903
f 3137/1971/1917 2001/1957/1903 3138/1960/1906
f 2000/1972/1919 28/418/410 29/417/409
f 2000/1972/1919 29/417/409 2002/1957/1920
f 3212/1973/1921 3253/1974/1922 2662/1975/1923
f 3212/1973/1921 2662/1975/1923 2045/1976/1924
f 2040/1977/1925 2042/1978/1926 1973/1820/1927
f 2040/1977/1925 1973/1820/1927 1971/1760/1928
f 2162/1970/1916 2231/1969/1915 1963/1979/1929
f 2162/1970/1916 1963/1979/1929 1782/1980/1930
f 2051/1981/1931 2270/1829/1783 3083/1828/1782
f 2051/1981/1931 3083/1828/1782 3091/1982/1932
f 2250/1879/1831 2252/1878/1830 2033/1983/1933
f 2250/1879/1831 2033/1983/1933 2031/1984/1934
f 2288/1965/1911 1902/1849/1804 2228/1915/1862
f 2288/1965/1911 2228/1915/1862 2299/1985/1935
f 1963/1979/1929 2235/1986/1936 2165/1987/1937
f 1963/1979/1929 2165/1987/1937 1782/1980/1930
f 1968/1759/1938 2040/1977/1925 1971/1760/1928
f 1965/1988/1939 2237/1989/1940 2167/1990/1941
f 1965/1988/1939 2167/1990/1941 1793/1991/1942
f 2165/1987/1937 2235/1986/1936 1965/1988/1939
f 2165/1987/1937 1965/1988/1939 1793/1991/1942
f 2042/1978/1926 3214/1992/1943 3210/1993/1944
f 2042/1978/1926 3210/1993/1944 1973/1820/1927
f 2167/1990/1941 2237/1989/1940 1967/1759/1714
f 2167/1990/1941 1967/1759/1714 1804/1762/1717
f 3192/1994/1945 3205/1950/1946 2003/1949/1947
f 3192/1994/1945 2003/1949/1947 1989/1995/1948
f 1982/1818/1772 1981/1996/1949 1975/1997/1950
f 1982/1818/1772 1975/1997/1950 1978/1945/1951
f 1983/1998/1952 2223/1999/1953 2270/1829/1783
f 1983/1998/1952 2270/1829/1783 2051/1981/1931
f 1851/1776/1731 1861/1775/1730 3200/2000/1954
f 1851/1776/1731 3200/2000/1954 3187/1836/1790
f 1996/1817/1771 1994/1839/1955 1981/1996/1949
f 1996/1817/1771 1981/1996/1949 1982/1818/1772
f 2214/1814/1768 3218/1827/1781 3188/2001/1956
f 2214/1814/1768 3188/2001/1956 1853/1819/1773
f 3084/1922/1869 2060/1924/1871 2057/2002/1957
f 3084/1922/1869 2057/2002/1957 3090/2003/1958
f 1854/1819/1959 3189/2001/1960 3266/2004/1961
f 1854/1819/1959 3266/2004/1961 3157/2005/1962
f 1849/1812/1963 3183/1837/1964 3258/2006/1965
f 1849/1812/1963 3258/2006/1965 3131/2007/1966
f 1865/1779/1734 3204/2008/1967 1584/454/457
f 1865/1779/1734 1584/454/457 20/215/213
f 1990/2009/1968 1906/2010/1969 2224/2011/1953
f 1990/2009/1968 2224/2011/1953 2239/2012/1970
f 1972/1820/1774 3208/1993/1971 3195/2013/1972
f 1972/1820/1774 3195/2013/1972 1856/1821/1775
f 2013/2014/1973 2028/2015/1974 2247/2016/1975
f 2013/2014/1973 2247/2016/1975 2246/2017/1976
f 2031/1984/1934 2033/1983/1933 2234/2018/1977
f 2031/1984/1934 2234/2018/1977 2230/2019/1978
f 1929/1917/1864 1928/1911/1858 2296/1914/1861
f 1929/1917/1864 2296/1914/1861 1924/1933/1880
f 3148/2020/1979 3154/2021/1980 2670/2022/1981
f 3148/2020/1979 2670/2022/1981 2601/2023/1982
f 2280/1810/1764 2287/1823/1777 1911/2024/1983
f 2280/1810/1764 1911/2024/1983 1909/2025/1984
f 676/2026/476 674/2027/476 2311/2028/1985
f 676/2026/476 2311/2028/1985 2312/2029/1986
f 2907/2030/1987 2563/2031/1988 2571/2032/1989
f 2907/2030/1987 2571/2032/1989 2909/2033/1990
f 2242/2034/1991 2243/2035/1992 2019/2036/1992
f 2242/2034/1991 2019/2036/1992 2017/2037/1993
f 1989/1995/1948 2003/1949/1947 2253/2038/1994
f 1989/1995/1948 2253/2038/1994 2255/2039/1995
f 1945/2040/1996 2245/2041/1997 2244/2042/1998
f 1945/2040/1996 2244/2042/1998 2007/2043/1999
f 2244/2042/1998 2245/2041/1997 2005/2044/2000
f 2244/2042/1998 2005/2044/2000 2015/2045/2001
f 2009/2046/2002 2242/2034/1991 2246/2017/1976
f 2009/2046/2002 2246/2017/1976 1954/2047/2003
f 2243/2035/1992 2244/2042/1998 2015/2045/2001
f 2243/2035/1992 2015/2045/2001 2019/2036/1992
f 2011/2048/2004 2243/2035/1992 2242/2034/1991
f 2011/2048/2004 2242/2034/1991 2009/2046/2002
f 2246/2017/1976 2242/2034/1991 2017/2037/1993
f 2246/2017/1976 2017/2037/1993 2013/2014/1973
f 2251/2049/2005 2972/2050/2006 2966/2051/2007
f 2251/2049/2005 2966/2051/2007 2032/2052/2008
f 2246/2017/1976 2247/2016/1975 2025/2053/2009
f 2246/2017/1976 2025/2053/2009 1954/2047/2003
f 2024/2054/2010 2974/2055/2011 2251/2049/2005
f 2024/2054/2010 2251/2049/2005 1953/2056/2012
f 2180/1757/1712 1790/1730/1687 1788/1729/1686
f 2180/1757/1712 1788/1729/1686 2183/2057/2013
f 3081/2058/2014 2233/2059/2015 2032/2052/2008
f 2073/1845/1800 2273/1848/1803 2271/2060/2016
f 2073/1845/1800 2271/2060/2016 2071/2061/2017
f 2230/2019/1978 2234/2018/1977 1951/2062/2018
f 2230/2019/1978 1951/2062/2018 1904/2063/2018
f 2255/2039/1995 2253/2038/1994 2034/2064/2019
f 2255/2039/1995 2034/2064/2019 2030/2065/2020
f 1946/2066/2021 2008/2067/2022 1948/2068/2023
f 1989/1995/1948 2255/2039/1995 2229/2069/2024
f 1989/1995/1948 2229/2069/2024 1903/2070/2025
f 2239/2012/1970 2224/2011/1953 1984/2071/2026
f 2239/2012/1970 1984/2071/2026 1987/1844/2027
f 2030/2065/2020 2229/2069/2024 2255/2039/1995
f 2008/2067/2022 2012/2072/2028 1948/2068/2023
f 2004/1949/1894 2044/1948/1893 2260/2073/2029
f 2004/1949/1894 2260/2073/2029 2254/2038/2030
f 3193/2074/2031 1990/2009/1968 2239/2012/1970
f 3193/2074/2031 2239/2012/1970 3217/2075/2032
f 2254/2038/2030 2260/2073/2029 2049/2076/2033
f 2254/2038/2030 2049/2076/2033 2035/2064/2034
f 2049/2076/2033 2256/2077/2035 2241/1833/2036
f 2049/2076/2033 2241/1833/2036 2035/2064/2034
f 2241/1833/2036 2256/2077/2035 2036/2078/2037
f 2241/1833/2036 2036/2078/2037 1944/1834/2038
f 2037/2079/2037 2258/2080/2039 2245/2041/1997
f 2037/2079/2037 2245/2041/1997 1945/2040/1996
f 2245/2041/1997 2258/2080/2039 2046/2081/2040
f 2245/2041/1997 2046/2081/2040 2005/2044/2000
f 2115/2082/1886 2210/2083/1886 1843/2084/2041
f 2115/2082/1886 1843/2084/2041 1714/1862/1817
f 2982/2085/2042 3000/2086/2043 2308/2087/2044
f 2982/2085/2042 2308/2087/2044 1887/2088/2045
f 35/250/247 2280/1810/1764 1909/2025/1984
f 35/250/247 1909/2025/1984 22/536/538
f 1905/1962/1908 2059/1830/1784 2270/1829/1783
f 1905/1962/1908 2270/1829/1783 2223/1999/1953
f 3160/2089/2046 1985/1998/2047 2053/1981/2048
f 3160/2089/2046 2053/1981/2048 3169/2090/2049
f 2285/1925/1872 2283/1919/1866 1907/2091/2050
f 2285/1925/1872 1907/2091/2050 1915/1927/1874
f 2923/2092/2051 3071/2093/2052 3063/2094/2053
f 2923/2092/2051 3063/2094/2053 2888/2095/2054
f 3000/2086/2043 2997/1846/1801 2073/1845/1800
f 3000/2086/2043 2073/1845/1800 2308/2087/2044
f 2985/2096/2055 3009/2097/2056 2528/2098/2057
f 2985/2096/2055 2528/2098/2057 1895/2099/2058
f 1866/2100/2059 1889/2101/2060 2994/2102/1885
f 1866/2100/2059 2994/2102/1885 2988/2103/1885
f 2271/2060/2016 2273/1848/1803 2282/2104/2061
f 2271/2060/2016 2282/2104/2061 2069/2105/2062
f 2072/1875/1828 1899/1852/1807 2307/2106/2063
f 1899/1852/1807 1722/1851/1806 2307/2106/2063
f 1845/1808/1762 1889/2101/2060 1866/2100/2059
f 1845/1808/1762 1866/2100/2059 1724/1809/1763
f 2287/1823/1777 2286/1822/1776 1913/1928/1875
f 2287/1823/1777 1913/1928/1875 1911/2024/1983
f 1777/1707/1664 1779/1706/1663 2180/1757/1712
f 1777/1707/1664 2180/1757/1712 2183/2057/2013
f 2012/2072/2028 2010/2107/2064 1948/2068/2023
f 1948/2068/2023 2010/2107/2064 1955/2108/2065
f 2306/2109/2066 1720/2110/2067 1887/2088/2045
f 2306/2109/2066 1887/2088/2045 2308/2087/2044
f 2007/2043/1999 2244/2042/1998 2243/2035/1992
f 2007/2043/1999 2243/2035/1992 2011/2048/2004
f 1877/2111/2068 1718/1857/1812 1715/2112/2069
f 1718/1857/1812 1877/2111/2068 2075/1861/1816
f 2034/2064/2019 2240/1833/1787 2249/1832/1786
f 2034/2064/2019 2249/1832/1786 2030/2065/2020
f 2929/2113/2070 2936/2114/2071 2699/2115/2072
f 2929/2113/2070 2699/2115/2072 2080/2116/2073
f 1723/2117/2074 1732/2118/2074 2126/1646/1602
f 1723/2117/2074 2126/1646/1602 2124/1645/1601
f 2304/2119/2075 1868/1891/1823 2264/1890/1841
f 2304/2119/2075 2264/1890/1841 2309/2120/2076
f 3038/2121/2077 2264/1890/1841 2277/1893/1842
f 3038/2121/2077 2277/1893/1842 3045/2122/2078
f 1894/2123/2079 2284/1901/1848 2282/2104/2061
f 1894/2123/2079 2282/2104/2061 2273/1848/1803
f 2282/2104/2061 2284/1901/1848 1900/1900/1847
f 2282/2104/2061 1900/1900/1847 2069/2105/2062
f 2281/1902/1849 2284/1901/1848 1894/2123/2079
f 2281/1902/1849 1894/2123/2079 2267/2124/2080
f 2283/1919/1866 2281/1902/1849 2267/2124/2080
f 2283/1919/1866 2267/2124/2080 1907/2091/2050
f 2283/1919/1866 2285/1925/1872 1941/1926/1873
f 2283/1919/1866 1941/1926/1873 1933/1920/1867
f 3075/2125/2081 2298/1964/1910 2288/1965/1911
f 3075/2125/2081 2288/1965/1911 3073/1831/1785
f 2335/2126/2082 2337/2127/2083 2330/2128/2084
f 2335/2126/2082 2330/2128/2084 2332/2129/2085
f 2958/2130/2086 2359/2131/2087 2961/2132/2088
f 1843/2084/2041 1878/1863/1818 1714/1862/1817
f 1881/2133/2089 1896/1870/307 1869/1869/1823
f 1874/1899/1846 1883/1898/1846 1881/2133/2089
f 1874/1899/1846 1881/2133/2089 1869/1869/1823
f 3034/2134/2090 3047/1888/1839 3001/1889/1840
f 3034/2134/2090 3001/1889/1840 2980/2135/2091
f 1717/2136/2092 2304/2119/2075 2309/2120/2076
f 1717/2136/2092 2309/2120/2076 2262/2137/2093
f 2071/2061/2017 2306/2109/2066 2308/2087/2044
f 2071/2061/2017 2308/2087/2044 2073/1845/1800
f 3045/2122/2078 2277/1893/1842 2265/1895/1843
f 3045/2122/2078 2265/1895/1843 3042/2138/2094
f 1867/1873/1826 2989/2139/2095 2983/2140/2096
f 1867/1873/1826 2983/2140/2096 1888/1874/1827
f 2741/1684/1640 2314/2141/2097 2317/2142/2098
f 2741/1684/1640 2317/2142/2098 2744/1685/1641
f 2317/2142/2098 2314/2141/2097 2703/2143/2099
f 2317/2142/2098 2703/2143/2099 2706/2144/2100
f 2703/2143/2099 2318/2145/2101 2321/2146/2102
f 2703/2143/2099 2321/2146/2102 2706/2144/2100
f 2321/2146/2102 2318/2145/2101 2709/2147/2103
f 2321/2146/2102 2709/2147/2103 2708/2148/2104
f 2709/2147/2103 2322/2149/2105 2345/2150/2106
f 2709/2147/2103 2345/2150/2106 2708/2148/2104
f 2322/2149/2105 2711/2151/2107 2736/2152/2108
f 2322/2149/2105 2736/2152/2108 2345/2150/2106
f 2711/2151/2107 2324/2153/2109 2343/2154/2110
f 2711/2151/2107 2343/2154/2110 2736/2152/2108
f 2324/2153/2109 2714/2155/2111 2734/2156/2112
f 2324/2153/2109 2734/2156/2112 2343/2154/2110
f 2714/2155/2111 2326/2157/2113 2341/2158/2114
f 2714/2155/2111 2341/2158/2114 2734/2156/2112
f 2326/2157/2113 2716/2159/2115 2731/2160/2116
f 2326/2157/2113 2731/2160/2116 2341/2158/2114
f 2716/2159/2115 2328/2161/2117 2339/2162/2118
f 2716/2159/2115 2339/2162/2118 2731/2160/2116
f 2328/2161/2117 2718/1773/1728 2729/1772/1727
f 2328/2161/2117 2729/1772/1727 2339/2162/2118
f 2725/2163/2119 2727/1771/1726 2720/1774/1729
f 2725/2163/2119 2720/1774/1729 2769/2164/2120
f 2753/2165/2121 2755/2166/2122 2726/2167/2123
f 2753/2165/2121 2726/2167/2123 2724/2168/2124
f 2399/2169/2125 2395/2170/2126 2722/2171/2127
f 2399/2169/2125 2722/2171/2127 2772/2172/2128
f 2722/2171/2127 2330/2128/2084 2337/2127/2083
f 2722/2171/2127 2337/2127/2083 2772/2172/2128
f 2311/2028/1985 2335/2126/2082 2332/2129/2085
f 2311/2028/1985 2332/2129/2085 2312/2029/1986
f 2373/2173/2129 2381/2174/2130 2334/2175/2131
f 2373/2173/2129 2334/2175/2131 2310/2176/2132
f 2405/2177/2133 2310/2176/2132 672/2178/627
f 2405/2177/2133 672/2178/627 682/2179/627
f 2886/2180/2134 3057/2181/2135 3071/2093/2052
f 2886/2180/2134 3071/2093/2052 2923/2092/2051
f 2885/2182/2136 2350/2183/2137 2346/2184/2138
f 2885/2182/2136 2346/2184/2138 2737/2185/2139
f 2369/2186/2140 2368/2187/2141 2746/2188/2142
f 2369/2186/2140 2746/2188/2142 2739/2189/2143
f 2746/2188/2142 2355/2190/2144 2357/2191/2145
f 2746/2188/2142 2357/2191/2145 2739/2189/2143
f 2742/2192/2146 2956/2193/2147 2916/2194/2148
f 2742/2192/2146 2916/2194/2148 2831/2195/2149
f 2342/2196/2150 2733/2197/2151 2762/2198/2152
f 2342/2196/2150 2762/2198/2152 2391/2199/2153
f 2745/2200/2154 2367/2201/2155 2371/2202/2156
f 2745/2200/2154 2371/2202/2156 2747/2203/2157
f 2323/2204/2158 2710/2205/2159 2815/2206/2160
f 2323/2204/2158 2815/2206/2160 2459/2207/2161
f 2381/2174/2130 2401/2208/2162 2336/2209/2163
f 2381/2174/2130 2336/2209/2163 2334/2175/2131
f 2406/2210/2164 680/661/661 700/660/660
f 2406/2210/2164 700/660/660 2782/2211/2165
f 2316/2212/2166 2705/2213/2167 2749/2214/2168
f 2316/2212/2166 2749/2214/2168 2377/2215/2166
f 2732/2216/2151 2340/2217/2169 2389/2218/2170
f 2732/2216/2151 2389/2218/2170 2761/2219/2152
f 2721/2220/2171 2719/2221/2172 2825/2222/2173
f 2721/2220/2171 2825/2222/2173 2827/2223/2174
f 2705/2213/2167 2320/2224/2175 2379/2225/2176
f 2705/2213/2167 2379/2225/2176 2749/2214/2168
f 2344/2226/2177 2735/2227/2178 2765/2228/2179
f 2344/2226/2177 2765/2228/2179 2393/2229/2180
f 2728/2230/2181 2726/2167/2123 2755/2166/2122
f 2728/2230/2181 2755/2166/2122 2757/2231/2182
f 2401/2208/2162 2383/2232/2183 2336/2209/2163
f 2338/2233/2184 2728/2230/2181 2757/2231/2182
f 2338/2233/2184 2757/2231/2182 2387/2234/2185
f 2735/2227/2178 2342/2196/2150 2391/2199/2153
f 2735/2227/2178 2391/2199/2153 2765/2228/2179
f 2374/2235/2186 2776/2236/2187 2778/2237/2188
f 2374/2235/2186 2778/2237/2188 2382/2238/2189
f 2743/2239/2190 2316/2212/2166 2377/2215/2166
f 2743/2239/2190 2377/2215/2166 2767/2240/2191
f 2379/2225/2176 2320/2224/2175 2707/2241/2192
f 2379/2225/2176 2707/2241/2192 2751/2242/2193
f 2389/2218/2170 2340/2217/2169 2730/2243/2194
f 2389/2218/2170 2730/2243/2194 2759/2244/2195
f 2707/2241/2192 2344/2226/2177 2393/2229/2180
f 2707/2241/2192 2393/2229/2180 2751/2242/2193
f 2730/2243/2194 2338/2233/2184 2387/2234/2185
f 2730/2243/2194 2387/2234/2185 2759/2244/2195
f 2398/2245/2196 2771/2246/2197 2773/2247/2198
f 2398/2245/2196 2773/2247/2198 1959/2248/2199
f 2724/2168/2124 2397/2249/2196 1958/2250/2199
f 2724/2168/2124 1958/2250/2199 2753/2165/2121
f 2770/2251/2200 2721/2220/2171 2827/2223/2174
f 2770/2251/2200 2827/2223/2174 2833/2252/2201
f 2771/2246/2197 2336/2209/2163 2383/2232/2183
f 2771/2246/2197 2383/2232/2183 2773/2247/2198
f 2769/2164/2120 2395/2170/2126 2399/2169/2125
f 2769/2164/2120 2399/2169/2125 2725/2163/2119
f 2518/2253/2202 2509/2254/2203 2695/2255/2204
f 2518/2253/2202 2695/2255/2204 2698/2256/2205
f 2373/2173/2129 2310/2176/2132 2405/2177/2133
f 2776/2236/2187 2408/2257/2206 2410/2258/2207
f 2776/2236/2187 2410/2258/2207 2778/2237/2188
f 2382/2238/2189 2778/2237/2188 2780/2259/2208
f 2382/2238/2189 2780/2259/2208 2402/2260/2209
f 2778/2237/2188 2410/2258/2207 2416/2261/2210
f 2778/2237/2188 2416/2261/2210 2780/2259/2208
f 2430/2262/2211 2432/2263/2212 2793/2264/2213
f 2430/2262/2211 2793/2264/2213 2800/2265/2214
f 700/660/660 683/715/712 2418/2266/2215
f 700/660/660 2418/2266/2215 2782/2211/2165
f 2429/2267/2216 2809/2268/2217 702/718/715
f 2429/2267/2216 702/718/715 684/717/714
f 2783/2269/2218 2899/2270/2219 2924/2271/2220
f 2899/2270/2219 2775/2272/2221 2413/2273/2222
f 2899/2270/2219 2413/2273/2222 2785/2274/2223
f 2783/2269/2218 2411/2275/2224 2775/2272/2221
f 2783/2269/2218 2775/2272/2221 2899/2270/2219
f 2432/2263/2212 2438/2276/2225 2795/2277/2226
f 2432/2263/2212 2795/2277/2226 2793/2264/2213
f 2793/2264/2213 2421/2278/2227 2419/2279/2228
f 2793/2264/2213 2419/2279/2228 2800/2265/2214
f 2440/2280/2229 2797/2281/2230 701/733/730
f 2440/2280/2229 701/733/730 685/732/729
f 2809/2268/2217 2418/2266/2215 683/715/712
f 2809/2268/2217 683/715/712 702/718/715
f 2413/2273/2222 2775/2272/2221 2900/2282/2231
f 2413/2273/2222 2900/2282/2231 2788/2283/2232
f 2424/2284/2233 2788/2283/2232 2900/2282/2231
f 2424/2284/2233 2900/2282/2231 2787/2285/2234
f 2422/2286/2235 2787/2285/2234 2900/2282/2231
f 2422/2286/2235 2900/2282/2231 2810/2287/2236
f 2411/2275/2224 2810/2287/2236 2900/2282/2231
f 2411/2275/2224 2900/2282/2231 2775/2272/2221
f 2435/2288/2237 2790/2289/2238 2901/2290/2239
f 2435/2288/2237 2901/2290/2239 2792/2291/2240
f 2433/2292/2241 2792/2291/2240 2901/2290/2239
f 2433/2292/2241 2901/2290/2239 2798/2293/2242
f 2422/2286/2235 2798/2293/2242 2901/2290/2239
f 2422/2286/2235 2901/2290/2239 2787/2285/2234
f 2424/2284/2233 2787/2285/2234 2901/2290/2239
f 2424/2284/2233 2901/2290/2239 2790/2289/2238
f 2438/2276/2225 2432/2263/2212 2443/2294/2243
f 2438/2276/2225 2443/2294/2243 2449/2295/2244
f 2795/2277/2226 2427/2296/2245 2421/2278/2227
f 2795/2277/2226 2421/2278/2227 2793/2264/2213
f 2440/2280/2229 685/732/729 686/751/748
f 2440/2280/2229 686/751/748 2451/2297/2246
f 2797/2281/2230 2429/2267/2216 684/717/714
f 2797/2281/2230 684/717/714 701/733/730
f 2435/2288/2237 2792/2291/2240 2802/2298/2247
f 2435/2288/2237 2802/2298/2247 2446/2299/2248
f 2441/2300/2249 2443/2294/2243 2432/2263/2212
f 2441/2300/2249 2432/2263/2212 2430/2262/2211
f 689/2301/755 678/2302/2250 2313/2303/2251
f 689/2301/755 2313/2303/2251 2453/2304/2252
f 2421/2278/2227 2427/2296/2245 2805/2305/2253
f 2421/2278/2227 2805/2305/2253 2803/2306/2254
f 2792/2291/2240 2433/2292/2241 2444/2307/2255
f 2792/2291/2240 2444/2307/2255 2802/2298/2247
f 2595/2308/2256 2436/2309/2257 2447/2310/2258
f 2595/2308/2256 2447/2310/2258 2597/2311/2259
f 2467/2312/2260 2469/2313/2261 2333/2314/2262
f 2467/2312/2260 2333/2314/2262 2331/2315/2263
f 2805/2305/2253 2416/2261/2210 2410/2258/2207
f 2805/2305/2253 2410/2258/2207 2803/2306/2254
f 2453/2304/2252 2313/2303/2251 2333/2314/2262
f 2453/2304/2252 2333/2314/2262 2469/2313/2261
f 2719/2221/2172 2329/2316/2264 2465/2317/2265
f 2719/2221/2172 2465/2317/2265 2825/2222/2173
f 2396/2318/2266 2770/2251/2200 2833/2252/2201
f 2396/2318/2266 2833/2252/2201 2473/2319/2267
f 2133/2320/2268 2756/2321/2269 2754/2322/2270
f 2133/2320/2268 2754/2322/2270 2131/2323/2271
f 2449/2295/2244 2443/2294/2243 2482/2324/2272
f 2449/2295/2244 2482/2324/2272 2492/2325/2273
f 2467/2312/2260 2331/2315/2263 2723/2326/2274
f 2467/2312/2260 2723/2326/2274 2829/2327/2275
f 2496/2328/2276 2451/2297/2246 686/751/748
f 2496/2328/2276 686/751/748 691/783/780
f 2723/2326/2274 2396/2318/2266 2473/2319/2267
f 2723/2326/2274 2473/2319/2267 2829/2327/2275
f 2953/2329/2277 2963/2330/2278 2368/2187/2141
f 2953/2329/2277 2368/2187/2141 2369/2186/2140
f 2471/2331/2279 2370/2332/2280 2740/2333/2281
f 2471/2331/2279 2740/2333/2281 2837/2334/2282
f 2325/2335/2283 2713/2336/2284 2818/2337/2285
f 2325/2335/2283 2818/2337/2285 2461/2338/2286
f 2710/2205/2159 2319/2339/2287 2457/2340/2288
f 2710/2205/2159 2457/2340/2288 2815/2206/2160
f 2327/2341/2289 2715/2342/2290 2820/2343/2291
f 2327/2341/2289 2820/2343/2291 2463/2344/2292
f 2712/2345/2284 2323/2204/2158 2459/2207/2161
f 2712/2345/2284 2459/2207/2161 2817/2346/2285
f 2315/2347/2293 2742/2192/2146 2831/2195/2149
f 2315/2347/2293 2831/2195/2149 2455/2348/2294
f 2715/2342/2290 2325/2335/2283 2461/2338/2286
f 2715/2342/2290 2461/2338/2286 2820/2343/2291
f 2465/2317/2265 2329/2316/2264 2717/2349/2295
f 2465/2317/2265 2717/2349/2295 2822/2350/2296
f 2457/2340/2288 2319/2339/2287 2704/2351/2297
f 2457/2340/2288 2704/2351/2297 2813/2352/2298
f 2717/2349/2295 2327/2341/2289 2463/2344/2292
f 2717/2349/2295 2463/2344/2292 2822/2350/2296
f 2704/2351/2297 2315/2347/2293 2455/2348/2294
f 2704/2351/2297 2455/2348/2294 2813/2352/2298
f 2686/2353/2299 2895/2354/2300 2841/2355/2301
f 2686/2353/2299 2841/2355/2301 2533/2356/2302
f 2740/2333/2281 2358/2357/2303 2477/2358/2304
f 2740/2333/2281 2477/2358/2304 2837/2334/2282
f 2904/2359/2305 2565/2360/2306 694/816/811
f 2904/2359/2305 694/816/811 704/815/810
f 2479/2361/2307 2482/2324/2272 2443/2294/2243
f 2479/2361/2307 2443/2294/2243 2441/2300/2249
f 2446/2299/2248 2802/2298/2247 2838/2362/2308
f 2446/2299/2248 2838/2362/2308 2487/2363/2309
f 2802/2298/2247 2444/2307/2255 2483/2364/2310
f 2802/2298/2247 2483/2364/2310 2838/2362/2308
f 2597/2311/2259 2447/2310/2258 2488/2365/2311
f 2597/2311/2259 2488/2365/2311 2599/2366/2312
f 2910/2367/2313 2569/2368/2314 2567/2369/2315
f 2910/2367/2313 2567/2369/2315 2911/2370/2316
f 2487/2363/2309 2838/2362/2308 3254/2371/2317
f 2487/2363/2309 3254/2371/2317 3229/2372/2318
f 3270/2373/2319 3177/2374/2320 2609/2375/2321
f 3270/2373/2319 2609/2375/2321 3226/2376/2322
f 2873/2377/2323 2578/2378/2324 2575/2379/2324
f 2873/2377/2323 2575/2379/2324 2864/2380/2325
f 3263/2381/2326 3222/2382/2327 2480/2361/2328
f 3263/2381/2326 2480/2361/2328 3145/2383/2329
f 3177/2374/2320 3174/2384/2330 2607/2385/2331
f 3177/2374/2320 2607/2385/2331 2609/2375/2321
f 2911/2370/2316 2567/2369/2315 2565/2360/2306
f 2911/2370/2316 2565/2360/2306 2904/2359/2305
f 2925/2386/2332 2354/2387/2333 2364/2388/2334
f 2691/2389/2335 2897/2390/2336 3023/2391/2337
f 2691/2389/2335 3023/2391/2337 3018/2392/2338
f 2351/2393/2339 2918/2394/2340 2499/2395/2341
f 2351/2393/2339 2499/2395/2341 2506/2396/2342
f 2351/2393/2339 2506/2396/2342 2694/2397/2343
f 2349/2398/2344 2505/2399/2345 2512/2400/2346
f 3048/2401/2347 3056/2402/2348 2885/2182/2136
f 3048/2401/2347 2885/2182/2136 2737/2185/2139
f 2504/2403/2345 2348/2404/2344 2509/2254/2203
f 2504/2403/2345 2509/2254/2203 2518/2253/2202
f 2500/2405/2349 2839/2406/2350 2523/2407/2351
f 2500/2405/2349 2523/2407/2351 2529/2408/2352
f 2357/2191/2145 2355/2190/2144 2519/2409/2353
f 2357/2191/2145 2519/2409/2353 2497/2410/2354
f 2895/2354/2300 2688/2411/2355 2532/2412/2356
f 2895/2354/2300 2532/2412/2356 2841/2355/2301
f 2576/2413/2357 2872/2414/2358 2874/2415/2359
f 2576/2413/2357 2874/2415/2359 2582/2416/2357
f 3068/2417/2360 3064/2418/2361 2889/2419/2362
f 3068/2417/2360 2889/2419/2362 2902/2420/2363
f 3003/2421/2364 2520/2422/2365 2922/2423/2366
f 3003/2421/2364 2922/2423/2366 3025/2424/2367
f 3020/2425/2368 3022/2426/2369 3069/2427/2370
f 3020/2425/2368 3069/2427/2370 3060/2428/2371
f 2887/2429/2372 2902/2420/2363 2840/2430/2350
f 2887/2429/2372 2840/2430/2350 2501/2431/2349
f 2902/2420/2363 2889/2419/2362 2524/2432/2373
f 2902/2420/2363 2524/2432/2373 2840/2430/2350
f 3022/2426/2369 3006/2433/2374 3066/2434/2375
f 3022/2426/2369 3066/2434/2375 3069/2427/2370
f 2695/2255/2204 2507/2435/2376 2516/2436/2377
f 2695/2255/2204 2516/2436/2377 2698/2256/2205
f 2534/2437/2378 2849/2438/2379 2905/2439/2380
f 2534/2437/2378 2905/2439/2380 2908/2440/2381
f 2533/2356/2302 2841/2355/2301 2903/2441/2382
f 2533/2356/2302 2903/2441/2382 2848/2442/2383
f 2848/2442/2383 2903/2441/2382 2846/2443/2384
f 2848/2442/2383 2846/2443/2384 2562/2444/2385
f 2903/2441/2382 2850/2445/2386 2549/2446/2387
f 2903/2441/2382 2549/2446/2387 2846/2443/2384
f 2841/2355/2301 2532/2412/2356 2850/2445/2386
f 2841/2355/2301 2850/2445/2386 2903/2441/2382
f 2560/2447/2388 696/907/896 703/906/895
f 2560/2447/2388 703/906/895 2842/2448/2389
f 2850/2445/2386 2532/2412/2356 2535/2449/2390
f 2850/2445/2386 2535/2449/2390 2851/2450/2391
f 2849/2438/2379 2563/2031/1988 2907/2030/1987
f 2849/2438/2379 2907/2030/1987 2905/2439/2380
f 2909/2033/1990 2571/2032/1989 2569/2368/2314
f 2909/2033/1990 2569/2368/2314 2910/2367/2313
f 2910/2367/2313 2546/2451/2392 2548/2452/2393
f 2910/2367/2313 2548/2452/2393 2909/2033/1990
f 2556/2453/2394 2560/2447/2388 2842/2448/2389
f 2556/2453/2394 2842/2448/2389 2843/2454/2395
f 2555/2455/2396 2556/2453/2394 2843/2454/2395
f 2555/2455/2396 2843/2454/2395 2844/2456/2397
f 2549/2446/2387 2553/2457/2398 2845/2458/2399
f 2549/2446/2387 2845/2458/2399 2846/2443/2384
f 3004/2459/2400 3058/2460/2401 3050/2461/2402
f 3004/2459/2400 3050/2461/2402 3010/2462/2403
f 3262/2463/2404 3151/2464/2405 2603/2465/2406
f 3262/2463/2404 2603/2465/2406 3220/2466/2407
f 703/906/895 695/927/916 2564/2467/2408
f 703/906/895 2564/2467/2408 2842/2448/2389
f 3221/2382/2409 3223/2468/2410 2482/2324/2272
f 3221/2382/2409 2482/2324/2272 2479/2361/2307
f 2842/2448/2389 2564/2467/2408 2566/2469/2411
f 2842/2448/2389 2566/2469/2411 2843/2454/2395
f 2553/2457/2398 2555/2455/2396 2844/2456/2397
f 2553/2457/2398 2844/2456/2397 2845/2458/2399
f 2843/2454/2395 2566/2469/2411 2568/2470/2412
f 2843/2454/2395 2568/2470/2412 2844/2456/2397
f 2604/2471/2413 2600/2023/2414 2668/2022/2415
f 2604/2471/2413 2668/2022/2415 2681/2472/2416
f 2844/2456/2397 2568/2470/2412 2570/2473/2417
f 2844/2456/2397 2570/2473/2417 2845/2458/2399
f 2838/2362/2308 2483/2364/2310 3227/2474/2418
f 2838/2362/2308 3227/2474/2418 3254/2371/2317
f 2845/2458/2399 2570/2473/2417 2562/2444/2385
f 2845/2458/2399 2562/2444/2385 2846/2443/2384
f 2639/2475/2419 2579/2476/2420 2536/2477/2421
f 2639/2475/2419 2536/2477/2421 2676/2478/2422
f 3101/2479/2423 2700/2480/2424 2937/2481/2425
f 3236/2482/2426 2614/2483/2427 3176/2484/2428
f 3236/2482/2426 3176/2484/2428 3269/2485/2429
f 3151/2464/2405 3148/2020/1979 2601/2023/1982
f 3151/2464/2405 2601/2023/1982 2603/2465/2406
f 698/946/938 697/949/941 2617/2486/2430
f 698/946/938 2617/2486/2430 2619/2487/2431
f 3131/2007/1966 3258/2006/1965 3257/2488/2432
f 3131/2007/1966 3257/2488/2432 3132/2489/2433
f 2657/2490/2434 2596/2311/2435 2598/2366/2436
f 2657/2490/2434 2598/2366/2436 2659/2491/2437
f 2786/2492/2438 2414/2493/2439 2590/2494/2440
f 2786/2492/2438 2590/2494/2440 2855/2495/2441
f 2872/2414/2358 2647/2496/2442 2649/2497/2443
f 2872/2414/2358 2649/2497/2443 2874/2415/2359
f 2912/2498/2444 2913/2499/2445 2851/2450/2391
f 2912/2498/2444 2851/2450/2391 2535/2449/2390
f 2590/2494/2440 2414/2493/2439 2789/2500/2446
f 2590/2494/2440 2789/2500/2446 2859/2501/2447
f 2594/2308/2448 2596/2311/2435 2657/2490/2434
f 2592/2502/2449 2425/2503/2450 2791/2504/2451
f 2592/2502/2449 2791/2504/2451 2861/2505/2452
f 2789/2500/2446 2425/2503/2450 2592/2502/2449
f 2789/2500/2446 2592/2502/2449 2859/2501/2447
f 2659/2491/2437 2598/2366/2436 3243/2506/2453
f 2659/2491/2437 3243/2506/2453 3249/2507/2454
f 2791/2504/2451 2436/2309/2257 2595/2308/2256
f 2791/2504/2451 2595/2308/2256 2861/2505/2452
f 3233/2508/2455 2611/2509/2456 2621/2510/2457
f 3233/2508/2455 2621/2510/2457 3247/2511/2458
f 2605/2512/2459 2602/2465/2460 2600/2023/2414
f 2605/2512/2459 2600/2023/2414 2604/2471/2413
f 2684/2513/2461 2613/2514/2462 2604/2471/2413
f 2684/2513/2461 2604/2471/2413 2681/2472/2416
f 3223/2468/2410 3235/2515/2463 2492/2325/2273
f 3223/2468/2410 2492/2325/2273 2482/2324/2272
f 2613/2514/2462 2615/2483/2464 2605/2512/2459
f 2613/2514/2462 2605/2512/2459 2604/2471/2413
f 3271/2516/2465 3228/2474/2466 2485/2364/2467
f 3271/2516/2465 2485/2364/2467 3171/2517/2468
f 3175/2518/2469 2612/2514/2470 2683/2513/2471
f 3175/2518/2469 2683/2513/2471 3178/2519/2472
f 3255/2520/2473 3225/2376/2474 2608/2375/2475
f 3255/2520/2473 2608/2375/2475 2862/2521/2476
f 3224/2522/2477 3219/2466/2478 2602/2465/2460
f 3224/2522/2477 2602/2465/2460 2605/2512/2459
f 1622/985/989 3239/2523/2479 2496/2328/2276
f 1622/985/989 2496/2328/2276 691/783/780
f 2610/2524/2480 2862/2521/2476 2847/2525/2481
f 2610/2524/2480 2847/2525/2481 2536/2477/2421
f 2599/2366/2312 2488/2365/2311 3231/2526/2482
f 2599/2366/2312 3231/2526/2482 3245/2506/2483
f 2631/2527/2484 2869/2528/2485 2871/2529/2486
f 2631/2527/2484 2871/2529/2486 2646/2530/2487
f 2647/2496/2442 2852/2531/2488 2856/2532/2489
f 2647/2496/2442 2856/2532/2489 2649/2497/2443
f 3130/2533/2490 3144/2534/2491 2478/2535/2492
f 3130/2533/2490 2478/2535/2492 1847/2536/2492
f 2904/2359/2305 2542/2537/2493 2544/2538/2494
f 2904/2359/2305 2544/2538/2494 2911/2370/2316
f 16/2539/1006 687/2540/1006 2452/2541/2495
f 16/2539/1006 2452/2541/2495 1822/2542/2496
f 3156/2543/2497 3170/2544/2498 2484/2545/2499
f 3156/2543/2497 2484/2545/2499 1852/2546/2499
f 2865/2547/2500 2635/2548/2501 2638/2549/2502
f 2865/2547/2500 2638/2549/2502 2866/2550/2503
f 2611/2509/2456 2878/2551/2504 2877/2552/2505
f 2611/2509/2456 2877/2552/2505 2621/2510/2457
f 2572/2553/2506 2625/2554/2507 2867/2555/2508
f 2572/2553/2506 2867/2555/2508 2868/2556/2509
f 2867/2555/2508 2633/2557/2510 2622/2558/2511
f 2867/2555/2508 2622/2558/2511 2868/2556/2509
f 2627/2559/2512 2584/2560/2513 2869/2528/2485
f 2627/2559/2512 2869/2528/2485 2865/2547/2500
f 2866/2550/2503 2638/2549/2502 2633/2557/2510
f 2866/2550/2503 2633/2557/2510 2867/2555/2508
f 2629/2561/2514 2627/2559/2512 2865/2547/2500
f 2629/2561/2514 2865/2547/2500 2866/2550/2503
f 2869/2528/2485 2631/2527/2484 2635/2548/2501
f 2869/2528/2485 2635/2548/2501 2865/2547/2500
f 2979/2562/2515 2650/2563/2516 2969/2564/2517
f 2869/2528/2485 2584/2560/2513 2643/2565/2518
f 2869/2528/2485 2643/2565/2518 2871/2529/2486
f 2927/2566/2519 2702/2567/2520 2700/2480/2424
f 2927/2566/2519 2700/2480/2424 3101/2479/2423
f 2419/2279/2228 2421/2278/2227 2803/2306/2254
f 2419/2279/2228 2803/2306/2254 2806/2568/2521
f 2692/2569/2335 2689/2570/2522 2896/2571/2523
f 2692/2569/2335 2896/2571/2523 2898/2572/2336
f 2852/2531/2488 2537/2573/2524 2580/2574/2524
f 2852/2531/2488 2580/2574/2524 2856/2532/2489
f 2878/2551/2504 2648/2575/2525 2652/2576/2526
f 2878/2551/2504 2652/2576/2526 2877/2552/2505
f 2574/2577/2527 2577/2578/2528 2624/2579/2529
f 2611/2509/2456 2538/2580/2530 2853/2581/2531
f 2611/2509/2456 2853/2581/2531 2878/2551/2504
f 2862/2521/2476 2608/2375/2475 2606/2385/2532
f 2862/2521/2476 2606/2385/2532 2847/2525/2481
f 2648/2575/2525 2878/2551/2504 2853/2581/2531
f 2624/2579/2529 2577/2578/2528 2628/2582/2533
f 2620/2510/2534 2876/2552/2535 2883/2583/2536
f 2620/2510/2534 2883/2583/2536 2661/2584/2537
f 3232/2585/2538 3255/2520/2473 2862/2521/2476
f 3232/2585/2538 2862/2521/2476 2610/2524/2480
f 2876/2552/2535 2651/2576/2539 2666/2586/2540
f 2876/2552/2535 2666/2586/2540 2883/2583/2536
f 2666/2586/2540 2651/2576/2539 2863/2380/2541
f 2666/2586/2540 2863/2380/2541 2879/2587/2542
f 2863/2380/2541 2573/2379/2543 2654/2588/2544
f 2863/2380/2541 2654/2588/2544 2879/2587/2542
f 2653/2589/2545 2572/2553/2506 2868/2556/2509
f 2653/2589/2545 2868/2556/2509 2881/2590/2546
f 2868/2556/2509 2622/2558/2511 2663/2591/2547
f 2868/2556/2509 2663/2591/2547 2881/2590/2546
f 2738/2592/2548 2349/2398/2344 2475/2593/2549
f 2738/2592/2548 2475/2593/2549 2835/2594/2550
f 704/815/810 693/1058/1062 2542/2537/2493
f 704/815/810 2542/2537/2493 2904/2359/2305
f 2536/2477/2421 2847/2525/2481 2894/2595/2551
f 2536/2477/2421 2894/2595/2551 2676/2478/2422
f 2847/2525/2481 2606/2385/2532 2672/2596/2552
f 2847/2525/2481 2672/2596/2552 2894/2595/2551
f 2909/2033/1990 2548/2452/2393 2540/2597/2553
f 2909/2033/1990 2540/2597/2553 2907/2030/1987
f 2672/2596/2552 3124/2598/2554 3116/2599/2555
f 2672/2596/2552 3116/2599/2555 2894/2595/2551
f 3062/2600/2053 3068/2417/2360 2902/2420/2363
f 3062/2600/2053 2902/2420/2363 2887/2429/2372
f 3025/2424/2367 2922/2423/2366 2693/2601/2556
f 3025/2424/2367 2693/2601/2556 3019/2602/2338
f 2897/2390/2336 2526/2603/2557 3008/2604/2558
f 2897/2390/2336 3008/2604/2558 3023/2391/2337
f 2498/2605/2559 3013/2606/2560 3015/2607/2561
f 2498/2605/2559 3015/2607/2561 2522/2608/2562
f 2896/2571/2523 2687/2609/2563 2906/2610/2564
f 2896/2571/2523 2906/2610/2564 2898/2572/2336
f 3082/2611/2565 2532/2412/2356 2688/2411/2355
f 3082/2611/2565 2688/2411/2355 2920/2612/2566
f 2477/2358/2304 2358/2357/2303 2498/2605/2559
f 2477/2358/2304 2498/2605/2559 2522/2608/2562
f 2911/2370/2316 2544/2538/2494 2546/2451/2392
f 2911/2370/2316 2546/2451/2392 2910/2367/2313
f 2803/2306/2254 2410/2258/2207 2408/2257/2206
f 2803/2306/2254 2408/2257/2206 2806/2568/2521
f 2628/2582/2533 2577/2578/2528 2626/2613/2567
f 2577/2578/2528 2583/2614/2568 2626/2613/2567
f 2625/2554/2507 2629/2561/2514 2866/2550/2503
f 2625/2554/2507 2866/2550/2503 2867/2555/2508
f 2508/2615/2569 2347/2616/2570 2351/2393/2339
f 2351/2393/2339 2694/2397/2343 2508/2615/2569
f 2652/2576/2526 2648/2575/2525 2873/2377/2323
f 2652/2576/2526 2873/2377/2323 2864/2380/2325
f 2935/2617/2571 2581/2618/2572 2640/2619/2573
f 2353/2620/2574 2745/2200/2154 2747/2203/2157
f 2353/2620/2574 2747/2203/2157 2362/2621/2574
f 2919/2622/2575 2923/2092/2051 2888/2095/2054
f 2919/2622/2575 2888/2095/2054 2502/2623/2576
f 3070/2624/2577 3024/2625/2578 3021/2626/2579
f 3070/2624/2577 3021/2626/2579 3061/2627/2580
f 2527/2628/2581 2898/2572/2336 2906/2610/2564
f 2527/2628/2581 2906/2610/2564 2908/2440/2381
f 2906/2610/2564 2687/2609/2563 2534/2437/2378
f 2906/2610/2564 2534/2437/2378 2908/2440/2381
f 2905/2439/2380 2893/2629/2582 2527/2628/2581
f 2905/2439/2380 2527/2628/2581 2908/2440/2381
f 2907/2030/1987 2540/2597/2553 2893/2629/2582
f 2907/2030/1987 2893/2629/2582 2905/2439/2380
f 2615/2483/2464 3237/2482/2583 3224/2522/2477
f 2615/2483/2464 3224/2522/2477 2605/2512/2459
f 2679/2630/2584 2617/2486/2430 697/949/941
f 2679/2630/2584 697/949/941 699/1095/1099
f 3097/2631/2585 3116/2599/2555 2913/2499/2445
f 3097/2631/2585 2913/2499/2445 2912/2498/2444
f 1822/2542/2496 2452/2541/2495 2468/2632/2586
f 1822/2542/2496 2468/2632/2586 1838/2633/2586
f 2366/2634/2587 2082/2635/2588 2701/2636/2589
f 2366/2634/2587 2701/2636/2589 2926/2637/2587
f 2961/2132/2088 2359/2131/2087 2371/2202/2156
f 2961/2132/2088 2371/2202/2156 2367/2201/2155
f 2475/2593/2549 2349/2398/2344 2512/2400/2346
f 2513/2638/2590 2500/2405/2349 2529/2408/2352
f 2507/2435/2376 2500/2405/2349 2513/2638/2590
f 2507/2435/2376 2513/2638/2590 2516/2436/2377
f 3059/2639/2591 3005/2640/2592 3024/2625/2578
f 3059/2639/2591 3024/2625/2578 3070/2624/2577
f 2352/2641/2593 2886/2180/2134 2923/2092/2051
f 2352/2641/2593 2923/2092/2051 2919/2622/2575
f 2690/2642/2594 2693/2601/2556 2922/2423/2366
f 2690/2642/2594 2922/2423/2366 2921/2643/2595
s 0
f 3011/2644/2596 3051/2645/2597 3053/2646/2597
s 1
f 3011/2644/2598 3053/2646/2599 3017/2647/2600
f 2497/2410/2354 2519/2409/2353 3002/2648/2601
f 2497/2410/2354 3002/2648/2601 3012/2649/2602
f 1737/2650/2603 2372/2651/2604 2361/2652/2605
f 1737/2650/2603 2361/2652/2605 1726/2653/2605
f 1730/2654/2606 2365/2655/2607 2748/2656/2608
f 1730/2654/2606 2748/2656/2608 2125/2657/2609
f 2125/2657/2609 2748/2656/2608 2372/2651/2604
f 2125/2657/2609 2372/2651/2604 1737/2650/2603
f 1743/2658/2610 2378/2659/2610 2750/2660/2611
f 1743/2658/2610 2750/2660/2611 2127/2661/2612
f 2127/2661/2612 2750/2660/2611 2380/2662/2613
f 2127/2661/2612 2380/2662/2613 1745/2663/2614
f 1745/2663/2614 2380/2662/2613 2752/2664/2615
f 1745/2663/2614 2752/2664/2615 2129/2665/2616
f 2129/2665/2616 2752/2664/2615 2394/2666/2617
f 2129/2665/2616 2394/2666/2617 1759/2667/2618
f 1749/2668/2619 2385/2669/2620 2403/2670/2621
f 1749/2668/2619 2403/2670/2621 1772/2671/2621
f 2131/2323/2271 2754/2322/2270 1962/2672/2622
f 2131/2323/2271 1962/2672/2622 1767/2673/2622
f 2135/2674/2623 2758/2675/2624 2756/2321/2269
f 2135/2674/2623 2756/2321/2269 2133/2320/2268
f 2203/2676/2625 2826/2677/2626 2824/2678/2627
f 2203/2676/2625 2824/2678/2627 2201/2679/2628
f 1753/2680/2629 2388/2681/2630 2758/2675/2624
f 1753/2680/2629 2758/2675/2624 2135/2674/2623
f 2137/2682/2631 2760/2683/2632 2388/2681/2630
f 2137/2682/2631 2388/2681/2630 1753/2680/2629
f 1755/2684/2633 2390/2685/2634 2760/2683/2632
f 1755/2684/2633 2760/2683/2632 2137/2682/2631
f 2139/2686/2635 2763/2687/2636 2390/2685/2634
f 2139/2686/2635 2390/2685/2634 1755/2684/2633
f 1757/2688/2637 2392/2689/2638 2764/2690/2636
f 1757/2688/2637 2764/2690/2636 2140/2691/2635
f 2142/2692/2639 2766/2693/2640 2392/2689/2638
f 2142/2692/2639 2392/2689/2638 1757/2688/2637
f 1759/2667/2618 2394/2666/2617 2766/2693/2640
f 1759/2667/2618 2766/2693/2640 2142/2692/2639
f 1726/2653/2605 2361/2652/2605 2768/2694/2641
f 1726/2653/2605 2768/2694/2641 2144/2695/2642
f 2144/2695/2642 2768/2694/2641 2378/2659/2610
f 2144/2695/2642 2378/2659/2610 1743/2658/2610
f 1739/2696/2643 2375/2697/2643 2407/2698/2644
f 1739/2696/2643 2407/2698/2644 1776/2699/2644
f 1778/2700/2645 2409/2701/2646 2777/2702/2647
f 1778/2700/2645 2777/2702/2647 2154/2703/2648
f 2154/2703/2648 2777/2702/2647 2376/2704/2649
f 2154/2703/2648 2376/2704/2649 1742/2705/2649
f 1769/2671/2650 2400/2670/2650 2779/2706/2651
f 1769/2671/2650 2779/2706/2651 2156/2707/2651
f 2156/2707/2651 2779/2706/2651 2415/2708/2652
f 2156/2707/2651 2415/2708/2652 1784/2709/2653
f 1773/2699/2654 2404/2698/2654 2781/2710/2655
f 1773/2699/2654 2781/2710/2655 2158/2711/2655
f 2158/2711/2655 2781/2710/2655 2417/2712/2656
f 2158/2711/2655 2417/2712/2656 1786/2713/2657
f 1781/2714/2658 2412/2715/2659 2784/2716/2660
f 1781/2714/2658 2784/2716/2660 2161/2717/2660
f 2161/2717/2660 2784/2716/2660 2386/2718/2661
f 2161/2717/2660 2386/2718/2661 1752/2719/2661
f 1795/2720/2662 2426/2721/2663 2794/2722/2664
f 1795/2720/2662 2794/2722/2664 2171/2723/2665
f 2171/2723/2665 2794/2722/2664 2437/2724/2666
f 2171/2723/2665 2437/2724/2666 1806/2725/2667
f 1797/2726/2668 2428/2727/2669 2796/2728/2670
f 1797/2726/2668 2796/2728/2670 2173/2729/2671
f 2173/2729/2671 2796/2728/2670 2439/2730/2672
f 2173/2729/2671 2439/2730/2672 1808/2731/2672
f 1803/2732/2673 2434/2733/2674 2799/2734/2675
f 1803/2732/2673 2799/2734/2675 2176/2735/2676
f 2176/2735/2676 2799/2734/2675 2423/2736/2677
f 2176/2735/2676 2423/2736/2677 1792/2737/2678
f 1800/2738/2679 2431/2739/2680 2801/2740/2681
f 1800/2738/2679 2801/2740/2681 2178/2741/2681
f 2178/2741/2681 2801/2740/2681 2420/2742/2682
f 2178/2741/2681 2420/2742/2682 1789/2743/2683
f 1806/2725/2667 2437/2724/2666 2448/2744/2684
f 1806/2725/2667 2448/2744/2684 1817/2745/2685
f 1808/2731/2672 2439/2730/2672 2450/2746/2686
f 1808/2731/2672 2450/2746/2686 1819/2747/2687
f 1814/2748/2688 2445/2749/2688 2434/2733/2674
f 1814/2748/2688 2434/2733/2674 1803/2732/2673
f 1811/2750/2689 2442/2751/2689 2431/2739/2680
f 1811/2750/2689 2431/2739/2680 1800/2738/2679
f 1784/2709/2653 2415/2708/2652 2804/2752/2690
f 1784/2709/2653 2804/2752/2690 2181/2753/2691
f 2181/2753/2691 2804/2752/2690 2426/2721/2663
f 2181/2753/2691 2426/2721/2663 1795/2720/2662
f 1789/2743/2683 2420/2742/2682 2807/2754/2692
f 1789/2743/2683 2807/2754/2692 2184/2755/2693
f 2184/2755/2693 2807/2754/2692 2409/2701/2646
f 2184/2755/2693 2409/2701/2646 1778/2700/2645
f 1786/2713/2657 2417/2712/2656 2808/2756/2694
f 1786/2713/2657 2808/2756/2694 2185/2757/2695
f 2185/2757/2695 2808/2756/2694 2428/2727/2669
f 2185/2757/2695 2428/2727/2669 1797/2726/2668
f 1792/2737/2678 2423/2736/2677 2811/2758/2696
f 1792/2737/2678 2811/2758/2696 2188/2759/2697
f 2188/2759/2697 2811/2758/2696 2412/2715/2659
f 2188/2759/2697 2412/2715/2659 1781/2714/2658
f 1826/2760/2698 2456/2761/2698 2812/2762/2699
f 1826/2760/2698 2812/2762/2699 2190/2763/2699
f 2190/2763/2699 2812/2762/2699 2454/2764/2700
f 2190/2763/2699 2454/2764/2700 1824/2765/2701
f 1838/2633/2586 2468/2632/2586 2466/2766/2702
f 1838/2633/2586 2466/2766/2702 1836/2767/2703
f 2192/2768/2704 2814/2769/2705 2456/2761/2698
f 2192/2768/2704 2456/2761/2698 1826/2760/2698
f 1828/2770/2706 2458/2771/2707 2814/2769/2705
f 1828/2770/2706 2814/2769/2705 2192/2768/2704
f 2194/2772/2708 2816/2773/2709 2458/2771/2707
f 2194/2772/2708 2458/2771/2707 1828/2770/2706
f 1830/2774/2710 2460/2775/2711 2816/2773/2709
f 1830/2774/2710 2816/2773/2709 2194/2772/2708
f 2196/2776/2712 2819/2777/2713 2460/2775/2711
f 2196/2776/2712 2460/2775/2711 1830/2774/2710
f 1832/2778/2714 2462/2779/2714 2819/2777/2713
f 1832/2778/2714 2819/2777/2713 2196/2776/2712
f 2198/2780/2715 2821/2781/2716 2462/2779/2714
f 2198/2780/2715 2462/2779/2714 1832/2778/2714
f 1834/2782/2717 2464/2783/2718 2821/2781/2716
f 1834/2782/2717 2821/2781/2716 2198/2780/2715
f 2200/2784/2628 2823/2785/2627 2464/2783/2718
f 2200/2784/2628 2464/2783/2718 1834/2782/2717
f 2209/2786/2719 2832/2787/2720 2826/2677/2626
f 2209/2786/2719 2826/2677/2626 2203/2676/2625
f 2205/2788/2721 2828/2789/2722 2472/2790/2723
f 2205/2788/2721 2472/2790/2723 1842/2791/2724
f 1836/2767/2703 2466/2766/2702 2828/2789/2722
f 1836/2767/2703 2828/2789/2722 2205/2788/2721
f 1824/2765/2701 2454/2764/2700 2830/2792/2725
f 1824/2765/2701 2830/2792/2725 2207/2793/2726
f 2303/2794/2727 2915/2795/2728 2470/2796/2729
f 2303/2794/2727 2470/2796/2729 1840/2797/2730
f 1842/2791/2724 2472/2790/2723 2832/2787/2720
f 1842/2791/2724 2832/2787/2720 2209/2786/2719
f 1914/2798/2731 2545/2799/2732 2543/2800/2733
f 1914/2798/2731 2543/2800/2733 1912/2801/2734
f 1910/2802/2735 2541/2803/2736 692/1273/1252
f 1910/2802/2735 692/1273/1252 21/1272/1251
f 2207/2793/2726 2830/2792/2725 2914/2804/2737
f 2207/2793/2726 2914/2804/2737 2302/2805/2738
f 2993/2806/1836 3016/2807/1836 3052/2808/1836
f 2993/2806/1836 3052/2808/1836 3033/2809/1836
f 2211/1887/1838 2834/1886/1837 2474/2810/2739
f 2211/1887/1838 2474/2810/2739 1844/2811/2740
f 1840/2797/2730 2470/2796/2729 2836/2812/2741
f 1840/2797/2730 2836/2812/2741 2213/2813/2742
f 2213/2813/2742 2836/2812/2741 2476/2814/2743
f 2213/2813/2742 2476/2814/2743 1846/2815/2743
f 1817/2745/2685 2448/2744/2684 2489/2816/2744
f 1817/2745/2685 2489/2816/2744 1858/2817/2745
f 1819/2747/2687 2450/2746/2686 2493/2818/2746
f 1819/2747/2687 2493/2818/2746 1862/2819/2746
f 1855/2546/2747 2486/2545/2747 2445/2749/2688
f 1855/2546/2747 2445/2749/2688 1814/2748/2688
f 1850/2536/2748 2481/2535/2748 2442/2751/2689
f 1850/2536/2748 2442/2751/2689 1811/2750/2689
f 1908/2820/2749 2539/2821/2750 2547/2822/2751
f 1908/2820/2749 2547/2822/2751 1916/2823/2752
f 1912/2801/2734 2543/2800/2733 2541/2803/2736
f 1912/2801/2734 2541/2803/2736 1910/2802/2735
f 1880/2824/2753 2511/2825/2753 2503/2826/2754
f 1880/2824/2753 2503/2826/2754 1873/2827/2755
f 1873/2827/2755 2503/2826/2754 2517/2828/2756
f 1873/2827/2755 2517/2828/2756 1886/2829/2756
f 2077/2830/2757 2696/2831/2758 2515/2832/2759
f 2077/2830/2757 2515/2832/2759 1884/2833/2760
f 1884/2833/2760 2515/2832/2759 2514/2834/2761
f 1884/2833/2760 2514/2834/2761 1882/2835/2762
f 1844/2811/2740 2474/2810/2739 2510/2836/2763
f 1844/2811/2740 2510/2836/2763 1879/2837/2763
f 1846/2815/2743 2476/2814/2743 2521/1881/1833
f 1846/2815/2743 2521/1881/1833 1890/1880/1832
f 1898/2838/2764 2531/2839/2764 2525/2840/2765
f 1898/2838/2764 2525/2840/2765 1893/2841/2766
f 3049/2842/2767 2738/2592/2548 2835/2594/2550
f 3049/2842/2767 2835/2594/2550 3055/2843/2768
f 2273/1848/1803 2998/1847/1802 2984/2844/2769
f 2273/1848/1803 2984/2844/2769 1894/2123/2079
f 1882/2835/2762 2514/2834/2761 2530/2845/2770
f 1882/2835/2762 2530/2845/2770 1897/2846/2771
f 2295/1930/1877 36/372/363 1470/1319/1291
f 2295/1930/1877 1470/1319/1291 3088/2847/2772
f 1916/2823/2752 2547/2822/2751 2545/2799/2732
f 1916/2823/2752 2545/2799/2732 1914/2798/2731
f 1960/2848/2773 2586/2849/2774 2854/2850/2775
f 1960/2848/2773 2854/2850/2775 2232/2851/2776
f 2232/2851/2776 2854/2850/2775 2589/2852/2777
f 2232/2851/2776 2589/2852/2777 1964/2853/2778
f 2236/2854/2779 2858/2855/2780 2591/2856/2781
f 2236/2854/2779 2591/2856/2781 1966/2857/2781
f 1966/2857/2781 2591/2856/2781 2860/2858/2782
f 1966/2857/2781 2860/2858/2782 2238/2859/2783
f 2006/2860/2784 2623/2861/2785 2632/2862/1305
f 2006/2860/2784 2632/2862/1305 2016/2863/1304
f 2018/2864/2786 2634/2865/2787 2630/2866/2788
f 2018/2864/2786 2630/2866/2788 2014/2867/2789
f 2016/2863/1304 2632/2862/1305 2636/2868/2790
s 0
f 2016/2863/1305 2636/2868/1305 2020/2869/1305
s 1
f 2021/2870/1305 2637/2871/1305 2634/2865/2787
f 2021/2870/1305 2634/2865/2787 2018/2864/2786
f 2029/2872/2791 2645/2873/2792 2870/2874/2793
f 2029/2872/2791 2870/2874/2793 2248/2875/2794
f 2248/2875/2794 2870/2874/2793 2641/2876/2795
f 2248/2875/2794 2641/2876/2795 2026/2877/2796
f 2014/2867/2789 2630/2866/2788 2645/2873/2792
f 2014/2867/2789 2645/2873/2792 2029/2872/2791
f 2973/2878/2797 2978/2879/2798 2968/2880/2799
f 2973/2878/2797 2968/2880/2799 2967/2881/2800
f 2965/2882/2801 2970/2883/2802 2934/2884/2803
f 2965/2882/2801 2934/2884/2803 2931/2885/2804
f 2041/2886/1925 2658/2887/2805 2660/2888/2806
f 2041/2886/1925 2660/2888/2806 2043/2889/2806
f 2043/2889/2806 2660/2888/2806 3251/2890/2807
f 2043/2889/2806 3251/2890/2807 3216/2891/2808
f 1623/1364/1330 698/946/938 2619/2487/2431
f 1623/1364/1330 2619/2487/2431 3241/2892/2809
f 2050/2893/2810 2667/2894/2810 2880/2895/2811
f 2050/2893/2810 2880/2895/2811 2257/2896/2812
f 2257/2896/2812 2880/2895/2811 2655/2897/2813
f 2257/2896/2812 2655/2897/2813 2038/2898/2814
f 2039/2899/2815 2656/2900/2813 2882/2901/2816
f 2039/2899/2815 2882/2901/2816 2259/2902/2817
f 2259/2902/2817 2882/2901/2816 2665/2903/2818
f 2259/2902/2817 2665/2903/2818 2048/2904/2818
f 2045/1976/1924 2662/1975/1923 2884/2905/2819
f 2045/1976/1924 2884/2905/2819 2261/2906/2820
f 2261/2906/2820 2884/2905/2819 2667/2894/2810
f 2261/2906/2820 2667/2894/2810 2050/2893/2810
f 2047/2904/2821 2664/2903/2821 2623/2861/2785
f 2047/2904/2821 2623/2861/2785 2006/2860/2784
f 2262/2137/2093 2309/2120/2076 3046/2907/2822
f 2262/2137/2093 3046/2907/2822 3036/2908/2823
f 2266/2909/2824 2890/2910/2825 3065/2911/2826
f 2266/2909/2824 3065/2911/2826 3043/2912/2827
f 1893/2841/2766 2525/2840/2765 2890/2910/2825
f 1893/2841/2766 2890/2910/2825 2266/2909/2824
f 3041/2913/2828 3067/2914/2829 3007/2915/2830
f 3041/2913/2828 3007/2915/2830 2987/2916/2831
f 1895/2099/2058 2528/2098/2057 2891/2917/2832
f 1895/2099/2058 2891/2917/2832 2268/2918/2833
f 2269/2919/2833 2892/2920/2832 2539/2821/2750
f 2269/2919/2833 2539/2821/2750 1908/2820/2749
f 1969/2921/2834 2593/2922/2835 2658/2887/2805
f 1969/2921/2834 2658/2887/2805 2041/2886/1925
s 0
f 1886/2829/2836 2517/2828/2836 2697/2923/1311
s 1
f 1886/2829/1305 2697/2923/2758 2078/2924/2758
f 2279/2925/2837 2022/2926/2838 1950/2927/2839
f 2279/2925/2837 1950/2927/2839 3080/2928/2840
f 2080/2116/2073 2699/2115/2072 2701/2636/2589
f 2080/2116/2073 2701/2636/2589 2082/2635/2588
f 2363/2929/2841 3072/2930/2842 2081/2931/2843
f 1964/2853/2778 2589/2852/2777 2858/2855/2780
f 1964/2853/2778 2858/2855/2780 2236/2854/2779
f 2238/2859/2783 2860/2858/2782 2593/2922/2835
f 2238/2859/2783 2593/2922/2835 1969/2921/2834
f 2588/2932/2844 2786/2492/2438 2855/2495/2441
f 2587/2933/2845 2924/2271/2220 2899/2270/2219
f 2587/2933/2845 2899/2270/2219 2785/2274/2223
f 1961/2934/2846 2774/2935/2847 2924/2271/2220
f 1961/2934/2846 2924/2271/2220 2587/2933/2845
f 2384/2936/2848 2783/2269/2218 2924/2271/2220
f 2384/2936/2848 2924/2271/2220 2774/2935/2847
f 2081/2931/2843 3072/2930/2842 2079/2937/2849
f 2929/2113/2070 2933/2938/2850 2938/2939/2851
f 2929/2113/2070 2938/2939/2851 2936/2114/2071
f 2933/2938/2850 2931/2885/2804 2934/2884/2803
f 2933/2938/2850 2934/2884/2803 2938/2939/2851
f 2644/2940/2852 2585/2941/2513 2875/2942/2853
f 2644/2940/2852 2875/2942/2853 2977/2943/2854
f 2957/2944/2147 2954/2945/2855 2917/2946/2148
f 1734/1648/1604 1738/1647/1603 1728/1639/1595
f 1734/1648/1604 1728/1639/1595 2947/1638/1594
f 2370/2332/2280 2471/2331/2279 2917/2946/2148
f 2370/2332/2280 2917/2946/2148 2954/2945/2855
f 2942/2947/2856 2945/1780/1735 2946/1781/1736
f 2942/2947/2856 2946/1781/1736 2949/2948/2857
f 2952/2949/2858 2955/1683/1639 2960/1682/1638
f 2952/2949/2858 2960/1682/1638 2962/2950/2859
f 2948/2951/2860 2121/1574/1533 2120/1573/1532
f 2948/2951/2860 2120/1573/1532 2941/2952/2861
f 2950/2953/2862 1727/2954/1618 2145/1691/1647
f 2950/2953/2862 2145/1691/1647 2122/1690/1646
f 2743/2239/2190 2767/2240/2191 2360/2955/2863
f 2743/2239/2190 2360/2955/2863 2959/2956/2864
f 2940/1652/1608 2300/1651/1607 2943/2957/2865
f 2965/2882/2801 2967/2881/2800 2968/2880/2799
f 2965/2882/2801 2968/2880/2799 2970/2883/2802
f 2972/2050/2006 2251/2049/2005 2974/2055/2011
f 2977/2943/2854 2875/2942/2853 2979/2562/2515
f 2973/2878/2797 2975/2958/2866 2976/2959/2867
f 2973/2878/2797 2976/2959/2867 2978/2879/2798
f 2027/2960/2796 2642/2961/2795 2976/2959/2867
f 2027/2960/2796 2976/2959/2867 2975/2958/2866
f 3001/1889/1840 3000/2086/2043 2982/2085/2042
f 3001/1889/1840 2982/2085/2042 2980/2135/2091
s 0
f 2994/2102/1886 2992/1939/1886 2990/1938/1886
f 2994/2102/1885 2990/1938/1885 2988/2103/1885
s 1
f 2981/1624/1581 2983/2140/2096 2989/2139/2095
f 2981/1624/1581 2989/2139/2095 2991/1625/1582
f 2997/1846/1801 2996/1853/1808 2999/1856/1811
f 2997/1846/1801 2999/1856/1811 2998/1847/1802
f 2986/1897/1845 2984/2844/2769 2998/1847/1802
f 2986/1897/1845 2998/1847/1802 2999/1856/1811
f 2996/1853/1808 2997/1846/1801 3000/2086/2043
f 2996/1853/1808 3000/2086/2043 3001/1889/1840
f 3025/2424/2367 3024/2625/2578 3005/2640/2592
f 3025/2424/2367 3005/2640/2592 3003/2421/2364
s 0
f 3017/2647/2868 3015/2607/2868 3013/2606/2868
f 3017/2647/2869 3013/2606/2870 3011/2644/2869
s 1
f 3002/2648/2601 3004/2459/2400 3010/2462/2403
f 3002/2648/2601 3010/2462/2403 3012/2649/2602
f 3020/2425/2368 3018/2392/2338 3023/2391/2337
f 3020/2425/2368 3023/2391/2337 3022/2426/2369
f 3008/2604/2558 3006/2433/2374 3022/2426/2369
f 3008/2604/2558 3022/2426/2369 3023/2391/2337
f 3019/2602/2338 3021/2626/2579 3024/2625/2578
f 3019/2602/2338 3024/2625/2578 3025/2424/2367
f 2985/2096/2055 2987/2916/2831 3007/2915/2830
f 2985/2096/2055 3007/2915/2830 3009/2097/2056
s 0
f 2993/2806/1835 2995/1883/1835 3014/1882/1835
f 2993/2806/1836 3014/1882/1834 3016/2807/1836
s 1
f 2309/2120/2076 2264/1890/1841 3038/2121/2077
f 2309/2120/2076 3038/2121/2077 3046/2907/2822
f 3039/1854/1809 3038/2121/2077 3045/2122/2078
f 3039/1854/1809 3045/2122/2078 3044/1855/1810
f 3044/1855/1810 3045/2122/2078 3042/2138/2094
f 3044/1855/1810 3042/2138/2094 3040/1896/1844
s 0
f 3028/2962/1886 3026/1941/1886 3032/1940/1886
f 3028/2962/1886 3032/1940/1886 3030/2963/1886
s 1
f 3047/1888/1839 3046/2907/2822 3038/2121/2077
f 3047/1888/1839 3038/2121/2077 3039/1854/1809
f 3027/1626/1583 3029/1865/1820 3037/1866/1821
f 3027/1626/1583 3037/1866/1821 3035/1627/1584
f 3034/2134/2090 3036/2908/2823 3046/2907/2822
f 3034/2134/2090 3046/2907/2822 3047/1888/1839
f 3062/2600/2053 3060/2428/2371 3069/2427/2370
f 3062/2600/2053 3069/2427/2370 3068/2417/2360
f 3068/2417/2360 3069/2427/2370 3066/2434/2375
f 3068/2417/2360 3066/2434/2375 3064/2418/2361
f 3051/2645/2871 3049/2842/2767 3055/2843/2768
f 3051/2645/2871 3055/2843/2768 3053/2646/2872
f 3071/2093/2052 3070/2624/2577 3061/2627/2580
f 3071/2093/2052 3061/2627/2580 3063/2094/2053
f 3048/2401/2347 3050/2461/2402 3058/2460/2401
f 3048/2401/2347 3058/2460/2401 3056/2402/2348
f 3057/2181/2135 3059/2639/2591 3070/2624/2577
f 3057/2181/2135 3070/2624/2577 3071/2093/2052
f 3031/1884/1836 3033/2809/1836 3052/2808/1836
s 0
f 3031/1884/1836 3052/2808/1836 3054/1885/1836
s 1
f 3041/2913/2828 3043/2912/2827 3065/2911/2826
f 3041/2913/2828 3065/2911/2826 3067/2914/2829
s 0
f 3028/2962/1886 3030/2963/1886 2210/2083/1886
f 3028/2962/1886 2210/2083/1886 2115/2082/1886
s 1
f 2639/2475/2419 2676/2478/2422 3097/2631/2585
f 2639/2475/2419 3097/2631/2585 3098/2964/2873
f 2363/2929/2841 1729/2965/2874 2297/2966/2875
f 2363/2929/2841 2297/2966/2875 3072/2930/2842
f 3079/2967/2876 3074/2968/2877 2022/2926/2838
f 3079/2967/2876 2022/2926/2838 2279/2925/2837
f 3079/2967/2876 2279/2925/2837 2932/2969/2878
f 3079/2967/2876 2932/2969/2878 2928/2970/2879
f 3072/2930/2842 2297/2966/2875 3074/2968/2877
f 3072/2930/2842 3074/2968/2877 3079/2967/2876
f 2023/1961/1907 3075/2125/2081 3073/1831/1785
f 2023/1961/1907 3073/1831/1785 2059/1830/1784
f 2222/1907/1854 1918/1937/1884 2227/1910/1857
f 2222/1907/1854 2227/1910/1857 2278/1905/1852
f 2060/1924/1871 1980/2971/2880 1993/2972/2881
f 2060/1924/1871 1993/2972/2881 2057/2002/1957
f 3072/2930/2842 3079/2967/2876 2928/2970/2879
f 3072/2930/2842 2928/2970/2879 2079/2937/2849
f 3080/2928/2840 1950/2927/2839 2233/2059/2015
f 3080/2928/2840 2233/2059/2015 3081/2058/2014
f 2930/2973/2882 3080/2928/2840 3081/2058/2014
f 2930/2973/2882 3081/2058/2014 2964/2974/2883
f 2932/2969/2878 2279/2925/2837 3080/2928/2840
f 2932/2969/2878 3080/2928/2840 2930/2973/2882
f 2964/2974/2883 3081/2058/2014 2032/2052/2008
f 2964/2974/2883 2032/2052/2008 2966/2051/2007
f 2650/2563/2516 2857/2975/2884 2971/2976/2885
f 2650/2563/2516 2971/2976/2885 2969/2564/2517
f 2875/2942/2853 2650/2563/2516 2979/2562/2515
f 2535/2449/2390 3082/2611/2565 2354/2387/2333
f 2535/2449/2390 2354/2387/2333 2925/2386/2332
f 2971/2976/2885 2857/2975/2884 2581/2618/2572
f 2971/2976/2885 2581/2618/2572 2935/2617/2571
f 2520/2422/2365 2356/2977/2886 2921/2643/2595
f 2520/2422/2365 2921/2643/2595 2922/2423/2366
f 2920/2612/2566 2354/2387/2333 3082/2611/2565
f 1677/1616/1575 4/2978/1410 6/2979/1410
f 1677/1616/1575 6/2979/1410 1680/1613/1572
f 1698/1612/1571 1703/1611/1570 1701/1615/1574
f 1698/1612/1571 1701/1615/1574 1700/1614/1573
f 2098/1598/1557 2107/1597/1556 2105/1600/1559
f 2098/1598/1557 2105/1600/1559 2100/1599/1558
f 2290/1929/1876 2291/1916/1863 3084/1922/1869
f 2290/1929/1876 3084/1922/1869 3090/2003/1958
f 30/1455/1411 27/1458/1413 1999/2980/1919
f 30/1455/1411 1999/2980/1919 2067/2981/2887
f 3073/1831/1785 2288/1965/1911 2299/1985/1935
f 3073/1831/1785 2299/1985/1935 3083/1828/1782
f 26/373/364 1932/1931/1878 1922/1908/1855
f 26/373/364 1922/1908/1855 25/350/341
f 2221/1935/1882 3078/1913/1860 1918/1937/1884
f 2221/1935/1882 1918/1937/1884 2222/1907/1854
f 2299/1985/1935 2228/1915/1862 3095/1936/1883
f 2299/1985/1935 3095/1936/1883 3093/2982/2888
f 3083/1828/1782 2299/1985/1935 3093/2982/2888
f 3083/1828/1782 3093/2982/2888 3091/1982/1932
f 1470/1319/1291 30/1455/1411 2067/2981/2887
f 1470/1319/1291 2067/2981/2887 3088/2847/2772
f 2061/1923/1870 1974/1955/2889 1980/2971/2880
f 2061/1923/1870 1980/2971/2880 2060/1924/1871
f 3104/2983/2890 2555/2455/2396 2553/2457/2398
f 3104/2983/2890 2553/2457/2398 3103/2984/2891
f 3111/2985/2892 3112/2986/2893 3105/2987/2894
f 3111/2985/2892 3105/2987/2894 3104/2983/2890
f 3111/2985/2892 3117/2988/2895 3118/2989/2896
f 3111/2985/2892 3118/2989/2896 3112/2986/2893
f 3118/2989/2896 3117/2988/2895 2681/2472/2416
f 3118/2989/2896 2681/2472/2416 2668/2022/2415
f 3110/2990/2897 3111/2985/2892 3104/2983/2890
f 3110/2990/2897 3104/2983/2890 3103/2984/2891
f 3115/2991/2898 1497/1471/1427 1496/1470/1426
f 3115/2991/2898 1496/1470/1426 3108/2992/2899
f 3128/2993/2900 2549/2446/2387 2850/2445/2386
f 3128/2993/2900 2850/2445/2386 2851/2450/2391
f 3099/2994/2901 2939/2995/2902 2935/2617/2571
f 3099/2994/2901 2935/2617/2571 2640/2619/2573
f 3117/2988/2895 3123/2996/2903 2684/2513/2461
f 3117/2988/2895 2684/2513/2461 2681/2472/2416
f 3105/2987/2894 2556/2453/2394 2555/2455/2396
f 3105/2987/2894 2555/2455/2396 3104/2983/2890
f 3115/2991/2898 3121/2997/2904 1516/1476/1432
f 3115/2991/2898 1516/1476/1432 1497/1471/1427
f 3110/2990/2897 3123/2996/2903 3117/2988/2895
f 3110/2990/2897 3117/2988/2895 3111/2985/2892
f 1496/1470/1426 696/907/896 2560/2447/2388
f 1496/1470/1426 2560/2447/2388 3108/2992/2899
f 2913/2499/2445 3126/2998/2905 3128/2993/2900
f 2913/2499/2445 3128/2993/2900 2851/2450/2391
f 2676/2478/2422 2894/2595/2551 3116/2599/2555
f 2676/2478/2422 3116/2599/2555 3097/2631/2585
f 1516/1476/1432 3121/2997/2904 2679/2630/2584
f 1516/1476/1432 2679/2630/2584 699/1095/1099
f 3124/2598/2554 3126/2998/2905 2913/2499/2445
f 3124/2598/2554 2913/2499/2445 3116/2599/2555
f 3101/2479/2423 2937/2481/2425 2939/2995/2902
f 3101/2479/2423 2939/2995/2902 3099/2994/2901
f 3098/2964/2873 3097/2631/2585 2912/2498/2444
f 3098/2964/2873 2912/2498/2444 3100/2999/2906
f 3100/2999/2906 2912/2498/2444 2535/2449/2390
f 3100/2999/2906 2535/2449/2390 2925/2386/2332
f 3167/3000/2907 3179/3001/2908 2685/3002/2909
f 3167/3000/2907 2685/3002/2909 2058/3003/2910
f 3092/3004/2911 3125/3005/2912 2675/3006/2913
f 3092/3004/2911 2675/3006/2913 2054/3007/2913
f 3094/3008/2914 3127/3009/2915 3125/3005/2912
f 3094/3008/2914 3125/3005/2912 3092/3004/2911
f 3096/3010/2916 3129/3011/2917 3127/3009/2915
f 3096/3010/2916 3127/3009/2915 3094/3008/2914
f 3096/3010/2916 1919/3012/2918 2551/3013/2918
f 3096/3010/2916 2551/3013/2918 3129/3011/2917
s 0
f 3077/3014/2919 2554/3015/2919 2550/3016/2919
f 3077/3014/2919 2550/3016/2919 1917/3017/2919
s 1
f 1926/3018/2920 3102/3019/2921 2552/3015/2922
f 1926/3018/2920 2552/3015/2922 3076/3014/2922
f 1926/3018/2920 2289/3020/2923 3109/3021/2924
f 1926/3018/2920 3109/3021/2924 3102/3019/2921
f 2289/3020/2923 3089/3022/2925 3122/3023/2926
f 2289/3020/2923 3122/3023/2926 3109/3021/2924
f 2055/3024/2927 2682/3025/2927 3122/3023/2926
f 2055/3024/2927 3122/3023/2926 3089/3022/2925
f 3141/3026/2928 3153/3027/2929 2680/3028/2930
f 3141/3026/2928 2680/3028/2930 2068/3029/2931
f 3086/3030/2932 3119/3031/2933 2671/3032/2934
f 3086/3030/2932 2671/3032/2934 2064/3033/2934
f 2293/3034/2935 3113/3035/2936 3119/3031/2933
f 2293/3034/2935 3119/3031/2933 3086/3030/2932
f 1930/3036/2937 3106/3037/2938 3113/3035/2936
f 1930/3036/2937 3113/3035/2936 2293/3034/2935
f 1930/3036/2937 1925/3038/2939 2558/3039/2939
f 1930/3036/2937 2558/3039/2939 3106/3037/2938
s 0
f 1921/3040/1469 2561/3041/1469 2557/3042/1469
f 1921/3040/1469 2557/3042/1469 1923/3043/1469
s 1
f 1931/3044/2940 3107/3045/2941 2559/3041/2942
f 1931/3044/2940 2559/3041/2942 1920/3040/2942
f 1931/3044/2940 2294/3046/2943 3114/3047/2944
f 1931/3044/2940 3114/3047/2944 3107/3045/2941
f 2294/3046/2943 3087/3048/2945 3120/3049/2946
f 2294/3046/2943 3120/3049/2946 3114/3047/2944
f 2065/3050/2947 2677/3051/2947 3120/3049/2946
f 2065/3050/2947 3120/3049/2946 3087/3048/2945
f 2062/3033/2948 2669/3032/2949 3155/3052/2950
f 2062/3033/2948 3155/3052/2950 3142/3053/2951
f 3142/3053/2951 3155/3052/2950 3153/3027/2929
f 3142/3053/2951 3153/3027/2929 3141/3026/2928
f 1864/3054/2952 2495/3055/2952 3147/3056/2953
f 1864/3054/2952 3147/3056/2953 3133/3057/2954
f 3133/3057/2954 3147/3056/2953 3144/2534/2491
f 3133/3057/2954 3144/2534/2491 3130/2533/2490
f 3238/2523/2955 3260/3058/2956 3146/3059/2957
f 3238/2523/2955 3146/3059/2957 2494/2328/2958
f 3157/2005/1962 3266/2004/1961 3265/3060/2959
f 3157/2005/1962 3265/3060/2959 3159/3061/2960
f 2618/2487/2961 2616/2486/2962 3149/3062/2963
f 2618/2487/2961 3149/3062/2963 3150/3063/2964
f 3150/3063/2964 3149/3062/2963 3148/2020/1979
f 3150/3063/2964 3148/2020/1979 3151/2464/2405
f 3252/3064/2965 3246/2511/2966 2620/2510/2534
f 3252/3064/2965 2620/2510/2534 2661/2584/2537
f 3261/3065/2967 3150/3063/2964 3151/2464/2405
f 3261/3065/2967 3151/2464/2405 3262/2463/2404
f 2616/2486/2962 2678/2630/2968 3152/3066/2969
f 2616/2486/2962 3152/3066/2969 3149/3062/2963
f 3149/3062/2963 3152/3066/2969 3154/2021/1980
f 3149/3062/2963 3154/2021/1980 3148/2020/1979
f 3132/2489/2433 3257/2488/2432 3203/2008/2970
f 3132/2489/2433 3203/2008/2970 1863/1779/2971
f 3260/3058/2956 3263/2381/2326 3145/2383/2329
f 3260/3058/2956 3145/2383/2329 3146/3059/2957
f 1977/1997/1900 3135/3067/2972 3139/1942/1887
f 1977/1997/1900 3139/1942/1887 1979/1945/1890
f 3135/3067/2972 3137/1971/1917 3138/1960/1906
f 3135/3067/2972 3138/1960/1906 3139/1942/1887
f 2066/2981/2973 1997/2980/1918 3136/3068/1917
f 2066/2981/2973 3136/3068/1917 3140/3069/2974
f 3140/3069/2974 3136/3068/1917 3134/1954/1899
f 3140/3069/2974 3134/1954/1899 3143/1953/1898
f 3186/1815/1769 1982/1818/1772 1978/1945/1951
f 3186/1815/1769 1978/1945/1951 3184/1944/2975
f 3138/1960/1906 3256/1959/1905 3259/1943/1888
f 3138/1960/1906 3259/1943/1888 3139/1942/1887
f 2052/3007/2976 2674/3006/2977 3181/3070/2978
f 2052/3007/2976 3181/3070/2978 3168/3071/2979
f 3168/3071/2979 3181/3070/2978 3179/3001/2908
f 3168/3071/2979 3179/3001/2908 3167/3000/2907
f 1859/3072/2980 2491/3073/2980 3173/3074/2981
f 1859/3072/2980 3173/3074/2981 3158/3075/2982
f 3158/3075/2982 3173/3074/2981 3170/2544/2498
f 3158/3075/2982 3170/2544/2498 3156/2543/2497
f 3234/2515/2983 3268/3076/2984 3172/3077/2985
f 3234/2515/2983 3172/3077/2985 2490/2325/2986
f 2607/2385/2331 3174/2384/2330 3180/3078/2987
f 2607/2385/2331 3180/3078/2987 2673/2596/2988
f 3174/2384/2330 3175/2518/2469 3178/2519/2472
f 3174/2384/2330 3178/2519/2472 3180/3078/2987
f 3240/2892/2989 2618/2487/2961 3150/3063/2964
f 3240/2892/2989 3150/3063/2964 3261/3065/2967
f 3269/2485/2429 3176/2484/2428 3177/2374/2320
f 3269/2485/2429 3177/2374/2320 3270/2373/2319
f 2614/2483/2427 2612/2514/2470 3175/2518/2469
f 2614/2483/2427 3175/2518/2469 3176/2484/2428
f 3176/2484/2428 3175/2518/2469 3174/2384/2330
f 3176/2484/2428 3174/2384/2330 3177/2374/2320
f 1991/2972/1793 3162/3079/2990 3166/3080/2991
f 1991/2972/1793 3166/3080/2991 2056/2002/2992
f 3162/3079/2990 3160/2089/2046 3169/2090/2049
f 3162/3079/2990 3169/2090/2049 3166/3080/2991
f 3159/3061/2960 3265/3060/2959 3199/2000/2993
f 3159/3061/2960 3199/2000/2993 1860/1775/2994
f 3268/3076/2984 3271/2516/2465 3171/2517/2468
f 3268/3076/2984 3171/2517/2468 3172/3077/2985
f 3217/2075/2032 2239/2012/1970 1987/1844/2027
f 3217/2075/2032 1987/1844/2027 3190/1843/2995
f 3164/1840/1795 3264/1966/1913 3267/1842/1797
f 3164/1840/1795 3267/1842/1797 3165/1841/1796
f 1986/2071/2996 3161/3081/2997 3165/1841/1796
f 1986/2071/2996 3165/1841/1796 1988/1844/1799
f 3161/3081/2997 3163/1838/1792 3164/1840/1795
f 3161/3081/2997 3164/1840/1795 3165/1841/1796
f 3184/1944/2975 3182/1837/1791 3187/1836/1790
f 3184/1944/2975 3187/1836/1790 3186/1815/1769
f 3190/1843/2995 3188/2001/1956 3218/1827/1781
f 3190/1843/2995 3218/1827/1781 3217/2075/2032
f 3217/2075/2032 3218/1827/1781 3196/1826/1780
f 3217/2075/2032 3196/1826/1780 3193/2074/2031
f 3186/1815/1769 3187/1836/1790 3200/2000/1954
f 3186/1815/1769 3200/2000/1954 3198/1816/1770
f 3267/1842/1797 3266/2004/1961 3189/2001/1960
f 3267/1842/1797 3189/2001/1960 3191/1843/1798
f 3259/1943/1888 3258/2006/1965 3183/1837/1964
f 3259/1943/1888 3183/1837/1964 3185/1944/1889
f 1583/1564/1527 1584/454/457 3204/2008/1967
f 1583/1564/1527 3204/2008/1967 3202/1958/2998
f 3192/1994/1945 3194/3082/1972 3207/3083/1971
f 3192/1994/1945 3207/3083/1971 3205/1950/1946
f 3213/3084/1943 3211/1947/1892 3206/1950/1895
f 3213/3084/1943 3206/1950/1895 3209/3083/1944
f 3221/2382/2409 3219/2466/2478 3224/2522/2477
f 3221/2382/2409 3224/2522/2477 3223/2468/2410
f 3227/2474/2418 3225/2376/2474 3255/2520/2473
f 3227/2474/2418 3255/2520/2473 3254/2371/2317
f 3254/2371/2317 3255/2520/2473 3232/2585/2538
f 3254/2371/2317 3232/2585/2538 3229/2372/2318
f 3223/2468/2410 3224/2522/2477 3237/2482/2583
f 3223/2468/2410 3237/2482/2583 3235/2515/2463
f 3271/2516/2465 3270/2373/2319 3226/2376/2322
f 3271/2516/2465 3226/2376/2322 3228/2474/2466
f 3263/2381/2326 3262/2463/2404 3220/2466/2407
f 3263/2381/2326 3220/2466/2407 3222/2382/2327
f 1622/985/989 1623/1364/1330 3241/2892/2809
f 1622/985/989 3241/2892/2809 3239/2523/2479
f 3230/3085/2482 3233/2508/2455 3247/2511/2458
f 3230/3085/2482 3247/2511/2458 3244/3086/2483
f 3252/3064/2965 3248/3087/2454 3242/3086/2999
f 3252/3064/2965 3242/3086/2999 3246/2511/2966
f 3212/1973/1921 3215/3088/2808 3250/3089/3000
f 3212/1973/1921 3250/3089/3000 3253/1974/1922
f 3201/1958/1904 3203/2008/2970 3257/2488/2432
f 3201/1958/1904 3257/2488/2432 3256/1959/1905
f 3256/1959/1905 3257/2488/2432 3258/2006/1965
f 3256/1959/1905 3258/2006/1965 3259/1943/1888
f 3238/2523/2955 3240/2892/2989 3261/3065/2967
f 3238/2523/2955 3261/3065/2967 3260/3058/2956
f 3260/3058/2956 3261/3065/2967 3262/2463/2404
f 3260/3058/2956 3262/2463/2404 3263/2381/2326
f 3197/1816/1912 3199/2000/2993 3265/3060/2959
f 3197/1816/1912 3265/3060/2959 3264/1966/1913
f 3264/1966/1913 3265/3060/2959 3266/2004/1961
f 3264/1966/1913 3266/2004/1961 3267/1842/1797
f 3234/2515/2983 3236/2482/2426 3269/2485/2429
f 3234/2515/2983 3269/2485/2429 3268/3076/2984
f 3268/3076/2984 3269/2485/2429 3270/2373/2319
f 3268/3076/2984 3270/2373/2319 3271/2516/2465
f 29/417/409 1583/1564/1527 3202/1958/2998
f 29/417/409 3202/1958/2998 2002/1957/1920
f 2532/2412/2356 3082/2611/2565 2535/2449/2390
